<?xml version="1.0" encoding="UTF-8"?>

<Bundle xmlns="http://hl7.org/fhir">
  <id value="e57cf6e7-18e5-4804-902f-fcaca0d09364"/>
  <meta>
    <lastUpdated value="2021-09-15T16:24:56.999-07:00"/>
  </meta>
  <type value="collection"/>
  <entry>
    <fullUrl value="http://paciowg.github.io/cognitive-status-ig/ValueSet/pacio-cat-vs"/>
    <resource>
      <ValueSet>
        <id value="pacio-cat-vs"/>
        <text>
          <status value="generated"/>
          <div xmlns="http://www.w3.org/1999/xhtml">
            <p>This value set contains 10 concepts</p>
            <div style="border: black 1px dotted; background-color: #EEEEEE; padding: 8px; margin-bottom: 8px">
              <p>Expansion based on: </p>
              <ul>
                <li>
                  <a href="CodeSystem-pacio-cat-cs.html">PACIO Functioning Category Code System v0.1.0 (CodeSystem)</a>
                </li>
                <li>
                  <a href="http://terminology.hl7.org/2.1.0/CodeSystem-observation-category.html">Observation Category Codes v0.1.0 (CodeSystem)</a>
                </li>
                <li>
                  <a href="http://hl7.org/fhir/R4/valueset-observation-category.html">Observation Category Codes v4.0.1 (ValueSet)</a>
                </li>
              </ul>
            </div>
            <table class="codes">
              <tr>
                <td style="white-space:nowrap">
                  <b>Code</b>
                </td>
                <td>
                  <b>System</b>
                </td>
                <td>
                  <b>Display</b>
                </td>
                <td>
                  <b>Definition</b>
                </td>
              </tr>
              <tr>
                <td style="white-space:nowrap">
                  <a name="http---terminology.hl7.org-CodeSystem-observation-category-social-history"> </a>
                  <a href="http://terminology.hl7.org/2.1.0/CodeSystem-observation-category.html#observation-category-social-history">social-history</a>
                </td>
                <td>http://terminology.hl7.org/CodeSystem/observation-category</td>
                <td>Social History</td>
                <td>Social History Observations define the patient&#39;s occupational, personal (e.g., lifestyle), social, familial, and environmental history and health risk factors that may impact the patient&#39;s health.</td>
              </tr>
              <tr>
                <td style="white-space:nowrap">
                  <a name="http---terminology.hl7.org-CodeSystem-observation-category-vital-signs"> </a>
                  <a href="http://terminology.hl7.org/2.1.0/CodeSystem-observation-category.html#observation-category-vital-signs">vital-signs</a>
                </td>
                <td>http://terminology.hl7.org/CodeSystem/observation-category</td>
                <td>Vital Signs</td>
                <td>Clinical observations measure the body&#39;s basic functions such as blood pressure, heart rate, respiratory rate, height, weight, body mass index, head circumference, pulse oximetry, temperature, and body surface area.</td>
              </tr>
              <tr>
                <td style="white-space:nowrap">
                  <a name="http---terminology.hl7.org-CodeSystem-observation-category-imaging"> </a>
                  <a href="http://terminology.hl7.org/2.1.0/CodeSystem-observation-category.html#observation-category-imaging">imaging</a>
                </td>
                <td>http://terminology.hl7.org/CodeSystem/observation-category</td>
                <td>Imaging</td>
                <td>Observations generated by imaging. The scope includes observations regarding plain x-ray, ultrasound, CT, MRI, angiography, echocardiography, and nuclear medicine.</td>
              </tr>
              <tr>
                <td style="white-space:nowrap">
                  <a name="http---terminology.hl7.org-CodeSystem-observation-category-laboratory"> </a>
                  <a href="http://terminology.hl7.org/2.1.0/CodeSystem-observation-category.html#observation-category-laboratory">laboratory</a>
                </td>
                <td>http://terminology.hl7.org/CodeSystem/observation-category</td>
                <td>Laboratory</td>
                <td>The results of observations generated by laboratories.  Laboratory results are typically generated by laboratories providing analytic services in areas such as chemistry, hematology, serology, histology, cytology, anatomic pathology (including digital pathology), microbiology, and/or virology. These observations are based on analysis of specimens obtained from the patient and submitted to the laboratory.</td>
              </tr>
              <tr>
                <td style="white-space:nowrap">
                  <a name="http---terminology.hl7.org-CodeSystem-observation-category-procedure"> </a>
                  <a href="http://terminology.hl7.org/2.1.0/CodeSystem-observation-category.html#observation-category-procedure">procedure</a>
                </td>
                <td>http://terminology.hl7.org/CodeSystem/observation-category</td>
                <td>Procedure</td>
                <td>Observations generated by other procedures.  This category includes observations resulting from interventional and non-interventional procedures excluding laboratory and imaging (e.g., cardiology catheterization, endoscopy, electrodiagnostics, etc.).  Procedure results are typically generated by a clinician to provide more granular information about component observations made during a procedure.  An example would be when a gastroenterologist reports the size of a polyp observed during a colonoscopy.</td>
              </tr>
              <tr>
                <td style="white-space:nowrap">
                  <a name="http---terminology.hl7.org-CodeSystem-observation-category-survey"> </a>
                  <a href="http://terminology.hl7.org/2.1.0/CodeSystem-observation-category.html#observation-category-survey">survey</a>
                </td>
                <td>http://terminology.hl7.org/CodeSystem/observation-category</td>
                <td>Survey</td>
                <td>Assessment tool/survey instrument observations (e.g., Apgar Scores, Montreal Cognitive Assessment (MoCA)).</td>
              </tr>
              <tr>
                <td style="white-space:nowrap">
                  <a name="http---terminology.hl7.org-CodeSystem-observation-category-exam"> </a>
                  <a href="http://terminology.hl7.org/2.1.0/CodeSystem-observation-category.html#observation-category-exam">exam</a>
                </td>
                <td>http://terminology.hl7.org/CodeSystem/observation-category</td>
                <td>Exam</td>
                <td>Observations generated by physical exam findings including direct observations made by a clinician and use of simple instruments and the result of simple maneuvers performed directly on the patient&#39;s body.</td>
              </tr>
              <tr>
                <td style="white-space:nowrap">
                  <a name="http---terminology.hl7.org-CodeSystem-observation-category-therapy"> </a>
                  <a href="http://terminology.hl7.org/2.1.0/CodeSystem-observation-category.html#observation-category-therapy">therapy</a>
                </td>
                <td>http://terminology.hl7.org/CodeSystem/observation-category</td>
                <td>Therapy</td>
                <td>Observations generated by non-interventional treatment protocols (e.g. occupational, physical, radiation, nutritional and medication therapy)</td>
              </tr>
              <tr>
                <td style="white-space:nowrap">
                  <a name="http---terminology.hl7.org-CodeSystem-observation-category-activity"> </a>
                  <a href="http://terminology.hl7.org/2.1.0/CodeSystem-observation-category.html#observation-category-activity">activity</a>
                </td>
                <td>http://terminology.hl7.org/CodeSystem/observation-category</td>
                <td>Activity</td>
                <td>Observations that measure or record any bodily activity that enhances or maintains physical fitness and overall health and wellness.  Not under direct supervision of practitioner such as a physical therapist. (e.g., laps swum, steps, sleep data)</td>
              </tr>
              <tr>
                <td style="white-space:nowrap">
                  <a name="http---paciowg.github.io-cognitive-status-ig-CodeSystem-pacio-cat-cs-functioning"> </a>
                  <a href="CodeSystem-pacio-cat-cs.html#pacio-cat-cs-functioning">functioning</a>
                </td>
                <td>http://paciowg.github.io/cognitive-status-ig/CodeSystem/pacio-cat-cs</td>
                <td>Functioning</td>
                <td>Functioning is an umbrella term for body function, body structures, activities, and participation in societal roles. An individual’s functioning represents a dynamic interaction between their health condition, environmental factors, and personal factors. Taking a broad view of health that encompasses physical, mental, and social well-being, includes optimizing functioning as a component of optimizing their health. Characterizing an individual’s functioning includes both understanding the severity of an individual’s signs, symptoms, impairments and limitations, and how they correspond with day-to-day activities. Functioning also serves as a key health outcome within health care.</td>
              </tr>
            </table>
          </div>
        </text>
        <url value="http://paciowg.github.io/cognitive-status-ig/ValueSet/pacio-cat-vs"/>
        <version value="0.1.0"/>
        <name value="PACIOFunctioningCategoryVS"/>
        <title value="PACIO Functioning Category Value Set"/>
        <status value="active"/>
        <date value="2021-09-15T16:24:56-07:00"/>
        <publisher value="HL7 Patient Care Work Group"/>
        <contact>
          <name value="HL7 Patient Care Work Group"/>
          <telecom>
            <system value="url"/>
            <value value="http://www.hl7.org/Special/committees/patientcare"/>
          </telecom>
          <telecom>
            <system value="email"/>
            <value value="patientcare@lists.HL7.org"/>
          </telecom>
        </contact>
        <contact>
          <name value="PACIO project"/>
          <telecom>
            <system value="url"/>
            <value value="http://www.hl7.org/Special/committees/patientcare/"/>
          </telecom>
          <telecom>
            <system value="email"/>
            <value value="info@pacioproject.org"/>
          </telecom>
        </contact>
        <description value="Codes for the classification of patient observation. This is an extension of the ObservationCategoryCodes value set"/>
        <jurisdiction>
          <coding>
            <system value="urn:iso:std:iso:3166"/>
            <code value="US"/>
          </coding>
        </jurisdiction>
        <expansion>
          <identifier value="urn:uuid:aabbb977-2d2e-4896-aa49-6f6055745ee5"/>
          <timestamp value="2021-09-15T16:26:15-07:00"/>
          <total value="10"/>
          <parameter>
            <name value="excludeNested"/>
            <valueBoolean value="false"/>
          </parameter>
          <parameter>
            <name value="version"/>
            <valueUri value="http://hl7.org/fhir/ValueSet/observation-category|4.0.1"/>
          </parameter>
          <parameter>
            <name value="version"/>
            <valueUri value="http://terminology.hl7.org/CodeSystem/observation-category|0.1.0"/>
          </parameter>
          <parameter>
            <name value="version"/>
            <valueUri value="http://paciowg.github.io/cognitive-status-ig/CodeSystem/pacio-cat-cs|0.1.0"/>
          </parameter>
          <contains>
            <system value="http://terminology.hl7.org/CodeSystem/observation-category"/>
            <abstract value="false"/>
            <inactive value="false"/>
            <code value="social-history"/>
            <display value="Social History"/>
          </contains>
          <contains>
            <system value="http://terminology.hl7.org/CodeSystem/observation-category"/>
            <abstract value="false"/>
            <inactive value="false"/>
            <code value="vital-signs"/>
            <display value="Vital Signs"/>
          </contains>
          <contains>
            <system value="http://terminology.hl7.org/CodeSystem/observation-category"/>
            <abstract value="false"/>
            <inactive value="false"/>
            <code value="imaging"/>
            <display value="Imaging"/>
          </contains>
          <contains>
            <system value="http://terminology.hl7.org/CodeSystem/observation-category"/>
            <abstract value="false"/>
            <inactive value="false"/>
            <code value="laboratory"/>
            <display value="Laboratory"/>
          </contains>
          <contains>
            <system value="http://terminology.hl7.org/CodeSystem/observation-category"/>
            <abstract value="false"/>
            <inactive value="false"/>
            <code value="procedure"/>
            <display value="Procedure"/>
          </contains>
          <contains>
            <system value="http://terminology.hl7.org/CodeSystem/observation-category"/>
            <abstract value="false"/>
            <inactive value="false"/>
            <code value="survey"/>
            <display value="Survey"/>
          </contains>
          <contains>
            <system value="http://terminology.hl7.org/CodeSystem/observation-category"/>
            <abstract value="false"/>
            <inactive value="false"/>
            <code value="exam"/>
            <display value="Exam"/>
          </contains>
          <contains>
            <system value="http://terminology.hl7.org/CodeSystem/observation-category"/>
            <abstract value="false"/>
            <inactive value="false"/>
            <code value="therapy"/>
            <display value="Therapy"/>
          </contains>
          <contains>
            <system value="http://terminology.hl7.org/CodeSystem/observation-category"/>
            <abstract value="false"/>
            <inactive value="false"/>
            <code value="activity"/>
            <display value="Activity"/>
          </contains>
          <contains>
            <system value="http://paciowg.github.io/cognitive-status-ig/CodeSystem/pacio-cat-cs"/>
            <code value="functioning"/>
            <display value="Functioning"/>
          </contains>
        </expansion>
      </ValueSet>
    </resource>
  </entry>
</Bundle>