<?xml version="1.0" encoding="UTF-8"?>

<CodeSystem xmlns="http://hl7.org/fhir">
  <id value="shr-core-PerformanceGradingScaleCS"/>
  <text>
    <status value="generated"/><div xmlns="http://www.w3.org/1999/xhtml">
<p><b>PerformanceGradingScaleCS CodeSystem</b></p>
<p>A simple performance grading scale. Also useful for grading quality and knowledge.</p>
</div>
  </text>
  <url value="http://hl7.org/fhir/us/PACIO-cognitive-status/CodeSystem/shr-core-PerformanceGradingScaleCS"/>
  <version value="0.1.0"/>
  <name value="PerformanceGradingScaleCS"/>
  <title value="Performance Grading Scale CS"/>
  <status value="draft"/>
  <date value="2019-12-03T00:00:00+00:00"/>
  <publisher value="HL7 Patient Care WG and Community-Based Care and Privacy WG"/>
  <contact>
    <telecom>
      <system value="url"/>
      <value value="http://www.hl7.org/Special/committees/patientcare/"/>
    </telecom>
    <telecom>
      <system value="url"/>
      <value value="http://www.hl7.org/Special/committees/homehealth/"/>
    </telecom>
  </contact>
  <description value="A simple performance grading scale. Also useful for grading quality and knowledge."/>
  <caseSensitive value="true"/>
  <content value="complete"/>
  <count value="5"/>
  <concept>
    <code value="excellent"/>
    <display value="Excellent"/>
    <definition value="Excellent"/>
  </concept>
  <concept>
    <code value="very_good"/>
    <display value="Very good"/>
    <definition value="Very good"/>
  </concept>
  <concept>
    <code value="good"/>
    <display value="Good"/>
    <definition value="Good"/>
  </concept>
  <concept>
    <code value="fair"/>
    <display value="Fair"/>
    <definition value="Fair"/>
  </concept>
  <concept>
    <code value="poor"/>
    <display value="Poor"/>
    <definition value="Poor"/>
  </concept>
</CodeSystem>