<?xml version="1.0" encoding="UTF-8"?>

<ImplementationGuide xmlns="http://hl7.org/fhir">
  <id value="hl7.fhir.us.pacio-cs"/>
  <text>
    <status value="extensions"/><div xmlns="http://www.w3.org/1999/xhtml"><h2>PACIOCognitiveStatusImplementationGuide</h2><p>The official URL for this implementation guide is: </p><pre>http://paciowg.github.io/cognitive-status-ig/ImplementationGuide/hl7.fhir.us.pacio-cs</pre><div><p>To advance interoperable health data exchange between post-acute care (PAC) and other providers, patients, and key stakeholders</p>
</div></div>
  </text>
  <url value="http://paciowg.github.io/cognitive-status-ig/ImplementationGuide/hl7.fhir.us.pacio-cs"/>
  <version value="0.1.0"/>
  <name value="PACIOCognitiveStatusImplementationGuide"/>
  <title value="PACIO Cognitive Status Implementation Guide"/>
  <status value="active"/>
  <date value="2021-01-27T08:21:37-08:00"/>
  <publisher value="HL7 Patient Care Work Group"/>
  <contact>
    <name value="HL7 Patient Care Work Group"/>
    <telecom>
      <system value="url"/>
      <value value="http://www.hl7.org/Special/committees/patientcare"/>
    </telecom>
    <telecom>
      <system value="email"/>
      <value value="patientcare@lists.HL7.org"/>
    </telecom>
  </contact>
  <contact>
    <name value="PACIO project"/>
    <telecom>
      <system value="url"/>
      <value value="http://www.hl7.org/Special/committees/patientcare/"/>
    </telecom>
    <telecom>
      <system value="email"/>
      <value value="info@pacioproject.org"/>
    </telecom>
  </contact>
  <description value="To advance interoperable health data exchange between post-acute care (PAC) and other providers, patients, and key stakeholders"/>
  <jurisdiction>
    <coding>
      <system value="urn:iso:std:iso:3166"/>
      <code value="US"/>
    </coding>
  </jurisdiction>
  <packageId value="hl7.fhir.us.pacio-cs"/>
  <license value="CC0-1.0"/>
  <fhirVersion value="4.0.1"/>
  <dependsOn id="hl7_fhir_us_core">
    <uri value="http://hl7.org/fhir/us/core/ImplementationGuide/hl7.fhir.us.core"/>
    <packageId value="hl7.fhir.us.core"/>
    <version value="3.1.0"/>
  </dependsOn>
  <definition>
    <extension url="http://hl7.org/fhir/tools/StructureDefinition/ig-parameter">
      <extension url="code">
        <valueString value="copyrightyear"/>
      </extension>
      <extension url="value">
        <valueString value="2020+"/>
      </extension>
    </extension>
    <extension url="http://hl7.org/fhir/tools/StructureDefinition/ig-parameter">
      <extension url="code">
        <valueString value="releaselabel"/>
      </extension>
      <extension url="value">
        <valueString value="STU Ballot"/>
      </extension>
    </extension>
    <extension url="http://hl7.org/fhir/tools/StructureDefinition/ig-parameter">
      <extension url="code">
        <valueString value="show-inherited-invariants"/>
      </extension>
      <extension url="value">
        <valueString value="false"/>
      </extension>
    </extension>
    <extension url="http://hl7.org/fhir/tools/StructureDefinition/ig-parameter">
      <extension url="code">
        <valueString value="path-liquid"/>
      </extension>
      <extension url="value">
        <valueString value="template/liquid"/>
      </extension>
    </extension>
    <extension url="http://hl7.org/fhir/tools/StructureDefinition/ig-parameter">
      <extension url="code">
        <valueString value="path-liquid"/>
      </extension>
      <extension url="value">
        <valueString value="input/liquid"/>
      </extension>
    </extension>
    <extension url="http://hl7.org/fhir/tools/StructureDefinition/ig-parameter">
      <extension url="code">
        <valueString value="path-qa"/>
      </extension>
      <extension url="value">
        <valueString value="temp/qa"/>
      </extension>
    </extension>
    <extension url="http://hl7.org/fhir/tools/StructureDefinition/ig-parameter">
      <extension url="code">
        <valueString value="path-temp"/>
      </extension>
      <extension url="value">
        <valueString value="temp/pages"/>
      </extension>
    </extension>
    <extension url="http://hl7.org/fhir/tools/StructureDefinition/ig-parameter">
      <extension url="code">
        <valueString value="path-output"/>
      </extension>
      <extension url="value">
        <valueString value="output"/>
      </extension>
    </extension>
    <extension url="http://hl7.org/fhir/tools/StructureDefinition/ig-parameter">
      <extension url="code">
        <valueString value="path-suppressed-warnings"/>
      </extension>
      <extension url="value">
        <valueString value="input/ignoreWarnings.txt"/>
      </extension>
    </extension>
    <extension url="http://hl7.org/fhir/tools/StructureDefinition/ig-parameter">
      <extension url="code">
        <valueString value="path-history"/>
      </extension>
      <extension url="value">
        <valueString value="http://paciowg.github.io/cognitive-status-ig/history.html"/>
      </extension>
    </extension>
    <extension url="http://hl7.org/fhir/tools/StructureDefinition/ig-parameter">
      <extension url="code">
        <valueString value="template-html"/>
      </extension>
      <extension url="value">
        <valueString value="template-page.html"/>
      </extension>
    </extension>
    <extension url="http://hl7.org/fhir/tools/StructureDefinition/ig-parameter">
      <extension url="code">
        <valueString value="template-md"/>
      </extension>
      <extension url="value">
        <valueString value="template-page-md.html"/>
      </extension>
    </extension>
    <extension url="http://hl7.org/fhir/tools/StructureDefinition/ig-parameter">
      <extension url="code">
        <valueString value="apply-contact"/>
      </extension>
      <extension url="value">
        <valueString value="true"/>
      </extension>
    </extension>
    <extension url="http://hl7.org/fhir/tools/StructureDefinition/ig-parameter">
      <extension url="code">
        <valueString value="apply-context"/>
      </extension>
      <extension url="value">
        <valueString value="true"/>
      </extension>
    </extension>
    <extension url="http://hl7.org/fhir/tools/StructureDefinition/ig-parameter">
      <extension url="code">
        <valueString value="apply-copyright"/>
      </extension>
      <extension url="value">
        <valueString value="true"/>
      </extension>
    </extension>
    <extension url="http://hl7.org/fhir/tools/StructureDefinition/ig-parameter">
      <extension url="code">
        <valueString value="apply-jurisdiction"/>
      </extension>
      <extension url="value">
        <valueString value="true"/>
      </extension>
    </extension>
    <extension url="http://hl7.org/fhir/tools/StructureDefinition/ig-parameter">
      <extension url="code">
        <valueString value="apply-license"/>
      </extension>
      <extension url="value">
        <valueString value="true"/>
      </extension>
    </extension>
    <extension url="http://hl7.org/fhir/tools/StructureDefinition/ig-parameter">
      <extension url="code">
        <valueString value="apply-publisher"/>
      </extension>
      <extension url="value">
        <valueString value="true"/>
      </extension>
    </extension>
    <extension url="http://hl7.org/fhir/tools/StructureDefinition/ig-parameter">
      <extension url="code">
        <valueString value="apply-version"/>
      </extension>
      <extension url="value">
        <valueString value="true"/>
      </extension>
    </extension>
    <extension url="http://hl7.org/fhir/tools/StructureDefinition/ig-parameter">
      <extension url="code">
        <valueString value="active-tables"/>
      </extension>
      <extension url="value">
        <valueString value="true"/>
      </extension>
    </extension>
    <resource>
      <extension url="http://hl7.org/fhir/tools/StructureDefinition/resource-information">
        <valueString value="StructureDefinition:resource"/>
      </extension>
      <reference>
        <reference value="StructureDefinition/pacio-bcs"/>
      </reference>
      <name value="PACIO Bundled Cognitive Status"/>
      <description value="A point in time bundle of cognitive status observations for a patient."/>
      <exampleBoolean value="false"/>
    </resource>
    <resource>
      <extension url="http://hl7.org/fhir/tools/StructureDefinition/resource-information">
        <valueString value="StructureDefinition:resource"/>
      </extension>
      <reference>
        <reference value="StructureDefinition/pacio-cognition-qr"/>
      </reference>
      <name value="PACIO Cognition Questionnaire Response"/>
      <description value="A completed, or sections of a completed, CMS PAC assessment."/>
      <exampleBoolean value="false"/>
    </resource>
    <resource>
      <extension url="http://hl7.org/fhir/tools/StructureDefinition/resource-information">
        <valueString value="StructureDefinition:resource"/>
      </extension>
      <reference>
        <reference value="StructureDefinition/pacio-cs"/>
      </reference>
      <name value="PACIO Cognitive Status"/>
      <description value="An exchange of cognitive status data for a patient."/>
      <exampleBoolean value="false"/>
    </resource>
    <resource>
      <extension url="http://hl7.org/fhir/tools/StructureDefinition/resource-information">
        <valueString value="StructureDefinition:resource"/>
      </extension>
      <reference>
        <reference value="StructureDefinition/pacio-plcf"/>
      </reference>
      <name value="PACIO Prior Level of Cognitive Function"/>
      <description value="An exchange of prior level of cognitive function data for a patient. (The use of this profile is encouraged in the absence of formal prior level of cognitive assessments.)"/>
      <exampleBoolean value="false"/>
    </resource>
    <resource>
      <extension url="http://hl7.org/fhir/tools/StructureDefinition/resource-information">
        <valueString value="StructureDefinition:resource"/>
      </extension>
      <reference>
        <reference value="StructureDefinition/pacio-cs-dev"/>
      </reference>
      <name value="Use of Device"/>
      <description value="A device used by a Patient during a cognitive status assessment."/>
      <exampleBoolean value="false"/>
    </resource>
    <resource>
      <extension url="http://hl7.org/fhir/tools/StructureDefinition/resource-information">
        <valueString value="StructureDefinition:extension"/>
      </extension>
      <reference>
        <reference value="StructureDefinition/assistance-required"/>
      </reference>
      <name value="AssistanceRequired"/>
      <description value="Associated with prior level of cognitive function to provide indication of &#39;independent&#39; vs. &#39;assistance needed&#39;."/>
      <exampleBoolean value="false"/>
    </resource>
    <resource>
      <extension url="http://hl7.org/fhir/tools/StructureDefinition/resource-information">
        <valueString value="StructureDefinition:extension"/>
      </extension>
      <reference>
        <reference value="StructureDefinition/device-patient-used"/>
      </reference>
      <name value="DevicePatientUsed"/>
      <description value="A device used by a patient during a cognitive status assessment."/>
      <exampleBoolean value="false"/>
    </resource>
    <resource>
      <extension url="http://hl7.org/fhir/tools/StructureDefinition/resource-information">
        <valueString value="Observation"/>
      </extension>
      <reference>
        <reference value="Observation/BCS-Hospital-MMSE-1"/>
      </reference>
      <name value="BCS-Hospital-MMSE-1"/>
      <description value="An instance of BundledCognitiveStatus"/>
      <exampleCanonical value="http://paciowg.github.io/cognitive-status-ig/StructureDefinition/pacio-bcs"/>
    </resource>
    <resource>
      <extension url="http://hl7.org/fhir/tools/StructureDefinition/resource-information">
        <valueString value="Observation"/>
      </extension>
      <reference>
        <reference value="Observation/BCS-Hospital-MMSE-2"/>
      </reference>
      <name value="BCS-Hospital-MMSE-2"/>
      <description value="An instance of BundledCognitiveStatus"/>
      <exampleCanonical value="http://paciowg.github.io/cognitive-status-ig/StructureDefinition/pacio-bcs"/>
    </resource>
    <resource>
      <extension url="http://hl7.org/fhir/tools/StructureDefinition/resource-information">
        <valueString value="Observation"/>
      </extension>
      <reference>
        <reference value="Observation/BCS-Hospital-MOCA-1"/>
      </reference>
      <name value="BCS-Hospital-MOCA-1"/>
      <description value="An instance of BundledCognitiveStatus"/>
      <exampleCanonical value="http://paciowg.github.io/cognitive-status-ig/StructureDefinition/pacio-bcs"/>
    </resource>
    <resource>
      <extension url="http://hl7.org/fhir/tools/StructureDefinition/resource-information">
        <valueString value="Observation"/>
      </extension>
      <reference>
        <reference value="Observation/BCS-Hospital-MOCA-2"/>
      </reference>
      <name value="BCS-Hospital-MOCA-2"/>
      <description value="An instance of BundledCognitiveStatus"/>
      <exampleCanonical value="http://paciowg.github.io/cognitive-status-ig/StructureDefinition/pacio-bcs"/>
    </resource>
    <resource>
      <extension url="http://hl7.org/fhir/tools/StructureDefinition/resource-information">
        <valueString value="Observation"/>
      </extension>
      <reference>
        <reference value="Observation/BCS-SNF-BCAT-1"/>
      </reference>
      <name value="BCS-SNF-BCAT-1"/>
      <description value="An instance of BundledCognitiveStatus"/>
      <exampleCanonical value="http://paciowg.github.io/cognitive-status-ig/StructureDefinition/pacio-bcs"/>
    </resource>
    <resource>
      <extension url="http://hl7.org/fhir/tools/StructureDefinition/resource-information">
        <valueString value="Observation"/>
      </extension>
      <reference>
        <reference value="Observation/BCS-SNF-BIMS-1"/>
      </reference>
      <name value="BCS-SNF-BIMS-1"/>
      <description value="An instance of BundledCognitiveStatus"/>
      <exampleCanonical value="http://paciowg.github.io/cognitive-status-ig/StructureDefinition/pacio-bcs"/>
    </resource>
    <resource>
      <extension url="http://hl7.org/fhir/tools/StructureDefinition/resource-information">
        <valueString value="Observation"/>
      </extension>
      <reference>
        <reference value="Observation/BCS-SNF-BIMS-1-Ob-Question-1"/>
      </reference>
      <name value="BCS-SNF-BIMS-1-Ob-Question-1"/>
      <description value="An instance of CognitiveStatus"/>
      <exampleCanonical value="http://paciowg.github.io/cognitive-status-ig/StructureDefinition/pacio-cs"/>
    </resource>
    <resource>
      <extension url="http://hl7.org/fhir/tools/StructureDefinition/resource-information">
        <valueString value="Observation"/>
      </extension>
      <reference>
        <reference value="Observation/BCS-SNF-BIMS-1-Ob-Question-2"/>
      </reference>
      <name value="BCS-SNF-BIMS-1-Ob-Question-2"/>
      <description value="An instance of CognitiveStatus"/>
      <exampleCanonical value="http://paciowg.github.io/cognitive-status-ig/StructureDefinition/pacio-cs"/>
    </resource>
    <resource>
      <extension url="http://hl7.org/fhir/tools/StructureDefinition/resource-information">
        <valueString value="Observation"/>
      </extension>
      <reference>
        <reference value="Observation/BCS-SNF-BIMS-1-Ob-Question-3"/>
      </reference>
      <name value="BCS-SNF-BIMS-1-Ob-Question-3"/>
      <description value="An instance of CognitiveStatus"/>
      <exampleCanonical value="http://paciowg.github.io/cognitive-status-ig/StructureDefinition/pacio-cs"/>
    </resource>
    <resource>
      <extension url="http://hl7.org/fhir/tools/StructureDefinition/resource-information">
        <valueString value="Observation"/>
      </extension>
      <reference>
        <reference value="Observation/BCS-SNF-BIMS-1-Ob-Question-4"/>
      </reference>
      <name value="BCS-SNF-BIMS-1-Ob-Question-4"/>
      <description value="An instance of CognitiveStatus"/>
      <exampleCanonical value="http://paciowg.github.io/cognitive-status-ig/StructureDefinition/pacio-cs"/>
    </resource>
    <resource>
      <extension url="http://hl7.org/fhir/tools/StructureDefinition/resource-information">
        <valueString value="Observation"/>
      </extension>
      <reference>
        <reference value="Observation/BCS-SNF-BIMS-1-Ob-Question-5"/>
      </reference>
      <name value="BCS-SNF-BIMS-1-Ob-Question-5"/>
      <description value="An instance of CognitiveStatus"/>
      <exampleCanonical value="http://paciowg.github.io/cognitive-status-ig/StructureDefinition/pacio-cs"/>
    </resource>
    <resource>
      <extension url="http://hl7.org/fhir/tools/StructureDefinition/resource-information">
        <valueString value="Observation"/>
      </extension>
      <reference>
        <reference value="Observation/BCS-SNF-BIMS-1-Ob-Question-6"/>
      </reference>
      <name value="BCS-SNF-BIMS-1-Ob-Question-6"/>
      <description value="An instance of CognitiveStatus"/>
      <exampleCanonical value="http://paciowg.github.io/cognitive-status-ig/StructureDefinition/pacio-cs"/>
    </resource>
    <resource>
      <extension url="http://hl7.org/fhir/tools/StructureDefinition/resource-information">
        <valueString value="Observation"/>
      </extension>
      <reference>
        <reference value="Observation/BCS-SNF-BIMS-1-Ob-Question-7"/>
      </reference>
      <name value="BCS-SNF-BIMS-1-Ob-Question-7"/>
      <description value="An instance of CognitiveStatus"/>
      <exampleCanonical value="http://paciowg.github.io/cognitive-status-ig/StructureDefinition/pacio-cs"/>
    </resource>
    <resource>
      <extension url="http://hl7.org/fhir/tools/StructureDefinition/resource-information">
        <valueString value="Observation"/>
      </extension>
      <reference>
        <reference value="Observation/BCS-SNF-CAM-Admission-1"/>
      </reference>
      <name value="BCS-SNF-CAM-Admission-1"/>
      <description value="An instance of BundledCognitiveStatus"/>
      <exampleCanonical value="http://paciowg.github.io/cognitive-status-ig/StructureDefinition/pacio-bcs"/>
    </resource>
    <resource>
      <extension url="http://hl7.org/fhir/tools/StructureDefinition/resource-information">
        <valueString value="Observation"/>
      </extension>
      <reference>
        <reference value="Observation/BCS-SNF-CAM-Admission-1-Ob-Question-1"/>
      </reference>
      <name value="BCS-SNF-CAM-Admission-1-Ob-Question-1"/>
      <description value="An instance of CognitiveStatus"/>
      <exampleCanonical value="http://paciowg.github.io/cognitive-status-ig/StructureDefinition/pacio-cs"/>
    </resource>
    <resource>
      <extension url="http://hl7.org/fhir/tools/StructureDefinition/resource-information">
        <valueString value="Observation"/>
      </extension>
      <reference>
        <reference value="Observation/BCS-SNF-CAM-Admission-1-Ob-Question-3"/>
      </reference>
      <name value="BCS-SNF-CAM-Admission-1-Ob-Question-3"/>
      <description value="An instance of CognitiveStatus"/>
      <exampleCanonical value="http://paciowg.github.io/cognitive-status-ig/StructureDefinition/pacio-cs"/>
    </resource>
    <resource>
      <extension url="http://hl7.org/fhir/tools/StructureDefinition/resource-information">
        <valueString value="Observation"/>
      </extension>
      <reference>
        <reference value="Observation/BCS-SNF-CAM-Admission-1-Ob-Question-5"/>
      </reference>
      <name value="BCS-SNF-CAM-Admission-1-Ob-Question-5"/>
      <description value="An instance of CognitiveStatus"/>
      <exampleCanonical value="http://paciowg.github.io/cognitive-status-ig/StructureDefinition/pacio-cs"/>
    </resource>
    <resource>
      <extension url="http://hl7.org/fhir/tools/StructureDefinition/resource-information">
        <valueString value="Observation"/>
      </extension>
      <reference>
        <reference value="Observation/BCS-SNF-PHQ9-1"/>
      </reference>
      <name value="BCS-SNF-PHQ9-1"/>
      <description value="An instance of BundledCognitiveStatus"/>
      <exampleCanonical value="http://paciowg.github.io/cognitive-status-ig/StructureDefinition/pacio-bcs"/>
    </resource>
    <resource>
      <extension url="http://hl7.org/fhir/tools/StructureDefinition/resource-information">
        <valueString value="Observation"/>
      </extension>
      <reference>
        <reference value="Observation/BCS-SNF-PHQ9-1-Ob-Question-10"/>
      </reference>
      <name value="BCS-SNF-PHQ9-1-Ob-Question-10"/>
      <description value="An instance of CognitiveStatus"/>
      <exampleCanonical value="http://paciowg.github.io/cognitive-status-ig/StructureDefinition/pacio-cs"/>
    </resource>
    <resource>
      <extension url="http://hl7.org/fhir/tools/StructureDefinition/resource-information">
        <valueString value="Observation"/>
      </extension>
      <reference>
        <reference value="Observation/BCS-SNF-PHQ9-1-Ob-Question-11"/>
      </reference>
      <name value="BCS-SNF-PHQ9-1-Ob-Question-11"/>
      <description value="An instance of CognitiveStatus"/>
      <exampleCanonical value="http://paciowg.github.io/cognitive-status-ig/StructureDefinition/pacio-cs"/>
    </resource>
    <resource>
      <extension url="http://hl7.org/fhir/tools/StructureDefinition/resource-information">
        <valueString value="Observation"/>
      </extension>
      <reference>
        <reference value="Observation/BCS-SNF-PHQ9-1-Ob-Question-12"/>
      </reference>
      <name value="BCS-SNF-PHQ9-1-Ob-Question-12"/>
      <description value="An instance of CognitiveStatus"/>
      <exampleCanonical value="http://paciowg.github.io/cognitive-status-ig/StructureDefinition/pacio-cs"/>
    </resource>
    <resource>
      <extension url="http://hl7.org/fhir/tools/StructureDefinition/resource-information">
        <valueString value="Observation"/>
      </extension>
      <reference>
        <reference value="Observation/BCS-SNF-PHQ9-1-Ob-Question-13"/>
      </reference>
      <name value="BCS-SNF-PHQ9-1-Ob-Question-13"/>
      <description value="An instance of CognitiveStatus"/>
      <exampleCanonical value="http://paciowg.github.io/cognitive-status-ig/StructureDefinition/pacio-cs"/>
    </resource>
    <resource>
      <extension url="http://hl7.org/fhir/tools/StructureDefinition/resource-information">
        <valueString value="Observation"/>
      </extension>
      <reference>
        <reference value="Observation/BCS-SNF-PHQ9-1-Ob-Question-14"/>
      </reference>
      <name value="BCS-SNF-PHQ9-1-Ob-Question-14"/>
      <description value="An instance of CognitiveStatus"/>
      <exampleCanonical value="http://paciowg.github.io/cognitive-status-ig/StructureDefinition/pacio-cs"/>
    </resource>
    <resource>
      <extension url="http://hl7.org/fhir/tools/StructureDefinition/resource-information">
        <valueString value="Observation"/>
      </extension>
      <reference>
        <reference value="Observation/BCS-SNF-PHQ9-1-Ob-Question-15"/>
      </reference>
      <name value="BCS-SNF-PHQ9-1-Ob-Question-15"/>
      <description value="An instance of CognitiveStatus"/>
      <exampleCanonical value="http://paciowg.github.io/cognitive-status-ig/StructureDefinition/pacio-cs"/>
    </resource>
    <resource>
      <extension url="http://hl7.org/fhir/tools/StructureDefinition/resource-information">
        <valueString value="Observation"/>
      </extension>
      <reference>
        <reference value="Observation/BCS-SNF-PHQ9-1-Ob-Question-16"/>
      </reference>
      <name value="BCS-SNF-PHQ9-1-Ob-Question-16"/>
      <description value="An instance of CognitiveStatus"/>
      <exampleCanonical value="http://paciowg.github.io/cognitive-status-ig/StructureDefinition/pacio-cs"/>
    </resource>
    <resource>
      <extension url="http://hl7.org/fhir/tools/StructureDefinition/resource-information">
        <valueString value="Observation"/>
      </extension>
      <reference>
        <reference value="Observation/BCS-SNF-PHQ9-1-Ob-Question-17"/>
      </reference>
      <name value="BCS-SNF-PHQ9-1-Ob-Question-17"/>
      <description value="An instance of CognitiveStatus"/>
      <exampleCanonical value="http://paciowg.github.io/cognitive-status-ig/StructureDefinition/pacio-cs"/>
    </resource>
    <resource>
      <extension url="http://hl7.org/fhir/tools/StructureDefinition/resource-information">
        <valueString value="Observation"/>
      </extension>
      <reference>
        <reference value="Observation/BCS-SNF-PHQ9-1-Ob-Question-18"/>
      </reference>
      <name value="BCS-SNF-PHQ9-1-Ob-Question-18"/>
      <description value="An instance of CognitiveStatus"/>
      <exampleCanonical value="http://paciowg.github.io/cognitive-status-ig/StructureDefinition/pacio-cs"/>
    </resource>
    <resource>
      <extension url="http://hl7.org/fhir/tools/StructureDefinition/resource-information">
        <valueString value="Observation"/>
      </extension>
      <reference>
        <reference value="Observation/BCS-SNF-PHQ9-1-Ob-Question-19"/>
      </reference>
      <name value="BCS-SNF-PHQ9-1-Ob-Question-19"/>
      <description value="An instance of CognitiveStatus"/>
      <exampleCanonical value="http://paciowg.github.io/cognitive-status-ig/StructureDefinition/pacio-cs"/>
    </resource>
    <resource>
      <extension url="http://hl7.org/fhir/tools/StructureDefinition/resource-information">
        <valueString value="Observation"/>
      </extension>
      <reference>
        <reference value="Observation/BCS-SNF-PHQ9-1-Ob-Question-20"/>
      </reference>
      <name value="BCS-SNF-PHQ9-1-Ob-Question-20"/>
      <description value="An instance of CognitiveStatus"/>
      <exampleCanonical value="http://paciowg.github.io/cognitive-status-ig/StructureDefinition/pacio-cs"/>
    </resource>
    <resource>
      <extension url="http://hl7.org/fhir/tools/StructureDefinition/resource-information">
        <valueString value="Observation"/>
      </extension>
      <reference>
        <reference value="Observation/BCS-SNF-PHQ9-1-Ob-Question-21"/>
      </reference>
      <name value="BCS-SNF-PHQ9-1-Ob-Question-21"/>
      <description value="An instance of CognitiveStatus"/>
      <exampleCanonical value="http://paciowg.github.io/cognitive-status-ig/StructureDefinition/pacio-cs"/>
    </resource>
    <resource>
      <extension url="http://hl7.org/fhir/tools/StructureDefinition/resource-information">
        <valueString value="Observation"/>
      </extension>
      <reference>
        <reference value="Observation/BCS-SNF-PHQ9-1-Ob-Question-22"/>
      </reference>
      <name value="BCS-SNF-PHQ9-1-Ob-Question-22"/>
      <description value="An instance of CognitiveStatus"/>
      <exampleCanonical value="http://paciowg.github.io/cognitive-status-ig/StructureDefinition/pacio-cs"/>
    </resource>
    <resource>
      <extension url="http://hl7.org/fhir/tools/StructureDefinition/resource-information">
        <valueString value="Observation"/>
      </extension>
      <reference>
        <reference value="Observation/BCS-SNF-PHQ9-1-Ob-Question-23"/>
      </reference>
      <name value="BCS-SNF-PHQ9-1-Ob-Question-23"/>
      <description value="An instance of CognitiveStatus"/>
      <exampleCanonical value="http://paciowg.github.io/cognitive-status-ig/StructureDefinition/pacio-cs"/>
    </resource>
    <resource>
      <extension url="http://hl7.org/fhir/tools/StructureDefinition/resource-information">
        <valueString value="Observation"/>
      </extension>
      <reference>
        <reference value="Observation/BCS-SNF-PHQ9-1-Ob-Question-24"/>
      </reference>
      <name value="BCS-SNF-PHQ9-1-Ob-Question-24"/>
      <description value="An instance of CognitiveStatus"/>
      <exampleCanonical value="http://paciowg.github.io/cognitive-status-ig/StructureDefinition/pacio-cs"/>
    </resource>
    <resource>
      <extension url="http://hl7.org/fhir/tools/StructureDefinition/resource-information">
        <valueString value="Observation"/>
      </extension>
      <reference>
        <reference value="Observation/BCS-SNF-PHQ9-1-Ob-Question-25"/>
      </reference>
      <name value="BCS-SNF-PHQ9-1-Ob-Question-25"/>
      <description value="An instance of CognitiveStatus"/>
      <exampleCanonical value="http://paciowg.github.io/cognitive-status-ig/StructureDefinition/pacio-cs"/>
    </resource>
    <resource>
      <extension url="http://hl7.org/fhir/tools/StructureDefinition/resource-information">
        <valueString value="Observation"/>
      </extension>
      <reference>
        <reference value="Observation/BCS-SNF-PHQ9-1-Ob-Question-8"/>
      </reference>
      <name value="BCS-SNF-PHQ9-1-Ob-Question-8"/>
      <description value="An instance of CognitiveStatus"/>
      <exampleCanonical value="http://paciowg.github.io/cognitive-status-ig/StructureDefinition/pacio-cs"/>
    </resource>
    <resource>
      <extension url="http://hl7.org/fhir/tools/StructureDefinition/resource-information">
        <valueString value="Observation"/>
      </extension>
      <reference>
        <reference value="Observation/BCS-SNF-PHQ9-1-Ob-Question-9"/>
      </reference>
      <name value="BCS-SNF-PHQ9-1-Ob-Question-9"/>
      <description value="An instance of CognitiveStatus"/>
      <exampleCanonical value="http://paciowg.github.io/cognitive-status-ig/StructureDefinition/pacio-cs"/>
    </resource>
    <resource>
      <extension url="http://hl7.org/fhir/tools/StructureDefinition/resource-information">
        <valueString value="Observation"/>
      </extension>
      <reference>
        <reference value="Observation/BSJ-Prior-Level-Of-Cognitive-Function-1"/>
      </reference>
      <name value="BSJ-Prior-Level-Of-Cognitive-Function-1"/>
      <description value="An instance of PriorLevelOfCognitiveFunction"/>
      <exampleCanonical value="http://paciowg.github.io/cognitive-status-ig/StructureDefinition/pacio-plcf"/>
    </resource>
    <resource>
      <extension url="http://hl7.org/fhir/tools/StructureDefinition/resource-information">
        <valueString value="Organization"/>
      </extension>
      <reference>
        <reference value="Organization/Org-01"/>
      </reference>
      <name value="Org-01"/>
      <description value="An instance of Organization"/>
      <exampleBoolean value="true"/>
    </resource>
    <resource>
      <extension url="http://hl7.org/fhir/tools/StructureDefinition/resource-information">
        <valueString value="Organization"/>
      </extension>
      <reference>
        <reference value="Organization/Org-02"/>
      </reference>
      <name value="Org-02"/>
      <description value="An instance of Organization"/>
      <exampleBoolean value="true"/>
    </resource>
    <resource>
      <extension url="http://hl7.org/fhir/tools/StructureDefinition/resource-information">
        <valueString value="Organization"/>
      </extension>
      <reference>
        <reference value="Organization/Org-03"/>
      </reference>
      <name value="Org-03"/>
      <description value="An instance of Organization"/>
      <exampleBoolean value="true"/>
    </resource>
    <resource>
      <extension url="http://hl7.org/fhir/tools/StructureDefinition/resource-information">
        <valueString value="Location"/>
      </extension>
      <reference>
        <reference value="Location/Org-Loc-01"/>
      </reference>
      <name value="Org-Loc-01"/>
      <description value="An instance of Location"/>
      <exampleBoolean value="true"/>
    </resource>
    <resource>
      <extension url="http://hl7.org/fhir/tools/StructureDefinition/resource-information">
        <valueString value="Location"/>
      </extension>
      <reference>
        <reference value="Location/Org-Loc-02"/>
      </reference>
      <name value="Org-Loc-02"/>
      <description value="An instance of Location"/>
      <exampleBoolean value="true"/>
    </resource>
    <resource>
      <extension url="http://hl7.org/fhir/tools/StructureDefinition/resource-information">
        <valueString value="Location"/>
      </extension>
      <reference>
        <reference value="Location/Org-Loc-03"/>
      </reference>
      <name value="Org-Loc-03"/>
      <description value="An instance of Location"/>
      <exampleBoolean value="true"/>
    </resource>
    <resource>
      <extension url="http://hl7.org/fhir/tools/StructureDefinition/resource-information">
        <valueString value="Practitioner"/>
      </extension>
      <reference>
        <reference value="Practitioner/Practitioner-HoneyJones"/>
      </reference>
      <name value="Practitioner-HoneyJones"/>
      <description value="An instance of Practitioner"/>
      <exampleBoolean value="true"/>
    </resource>
    <resource>
      <extension url="http://hl7.org/fhir/tools/StructureDefinition/resource-information">
        <valueString value="Practitioner"/>
      </extension>
      <reference>
        <reference value="Practitioner/Practitioner-JennyGlass"/>
      </reference>
      <name value="Practitioner-JennyGlass"/>
      <description value="An instance of Practitioner"/>
      <exampleBoolean value="true"/>
    </resource>
    <resource>
      <extension url="http://hl7.org/fhir/tools/StructureDefinition/resource-information">
        <valueString value="Practitioner"/>
      </extension>
      <reference>
        <reference value="Practitioner/Practitioner-JohnSmith"/>
      </reference>
      <name value="Practitioner-JohnSmith"/>
      <description value="An instance of Practitioner"/>
      <exampleBoolean value="true"/>
    </resource>
    <resource>
      <extension url="http://hl7.org/fhir/tools/StructureDefinition/resource-information">
        <valueString value="Practitioner"/>
      </extension>
      <reference>
        <reference value="Practitioner/Practitioner-LunaBaskins"/>
      </reference>
      <name value="Practitioner-LunaBaskins"/>
      <description value="An instance of Practitioner"/>
      <exampleBoolean value="true"/>
    </resource>
    <resource>
      <extension url="http://hl7.org/fhir/tools/StructureDefinition/resource-information">
        <valueString value="Practitioner"/>
      </extension>
      <reference>
        <reference value="Practitioner/Practitioner-NoraOlogist"/>
      </reference>
      <name value="Practitioner-NoraOlogist"/>
      <description value="An instance of Practitioner"/>
      <exampleBoolean value="true"/>
    </resource>
    <resource>
      <extension url="http://hl7.org/fhir/tools/StructureDefinition/resource-information">
        <valueString value="QuestionnaireResponse"/>
      </extension>
      <reference>
        <reference value="QuestionnaireResponse/QResponse-Hospital-MMSE-1"/>
      </reference>
      <name value="QResponse-Hospital-MMSE-1"/>
      <description value="An instance of CognitionQuestionnaireResponse"/>
      <exampleCanonical value="http://paciowg.github.io/cognitive-status-ig/StructureDefinition/pacio-cognition-qr"/>
    </resource>
    <resource>
      <extension url="http://hl7.org/fhir/tools/StructureDefinition/resource-information">
        <valueString value="QuestionnaireResponse"/>
      </extension>
      <reference>
        <reference value="QuestionnaireResponse/QResponse-Hospital-MMSE-2"/>
      </reference>
      <name value="QResponse-Hospital-MMSE-2"/>
      <description value="An instance of CognitionQuestionnaireResponse"/>
      <exampleCanonical value="http://paciowg.github.io/cognitive-status-ig/StructureDefinition/pacio-cognition-qr"/>
    </resource>
    <resource>
      <extension url="http://hl7.org/fhir/tools/StructureDefinition/resource-information">
        <valueString value="QuestionnaireResponse"/>
      </extension>
      <reference>
        <reference value="QuestionnaireResponse/QResponse-Hospital-MOCA-1"/>
      </reference>
      <name value="QResponse-Hospital-MOCA-1"/>
      <description value="An instance of CognitionQuestionnaireResponse"/>
      <exampleCanonical value="http://paciowg.github.io/cognitive-status-ig/StructureDefinition/pacio-cognition-qr"/>
    </resource>
    <resource>
      <extension url="http://hl7.org/fhir/tools/StructureDefinition/resource-information">
        <valueString value="QuestionnaireResponse"/>
      </extension>
      <reference>
        <reference value="QuestionnaireResponse/QResponse-Hospital-MOCA-2"/>
      </reference>
      <name value="QResponse-Hospital-MOCA-2"/>
      <description value="An instance of CognitionQuestionnaireResponse"/>
      <exampleCanonical value="http://paciowg.github.io/cognitive-status-ig/StructureDefinition/pacio-cognition-qr"/>
    </resource>
    <resource>
      <extension url="http://hl7.org/fhir/tools/StructureDefinition/resource-information">
        <valueString value="QuestionnaireResponse"/>
      </extension>
      <reference>
        <reference value="QuestionnaireResponse/QResponse-SNF-BCAT-1"/>
      </reference>
      <name value="QResponse-SNF-BCAT-1"/>
      <description value="An instance of CognitionQuestionnaireResponse"/>
      <exampleCanonical value="http://paciowg.github.io/cognitive-status-ig/StructureDefinition/pacio-cognition-qr"/>
    </resource>
    <resource>
      <extension url="http://hl7.org/fhir/tools/StructureDefinition/resource-information">
        <valueString value="QuestionnaireResponse"/>
      </extension>
      <reference>
        <reference value="QuestionnaireResponse/QResponse-SNF-BIMS-1"/>
      </reference>
      <name value="QResponse-SNF-BIMS-1"/>
      <description value="An instance of CognitionQuestionnaireResponse"/>
      <exampleCanonical value="http://paciowg.github.io/cognitive-status-ig/StructureDefinition/pacio-cognition-qr"/>
    </resource>
    <resource>
      <extension url="http://hl7.org/fhir/tools/StructureDefinition/resource-information">
        <valueString value="QuestionnaireResponse"/>
      </extension>
      <reference>
        <reference value="QuestionnaireResponse/QResponse-SNF-CAM-Admission-1"/>
      </reference>
      <name value="QResponse-SNF-CAM-Admission-1"/>
      <description value="An instance of CognitionQuestionnaireResponse"/>
      <exampleCanonical value="http://paciowg.github.io/cognitive-status-ig/StructureDefinition/pacio-cognition-qr"/>
    </resource>
    <resource>
      <extension url="http://hl7.org/fhir/tools/StructureDefinition/resource-information">
        <valueString value="QuestionnaireResponse"/>
      </extension>
      <reference>
        <reference value="QuestionnaireResponse/QResponse-SNF-PHQ9-1"/>
      </reference>
      <name value="QResponse-SNF-PHQ9-1"/>
      <description value="An instance of CognitionQuestionnaireResponse"/>
      <exampleCanonical value="http://paciowg.github.io/cognitive-status-ig/StructureDefinition/pacio-cognition-qr"/>
    </resource>
    <resource>
      <extension url="http://hl7.org/fhir/tools/StructureDefinition/resource-information">
        <valueString value="PractitionerRole"/>
      </extension>
      <reference>
        <reference value="PractitionerRole/Role-RN"/>
      </reference>
      <name value="Role-RN"/>
      <description value="An instance of PractitionerRole"/>
      <exampleBoolean value="true"/>
    </resource>
    <resource>
      <extension url="http://hl7.org/fhir/tools/StructureDefinition/resource-information">
        <valueString value="PractitionerRole"/>
      </extension>
      <reference>
        <reference value="PractitionerRole/Role-SLP"/>
      </reference>
      <name value="Role-SLP"/>
      <description value="An instance of PractitionerRole"/>
      <exampleBoolean value="true"/>
    </resource>
    <resource>
      <extension url="http://hl7.org/fhir/tools/StructureDefinition/resource-information">
        <valueString value="Patient"/>
      </extension>
      <reference>
        <reference value="Patient/patientBSJ1"/>
      </reference>
      <name value="patientBSJ1"/>
      <description value="An instance of Patient"/>
      <exampleBoolean value="true"/>
    </resource>
    <resource>
      <extension url="http://hl7.org/fhir/tools/StructureDefinition/resource-information">
        <valueString value="Organization"/>
      </extension>
      <reference>
        <reference value="Organization/provider-org-01"/>
      </reference>
      <name value="provider-org-01"/>
      <description value="An instance of Organization"/>
      <exampleBoolean value="true"/>
    </resource>
    <resource>
      <extension url="http://hl7.org/fhir/tools/StructureDefinition/resource-information">
        <valueString value="Location"/>
      </extension>
      <reference>
        <reference value="Location/provider-org-loc-01"/>
      </reference>
      <name value="provider-org-loc-01"/>
      <description value="An instance of Location"/>
      <exampleBoolean value="true"/>
    </resource>
    <resource>
      <extension url="http://hl7.org/fhir/tools/StructureDefinition/resource-information">
        <valueString value="PractitionerRole"/>
      </extension>
      <reference>
        <reference value="PractitionerRole/provider-role-pcp"/>
      </reference>
      <name value="provider-role-pcp"/>
      <description value="An instance of Practitioner"/>
      <exampleBoolean value="true"/>
    </resource>
    <resource>
      <extension url="http://hl7.org/fhir/tools/StructureDefinition/resource-information">
        <valueString value="CapabilityStatement"/>
      </extension>
      <reference>
        <reference value="CapabilityStatement/pacio-cap"/>
      </reference>
      <name value="PACIO Cognitive Status Capability Statement"/>
      <description value="This Capability Statement defines the expected capabilities of a PACIO Cognitive Status FHIR server conforming to the PACIO Cognitive Status Implementation Guide."/>
      <exampleBoolean value="false"/>
    </resource>
    <page>
      <nameUrl value="toc.html"/>
      <title value="Table of Contents"/>
      <generation value="html"/>
      <page>
        <nameUrl value="index.html"/>
        <title value="Home"/>
        <generation value="markdown"/>
      </page>
      <page>
        <nameUrl value="cognitive_status_use_case.html"/>
        <title value="Cognitive Status Use Case"/>
        <generation value="markdown"/>
      </page>
      <page>
        <nameUrl value="profile_highlights_and_guidance.html"/>
        <title value="Profile Highlights and Guidance"/>
        <generation value="markdown"/>
      </page>
      <page>
        <nameUrl value="representative_assessments.html"/>
        <title value="Representative Assessments"/>
        <generation value="markdown"/>
      </page>
      <page>
        <nameUrl value="security_and_data_sharing.html"/>
        <title value="Security and Data Sharing"/>
        <generation value="markdown"/>
      </page>
      <page>
        <nameUrl value="underlying_technologies.html"/>
        <title value="Underlying Technologies"/>
        <generation value="markdown"/>
      </page>
    </page>
    <parameter>
      <code value="path-resource"/>
      <value value="input/capabilities"/>
    </parameter>
    <parameter>
      <code value="path-resource"/>
      <value value="input/examples"/>
    </parameter>
    <parameter>
      <code value="path-resource"/>
      <value value="input/extensions"/>
    </parameter>
    <parameter>
      <code value="path-resource"/>
      <value value="input/models"/>
    </parameter>
    <parameter>
      <code value="path-resource"/>
      <value value="input/operations"/>
    </parameter>
    <parameter>
      <code value="path-resource"/>
      <value value="input/profiles"/>
    </parameter>
    <parameter>
      <code value="path-resource"/>
      <value value="input/resources"/>
    </parameter>
    <parameter>
      <code value="path-resource"/>
      <value value="input/vocabulary"/>
    </parameter>
    <parameter>
      <code value="path-resource"/>
      <value value="input/maps"/>
    </parameter>
    <parameter>
      <code value="path-resource"/>
      <value value="input/testing"/>
    </parameter>
    <parameter>
      <code value="path-resource"/>
      <value value="input/history"/>
    </parameter>
    <parameter>
      <code value="path-resource"/>
      <value value="fsh-generated/resources"/>
    </parameter>
    <parameter>
      <code value="path-pages"/>
      <value value="template/config"/>
    </parameter>
    <parameter>
      <code value="path-pages"/>
      <value value="input/images"/>
    </parameter>
    <parameter>
      <code value="path-tx-cache"/>
      <value value="input-cache/txcache"/>
    </parameter>
  </definition>
</ImplementationGuide>