<?xml version="1.0" encoding="UTF-8"?>

<ImplementationGuide xmlns="http://hl7.org/fhir">
  <id value="hl7.fhir.us.PACIO-cognitive-status"/>
  <text>
    <status value="generated"/><div xmlns="http://www.w3.org/1999/xhtml"><h2>PACIO_Cognitive_Status</h2><p>The official URL for this implementation guide is: </p><pre>http://hl7.org/fhir/us/PACIO-functional-cognitive-status/ImplementationGuide/hl7.fhir.us.PACIO-cognitive-status</pre></div>
  </text>
  <url value="http://hl7.org/fhir/us/PACIO-functional-cognitive-status/ImplementationGuide/hl7.fhir.us.PACIO-cognitive-status"/>
  <version value="0.1.0"/>
  <name value="PACIO_Cognitive_Status"/>
  <title value="PACIO Cognitive Status"/>
  <status value="draft"/>
  <date value="2020-01-07T16:35:06+00:00"/>
  <publisher value="HL7 Patient Care WG and Community-Based Care and Privacy WG"/>
  <contact>
    <telecom>
      <system value="url"/>
      <value value="http://www.hl7.org/Special/committees/patientcare/"/>
    </telecom>
    <telecom>
      <system value="url"/>
      <value value="http://www.hl7.org/Special/committees/homehealth/"/>
    </telecom>
  </contact>
  <packageId value="hl7.fhir.us.PACIO-cognitive-status"/>
  <license value="CC0-1.0"/>
  <fhirVersion value="4.0.0"/>
  <dependsOn>
    <uri value="http://hl7.org/fhir/us/core"/>
    <packageId value="hl7.fhir.us.core"/>
    <version value="3.0.0"/>
  </dependsOn>
  <definition>
    <grouping>
      <name value="Profiles in this Implementation Guide"/>
      <description value="Profiles in this Implementation Guide"/>
    </grouping>
    <resource>
      <extension url="http://hl7.org/fhir/tools/StructureDefinition/resource-information">
        <valueString value="StructureDefinition:resource"/>
      </extension>
      <extension url="http://hl7.org/fhir/StructureDefinition/implementationguide-page">
        <valueUri value="StructureDefinition-pacio-cs-BundledCognitiveStatus.html"/>
      </extension>
      <reference>
        <reference value="StructureDefinition/pacio-cs-BundledCognitiveStatus"/>
      </reference>
      <name value="Bundled Cognitive Status"/>
      <exampleBoolean value="false"/>
    </resource>
    <resource>
      <extension url="http://hl7.org/fhir/tools/StructureDefinition/resource-information">
        <valueString value="StructureDefinition:resource"/>
      </extension>
      <extension url="http://hl7.org/fhir/StructureDefinition/implementationguide-page">
        <valueUri value="StructureDefinition-pacio-cs-CognitiveStatus.html"/>
      </extension>
      <reference>
        <reference value="StructureDefinition/pacio-cs-CognitiveStatus"/>
      </reference>
      <name value="Cognitive Status"/>
      <exampleBoolean value="false"/>
    </resource>
    <resource>
      <extension url="http://hl7.org/fhir/tools/StructureDefinition/resource-information">
        <valueString value="ValueSet"/>
      </extension>
      <extension url="http://hl7.org/fhir/StructureDefinition/implementationguide-page">
        <valueUri value="ValueSet-shr-core-AgeGroupVS.html"/>
      </extension>
      <reference>
        <reference value="ValueSet/shr-core-AgeGroupVS"/>
      </reference>
      <name value="Age Group VS"/>
      <exampleBoolean value="false"/>
    </resource>
    <resource>
      <extension url="http://hl7.org/fhir/tools/StructureDefinition/resource-information">
        <valueString value="ValueSet"/>
      </extension>
      <extension url="http://hl7.org/fhir/StructureDefinition/implementationguide-page">
        <valueUri value="ValueSet-shr-core-AnatomicalDirectionVS.html"/>
      </extension>
      <reference>
        <reference value="ValueSet/shr-core-AnatomicalDirectionVS"/>
      </reference>
      <name value="Anatomical Direction VS"/>
      <exampleBoolean value="false"/>
    </resource>
    <resource>
      <extension url="http://hl7.org/fhir/tools/StructureDefinition/resource-information">
        <valueString value="ValueSet"/>
      </extension>
      <extension url="http://hl7.org/fhir/StructureDefinition/implementationguide-page">
        <valueUri value="ValueSet-shr-core-BodyLocationVS.html"/>
      </extension>
      <reference>
        <reference value="ValueSet/shr-core-BodyLocationVS"/>
      </reference>
      <name value="Body Location VS"/>
      <exampleBoolean value="false"/>
    </resource>
    <resource>
      <extension url="http://hl7.org/fhir/tools/StructureDefinition/resource-information">
        <valueString value="ValueSet"/>
      </extension>
      <extension url="http://hl7.org/fhir/StructureDefinition/implementationguide-page">
        <valueUri value="ValueSet-shr-core-ClockFaceDirectionVS.html"/>
      </extension>
      <reference>
        <reference value="ValueSet/shr-core-ClockFaceDirectionVS"/>
      </reference>
      <name value="Clock Face Direction VS"/>
      <exampleBoolean value="false"/>
    </resource>
    <resource>
      <extension url="http://hl7.org/fhir/tools/StructureDefinition/resource-information">
        <valueString value="ValueSet"/>
      </extension>
      <extension url="http://hl7.org/fhir/StructureDefinition/implementationguide-page">
        <valueUri value="ValueSet-shr-core-ConditionStatusTrendVS.html"/>
      </extension>
      <reference>
        <reference value="ValueSet/shr-core-ConditionStatusTrendVS"/>
      </reference>
      <name value="Condition Status Trend VS"/>
      <exampleBoolean value="false"/>
    </resource>
    <resource>
      <extension url="http://hl7.org/fhir/tools/StructureDefinition/resource-information">
        <valueString value="ValueSet"/>
      </extension>
      <extension url="http://hl7.org/fhir/StructureDefinition/implementationguide-page">
        <valueUri value="ValueSet-shr-core-DetectedNotDetectedVS.html"/>
      </extension>
      <reference>
        <reference value="ValueSet/shr-core-DetectedNotDetectedVS"/>
      </reference>
      <name value="Detected Not Detected VS"/>
      <exampleBoolean value="false"/>
    </resource>
    <resource>
      <extension url="http://hl7.org/fhir/tools/StructureDefinition/resource-information">
        <valueString value="ValueSet"/>
      </extension>
      <extension url="http://hl7.org/fhir/StructureDefinition/implementationguide-page">
        <valueUri value="ValueSet-shr-core-GestationalTimePeriodVS.html"/>
      </extension>
      <reference>
        <reference value="ValueSet/shr-core-GestationalTimePeriodVS"/>
      </reference>
      <name value="Gestational Time Period VS"/>
      <exampleBoolean value="false"/>
    </resource>
    <resource>
      <extension url="http://hl7.org/fhir/tools/StructureDefinition/resource-information">
        <valueString value="ValueSet"/>
      </extension>
      <extension url="http://hl7.org/fhir/StructureDefinition/implementationguide-page">
        <valueUri value="ValueSet-shr-core-GradedAmountVS.html"/>
      </extension>
      <reference>
        <reference value="ValueSet/shr-core-GradedAmountVS"/>
      </reference>
      <name value="Graded Amount VS"/>
      <exampleBoolean value="false"/>
    </resource>
    <resource>
      <extension url="http://hl7.org/fhir/tools/StructureDefinition/resource-information">
        <valueString value="ValueSet"/>
      </extension>
      <extension url="http://hl7.org/fhir/StructureDefinition/implementationguide-page">
        <valueUri value="ValueSet-shr-core-GradedFrequencyVS.html"/>
      </extension>
      <reference>
        <reference value="ValueSet/shr-core-GradedFrequencyVS"/>
      </reference>
      <name value="Graded Frequency VS"/>
      <exampleBoolean value="false"/>
    </resource>
    <resource>
      <extension url="http://hl7.org/fhir/tools/StructureDefinition/resource-information">
        <valueString value="ValueSet"/>
      </extension>
      <extension url="http://hl7.org/fhir/StructureDefinition/implementationguide-page">
        <valueUri value="ValueSet-shr-core-GradedPortionVS.html"/>
      </extension>
      <reference>
        <reference value="ValueSet/shr-core-GradedPortionVS"/>
      </reference>
      <name value="Graded Portion VS"/>
      <exampleBoolean value="false"/>
    </resource>
    <resource>
      <extension url="http://hl7.org/fhir/tools/StructureDefinition/resource-information">
        <valueString value="ValueSet"/>
      </extension>
      <extension url="http://hl7.org/fhir/StructureDefinition/implementationguide-page">
        <valueUri value="ValueSet-shr-core-ImageMimeTypeVS.html"/>
      </extension>
      <reference>
        <reference value="ValueSet/shr-core-ImageMimeTypeVS"/>
      </reference>
      <name value="Image Mime Type VS"/>
      <exampleBoolean value="false"/>
    </resource>
    <resource>
      <extension url="http://hl7.org/fhir/tools/StructureDefinition/resource-information">
        <valueString value="ValueSet"/>
      </extension>
      <extension url="http://hl7.org/fhir/StructureDefinition/implementationguide-page">
        <valueUri value="ValueSet-shr-core-LandmarkTypeVS.html"/>
      </extension>
      <reference>
        <reference value="ValueSet/shr-core-LandmarkTypeVS"/>
      </reference>
      <name value="Landmark Type VS"/>
      <exampleBoolean value="false"/>
    </resource>
    <resource>
      <extension url="http://hl7.org/fhir/tools/StructureDefinition/resource-information">
        <valueString value="ValueSet"/>
      </extension>
      <extension url="http://hl7.org/fhir/StructureDefinition/implementationguide-page">
        <valueUri value="ValueSet-shr-core-LanguageQualifierVS.html"/>
      </extension>
      <reference>
        <reference value="ValueSet/shr-core-LanguageQualifierVS"/>
      </reference>
      <name value="Language Qualifier VS"/>
      <exampleBoolean value="false"/>
    </resource>
    <resource>
      <extension url="http://hl7.org/fhir/tools/StructureDefinition/resource-information">
        <valueString value="ValueSet"/>
      </extension>
      <extension url="http://hl7.org/fhir/StructureDefinition/implementationguide-page">
        <valueUri value="ValueSet-shr-core-LateralityVS.html"/>
      </extension>
      <reference>
        <reference value="ValueSet/shr-core-LateralityVS"/>
      </reference>
      <name value="Laterality VS"/>
      <exampleBoolean value="false"/>
    </resource>
    <resource>
      <extension url="http://hl7.org/fhir/tools/StructureDefinition/resource-information">
        <valueString value="ValueSet"/>
      </extension>
      <extension url="http://hl7.org/fhir/StructureDefinition/implementationguide-page">
        <valueUri value="ValueSet-shr-core-LowerBoundTypeVS.html"/>
      </extension>
      <reference>
        <reference value="ValueSet/shr-core-LowerBoundTypeVS"/>
      </reference>
      <name value="Lower Bound Type VS"/>
      <exampleBoolean value="false"/>
    </resource>
    <resource>
      <extension url="http://hl7.org/fhir/tools/StructureDefinition/resource-information">
        <valueString value="ValueSet"/>
      </extension>
      <extension url="http://hl7.org/fhir/StructureDefinition/implementationguide-page">
        <valueUri value="ValueSet-shr-core-OrientationVS.html"/>
      </extension>
      <reference>
        <reference value="ValueSet/shr-core-OrientationVS"/>
      </reference>
      <name value="Orientation VS"/>
      <exampleBoolean value="false"/>
    </resource>
    <resource>
      <extension url="http://hl7.org/fhir/tools/StructureDefinition/resource-information">
        <valueString value="ValueSet"/>
      </extension>
      <extension url="http://hl7.org/fhir/StructureDefinition/implementationguide-page">
        <valueUri value="ValueSet-shr-core-PerformanceGradingScaleVS.html"/>
      </extension>
      <reference>
        <reference value="ValueSet/shr-core-PerformanceGradingScaleVS"/>
      </reference>
      <name value="Performance Grading Scale VS"/>
      <exampleBoolean value="false"/>
    </resource>
    <resource>
      <extension url="http://hl7.org/fhir/tools/StructureDefinition/resource-information">
        <valueString value="ValueSet"/>
      </extension>
      <extension url="http://hl7.org/fhir/StructureDefinition/implementationguide-page">
        <valueUri value="ValueSet-shr-core-PositiveNegativeVS.html"/>
      </extension>
      <reference>
        <reference value="ValueSet/shr-core-PositiveNegativeVS"/>
      </reference>
      <name value="Positive Negative VS"/>
      <exampleBoolean value="false"/>
    </resource>
    <resource>
      <extension url="http://hl7.org/fhir/tools/StructureDefinition/resource-information">
        <valueString value="ValueSet"/>
      </extension>
      <extension url="http://hl7.org/fhir/StructureDefinition/implementationguide-page">
        <valueUri value="ValueSet-shr-core-SettingVS.html"/>
      </extension>
      <reference>
        <reference value="ValueSet/shr-core-SettingVS"/>
      </reference>
      <name value="Setting VS"/>
      <exampleBoolean value="false"/>
    </resource>
    <resource>
      <extension url="http://hl7.org/fhir/tools/StructureDefinition/resource-information">
        <valueString value="ValueSet"/>
      </extension>
      <extension url="http://hl7.org/fhir/StructureDefinition/implementationguide-page">
        <valueUri value="ValueSet-shr-core-StatisticTypeVS.html"/>
      </extension>
      <reference>
        <reference value="ValueSet/shr-core-StatisticTypeVS"/>
      </reference>
      <name value="Statistic Type VS"/>
      <exampleBoolean value="false"/>
    </resource>
    <resource>
      <extension url="http://hl7.org/fhir/tools/StructureDefinition/resource-information">
        <valueString value="ValueSet"/>
      </extension>
      <extension url="http://hl7.org/fhir/StructureDefinition/implementationguide-page">
        <valueUri value="ValueSet-shr-core-UnitsOfLengthVS.html"/>
      </extension>
      <reference>
        <reference value="ValueSet/shr-core-UnitsOfLengthVS"/>
      </reference>
      <name value="Units Of Length VS"/>
      <exampleBoolean value="false"/>
    </resource>
    <resource>
      <extension url="http://hl7.org/fhir/tools/StructureDefinition/resource-information">
        <valueString value="ValueSet"/>
      </extension>
      <extension url="http://hl7.org/fhir/StructureDefinition/implementationguide-page">
        <valueUri value="ValueSet-shr-core-UpperBoundTypeVS.html"/>
      </extension>
      <reference>
        <reference value="ValueSet/shr-core-UpperBoundTypeVS"/>
      </reference>
      <name value="Upper Bound Type VS"/>
      <exampleBoolean value="false"/>
    </resource>
    <resource>
      <extension url="http://hl7.org/fhir/tools/StructureDefinition/resource-information">
        <valueString value="ValueSet"/>
      </extension>
      <extension url="http://hl7.org/fhir/StructureDefinition/implementationguide-page">
        <valueUri value="ValueSet-shr-core-YesNoUnknownVS.html"/>
      </extension>
      <reference>
        <reference value="ValueSet/shr-core-YesNoUnknownVS"/>
      </reference>
      <name value="Yes No Unknown VS"/>
      <exampleBoolean value="false"/>
    </resource>
    <resource>
      <extension url="http://hl7.org/fhir/tools/StructureDefinition/resource-information">
        <valueString value="ValueSet"/>
      </extension>
      <extension url="http://hl7.org/fhir/StructureDefinition/implementationguide-page">
        <valueUri value="ValueSet-shr-core-YesNoVS.html"/>
      </extension>
      <reference>
        <reference value="ValueSet/shr-core-YesNoVS"/>
      </reference>
      <name value="Yes No VS"/>
      <exampleBoolean value="false"/>
    </resource>
    <resource>
      <extension url="http://hl7.org/fhir/tools/StructureDefinition/resource-information">
        <valueString value="CodeSystem"/>
      </extension>
      <extension url="http://hl7.org/fhir/StructureDefinition/implementationguide-page">
        <valueUri value="CodeSystem-shr-core-ImageMimeTypeCS.html"/>
      </extension>
      <reference>
        <reference value="CodeSystem/shr-core-ImageMimeTypeCS"/>
      </reference>
      <name value="Image Mime Type CS"/>
      <exampleBoolean value="false"/>
    </resource>
    <resource>
      <extension url="http://hl7.org/fhir/tools/StructureDefinition/resource-information">
        <valueString value="CodeSystem"/>
      </extension>
      <extension url="http://hl7.org/fhir/StructureDefinition/implementationguide-page">
        <valueUri value="CodeSystem-shr-core-LanguageQualifierCS.html"/>
      </extension>
      <reference>
        <reference value="CodeSystem/shr-core-LanguageQualifierCS"/>
      </reference>
      <name value="Language Qualifier CS"/>
      <exampleBoolean value="false"/>
    </resource>
    <resource>
      <extension url="http://hl7.org/fhir/tools/StructureDefinition/resource-information">
        <valueString value="CodeSystem"/>
      </extension>
      <extension url="http://hl7.org/fhir/StructureDefinition/implementationguide-page">
        <valueUri value="CodeSystem-shr-core-PerformanceGradingScaleCS.html"/>
      </extension>
      <reference>
        <reference value="CodeSystem/shr-core-PerformanceGradingScaleCS"/>
      </reference>
      <name value="Performance Grading Scale CS"/>
      <exampleBoolean value="false"/>
    </resource>
    <resource>
      <extension url="http://hl7.org/fhir/tools/StructureDefinition/resource-information">
        <valueString value="CodeSystem"/>
      </extension>
      <extension url="http://hl7.org/fhir/StructureDefinition/implementationguide-page">
        <valueUri value="CodeSystem-shr-core-SettingCS.html"/>
      </extension>
      <reference>
        <reference value="CodeSystem/shr-core-SettingCS"/>
      </reference>
      <name value="Setting CS"/>
      <exampleBoolean value="false"/>
    </resource>
    <page>
      <nameUrl value="index.html"/>
      <title value="PACIO Cognitive Status"/>
      <generation value="html"/>
    </page>
  </definition>
</ImplementationGuide>