<?xml version="1.0" encoding="UTF-8"?>

<ImplementationGuide xmlns="http://hl7.org/fhir">
  <id value="pacio-cs"/>
  <text>
    <status value="generated"/><div xmlns="http://www.w3.org/1999/xhtml"><h2>PACIOCognitiveStatusImplementationGuide</h2><p>The official URL for this implementation guide is: </p><pre>http://pacioproject.org/ImplementationGuide/pacio-cs</pre><div><p>PACIO Cognitive Status Implementation Guide generated with the FHIR Shorthand tool</p>
</div></div>
  </text>
  <url value="http://pacioproject.org/ImplementationGuide/pacio-cs"/>
  <version value="0.1.0"/>
  <name value="PACIOCognitiveStatusImplementationGuide"/>
  <title value="PACIO Cognitive Status Implementation Guide"/>
  <status value="active"/>
  <date value="2020-04-29T16:20:54+00:00"/>
  <publisher value="MITRE Dev Team"/>
  <contact>
    <name value="Caleb Wan"/>
    <telecom>
      <system value="email"/>
      <value value="calebwan@mitre.org"/>
    </telecom>
  </contact>
  <description value="PACIO Cognitive Status Implementation Guide generated with the FHIR Shorthand tool"/>
  <packageId value="pacio-cs"/>
  <license value="Apache-2.0"/>
  <fhirVersion value="4.0.1"/>
  <dependsOn>
    <uri value="http://hl7.org/fhir/us/core/ImplementationGuide/hl7.fhir.us.core"/>
    <packageId value="hl7.fhir.us.core"/>
    <version value="3.1.0"/>
  </dependsOn>
  <definition>
    <extension url="http://hl7.org/fhir/tools/StructureDefinition/ig-parameter">
      <extension url="code">
        <valueString value="copyrightyear"/>
      </extension>
      <extension url="value">
        <valueString value="2020+"/>
      </extension>
    </extension>
    <extension url="http://hl7.org/fhir/tools/StructureDefinition/ig-parameter">
      <extension url="code">
        <valueString value="releaselabel"/>
      </extension>
      <extension url="value">
        <valueString value="CI Build"/>
      </extension>
    </extension>
    <extension url="http://hl7.org/fhir/tools/StructureDefinition/ig-parameter">
      <extension url="code">
        <valueString value="show-inherited-invariants"/>
      </extension>
      <extension url="value">
        <valueString value="false"/>
      </extension>
    </extension>
    <extension url="http://hl7.org/fhir/tools/StructureDefinition/ig-parameter">
      <extension url="code">
        <valueString value="path-liquid"/>
      </extension>
      <extension url="value">
        <valueString value="template/liquid"/>
      </extension>
    </extension>
    <extension url="http://hl7.org/fhir/tools/StructureDefinition/ig-parameter">
      <extension url="code">
        <valueString value="path-liquid"/>
      </extension>
      <extension url="value">
        <valueString value="input/liquid"/>
      </extension>
    </extension>
    <extension url="http://hl7.org/fhir/tools/StructureDefinition/ig-parameter">
      <extension url="code">
        <valueString value="path-qa"/>
      </extension>
      <extension url="value">
        <valueString value="temp/qa"/>
      </extension>
    </extension>
    <extension url="http://hl7.org/fhir/tools/StructureDefinition/ig-parameter">
      <extension url="code">
        <valueString value="path-temp"/>
      </extension>
      <extension url="value">
        <valueString value="temp/pages"/>
      </extension>
    </extension>
    <extension url="http://hl7.org/fhir/tools/StructureDefinition/ig-parameter">
      <extension url="code">
        <valueString value="path-output"/>
      </extension>
      <extension url="value">
        <valueString value="output"/>
      </extension>
    </extension>
    <extension url="http://hl7.org/fhir/tools/StructureDefinition/ig-parameter">
      <extension url="code">
        <valueString value="path-suppressed-warnings"/>
      </extension>
      <extension url="value">
        <valueString value="input/ignoreWarnings.txt"/>
      </extension>
    </extension>
    <extension url="http://hl7.org/fhir/tools/StructureDefinition/ig-parameter">
      <extension url="code">
        <valueString value="path-history"/>
      </extension>
      <extension url="value">
        <valueString value="http://pacioproject.org/history.html"/>
      </extension>
    </extension>
    <extension url="http://hl7.org/fhir/tools/StructureDefinition/ig-parameter">
      <extension url="code">
        <valueString value="template-html"/>
      </extension>
      <extension url="value">
        <valueString value="template-page.html"/>
      </extension>
    </extension>
    <extension url="http://hl7.org/fhir/tools/StructureDefinition/ig-parameter">
      <extension url="code">
        <valueString value="template-md"/>
      </extension>
      <extension url="value">
        <valueString value="template-page-md.html"/>
      </extension>
    </extension>
    <extension url="http://hl7.org/fhir/tools/StructureDefinition/ig-parameter">
      <extension url="code">
        <valueString value="apply-contact"/>
      </extension>
      <extension url="value">
        <valueString value="true"/>
      </extension>
    </extension>
    <extension url="http://hl7.org/fhir/tools/StructureDefinition/ig-parameter">
      <extension url="code">
        <valueString value="apply-context"/>
      </extension>
      <extension url="value">
        <valueString value="true"/>
      </extension>
    </extension>
    <extension url="http://hl7.org/fhir/tools/StructureDefinition/ig-parameter">
      <extension url="code">
        <valueString value="apply-copyright"/>
      </extension>
      <extension url="value">
        <valueString value="true"/>
      </extension>
    </extension>
    <extension url="http://hl7.org/fhir/tools/StructureDefinition/ig-parameter">
      <extension url="code">
        <valueString value="apply-jurisdiction"/>
      </extension>
      <extension url="value">
        <valueString value="true"/>
      </extension>
    </extension>
    <extension url="http://hl7.org/fhir/tools/StructureDefinition/ig-parameter">
      <extension url="code">
        <valueString value="apply-license"/>
      </extension>
      <extension url="value">
        <valueString value="true"/>
      </extension>
    </extension>
    <extension url="http://hl7.org/fhir/tools/StructureDefinition/ig-parameter">
      <extension url="code">
        <valueString value="apply-publisher"/>
      </extension>
      <extension url="value">
        <valueString value="true"/>
      </extension>
    </extension>
    <extension url="http://hl7.org/fhir/tools/StructureDefinition/ig-parameter">
      <extension url="code">
        <valueString value="apply-version"/>
      </extension>
      <extension url="value">
        <valueString value="true"/>
      </extension>
    </extension>
    <extension url="http://hl7.org/fhir/tools/StructureDefinition/ig-parameter">
      <extension url="code">
        <valueString value="active-tables"/>
      </extension>
      <extension url="value">
        <valueString value="true"/>
      </extension>
    </extension>
    <resource>
      <extension url="http://hl7.org/fhir/tools/StructureDefinition/resource-information">
        <valueString value="StructureDefinition:resource"/>
      </extension>
      <extension url="http://hl7.org/fhir/StructureDefinition/implementationguide-page">
        <valueUri value="StructureDefinition-pacio-bcs.html"/>
      </extension>
      <reference>
        <reference value="StructureDefinition/pacio-bcs"/>
      </reference>
      <name value="PACIO Bundled Cognitive Status"/>
      <description value="An point in time bundle of cognitive status observations for a patient."/>
      <exampleBoolean value="false"/>
    </resource>
    <resource>
      <extension url="http://hl7.org/fhir/tools/StructureDefinition/resource-information">
        <valueString value="StructureDefinition:resource"/>
      </extension>
      <extension url="http://hl7.org/fhir/StructureDefinition/implementationguide-page">
        <valueUri value="StructureDefinition-pacio-cognition-qr.html"/>
      </extension>
      <reference>
        <reference value="StructureDefinition/pacio-cognition-qr"/>
      </reference>
      <name value="PACIO Cognition Questionnaire Response"/>
      <description value="A completed, or sections of a completed, CMS PAC assessment."/>
      <exampleBoolean value="false"/>
    </resource>
    <resource>
      <extension url="http://hl7.org/fhir/tools/StructureDefinition/resource-information">
        <valueString value="StructureDefinition:resource"/>
      </extension>
      <extension url="http://hl7.org/fhir/StructureDefinition/implementationguide-page">
        <valueUri value="StructureDefinition-pacio-cs.html"/>
      </extension>
      <reference>
        <reference value="StructureDefinition/pacio-cs"/>
      </reference>
      <name value="PACIO Cognitive Status"/>
      <description value="An exchange of cognitive status data for a patient."/>
      <exampleBoolean value="false"/>
    </resource>
    <resource>
      <extension url="http://hl7.org/fhir/tools/StructureDefinition/resource-information">
        <valueString value="StructureDefinition:resource"/>
      </extension>
      <extension url="http://hl7.org/fhir/StructureDefinition/implementationguide-page">
        <valueUri value="StructureDefinition-pacio-cs-dev.html"/>
      </extension>
      <reference>
        <reference value="StructureDefinition/pacio-cs-dev"/>
      </reference>
      <name value="Use of Device"/>
      <description value="A device used by a Patient during a cognitive status assessment."/>
      <exampleBoolean value="false"/>
    </resource>
    <resource>
      <extension url="http://hl7.org/fhir/tools/StructureDefinition/resource-information">
        <valueString value="Patient"/>
      </extension>
      <extension url="http://hl7.org/fhir/StructureDefinition/implementationguide-page">
        <valueUri value="Patient-BetsySmith.html"/>
      </extension>
      <reference>
        <reference value="Patient/BetsySmith"/>
      </reference>
      <name value="BetsySmith"/>
      <exampleBoolean value="true"/>
    </resource>
    <resource>
      <extension url="http://hl7.org/fhir/tools/StructureDefinition/resource-information">
        <valueString value="Observation"/>
      </extension>
      <extension url="http://hl7.org/fhir/StructureDefinition/implementationguide-page">
        <valueUri value="Observation-BetsySmith-2019-03-25-Within3DSNFAdmission.html"/>
      </extension>
      <reference>
        <reference value="Observation/BetsySmith-2019-03-25-Within3DSNFAdmission"/>
      </reference>
      <name value="BetsySmith-2019-03-25-Within3DSNFAdmission"/>
      <exampleCanonical value="http://pacioproject.org/StructureDefinition/pacio-bcs"/>
    </resource>
    <resource>
      <extension url="http://hl7.org/fhir/tools/StructureDefinition/resource-information">
        <valueString value="Observation"/>
      </extension>
      <extension url="http://hl7.org/fhir/StructureDefinition/implementationguide-page">
        <valueUri value="Observation-BetsySmith-2019-04-06-Last3DSNFStay.html"/>
      </extension>
      <reference>
        <reference value="Observation/BetsySmith-2019-04-06-Last3DSNFStay"/>
      </reference>
      <name value="BetsySmith-2019-04-06-Last3DSNFStay"/>
      <exampleCanonical value="http://pacioproject.org/StructureDefinition/pacio-bcs"/>
    </resource>
    <resource>
      <extension url="http://hl7.org/fhir/tools/StructureDefinition/resource-information">
        <valueString value="Observation"/>
      </extension>
      <extension url="http://hl7.org/fhir/StructureDefinition/implementationguide-page">
        <valueUri value="Observation-BetsySmith-2019-04-07-HHStartCarePerformance.html"/>
      </extension>
      <reference>
        <reference value="Observation/BetsySmith-2019-04-07-HHStartCarePerformance"/>
      </reference>
      <name value="BetsySmith-2019-04-07-HHStartCarePerformance"/>
      <exampleCanonical value="http://pacioproject.org/StructureDefinition/pacio-bcs"/>
    </resource>
    <resource>
      <extension url="http://hl7.org/fhir/tools/StructureDefinition/resource-information">
        <valueString value="Observation"/>
      </extension>
      <extension url="http://hl7.org/fhir/StructureDefinition/implementationguide-page">
        <valueUri value="Observation-BetsySmith-2019-05-03-HHDischargePerformance.html"/>
      </extension>
      <reference>
        <reference value="Observation/BetsySmith-2019-05-03-HHDischargePerformance"/>
      </reference>
      <name value="BetsySmith-2019-05-03-HHDischargePerformance"/>
      <exampleCanonical value="http://pacioproject.org/StructureDefinition/pacio-bcs"/>
    </resource>
    <resource>
      <extension url="http://hl7.org/fhir/tools/StructureDefinition/resource-information">
        <valueString value="QuestionnaireResponse"/>
      </extension>
      <extension url="http://hl7.org/fhir/StructureDefinition/implementationguide-page">
        <valueUri value="QuestionnaireResponse-BetsySmith-HHDischargePerformance-CAM-Response.html"/>
      </extension>
      <reference>
        <reference value="QuestionnaireResponse/BetsySmith-HHDischargePerformance-CAM-Response"/>
      </reference>
      <name value="BetsySmith-HHDischargePerformance-CAM-Response"/>
      <exampleCanonical value="http://pacioproject.org/StructureDefinition/pacio-cognition-qr"/>
    </resource>
    <resource>
      <extension url="http://hl7.org/fhir/tools/StructureDefinition/resource-information">
        <valueString value="Observation"/>
      </extension>
      <extension url="http://hl7.org/fhir/StructureDefinition/implementationguide-page">
        <valueUri value="Observation-BetsySmith-HHDischargePerformance-CAM01-MentalStatusChange.html"/>
      </extension>
      <reference>
        <reference value="Observation/BetsySmith-HHDischargePerformance-CAM01-MentalStatusChange"/>
      </reference>
      <name value="BetsySmith-HHDischargePerformance-CAM01-MentalStatusChange"/>
      <exampleCanonical value="http://pacioproject.org/StructureDefinition/pacio-cs"/>
    </resource>
    <resource>
      <extension url="http://hl7.org/fhir/tools/StructureDefinition/resource-information">
        <valueString value="Observation"/>
      </extension>
      <extension url="http://hl7.org/fhir/StructureDefinition/implementationguide-page">
        <valueUri value="Observation-BetsySmith-HHDischargePerformance-CAM02-Inattention.html"/>
      </extension>
      <reference>
        <reference value="Observation/BetsySmith-HHDischargePerformance-CAM02-Inattention"/>
      </reference>
      <name value="BetsySmith-HHDischargePerformance-CAM02-Inattention"/>
      <exampleCanonical value="http://pacioproject.org/StructureDefinition/pacio-cs"/>
    </resource>
    <resource>
      <extension url="http://hl7.org/fhir/tools/StructureDefinition/resource-information">
        <valueString value="Observation"/>
      </extension>
      <extension url="http://hl7.org/fhir/StructureDefinition/implementationguide-page">
        <valueUri value="Observation-BetsySmith-HHDischargePerformance-CAM03-DisorganizedThinking.html"/>
      </extension>
      <reference>
        <reference value="Observation/BetsySmith-HHDischargePerformance-CAM03-DisorganizedThinking"/>
      </reference>
      <name value="BetsySmith-HHDischargePerformance-CAM03-DisorganizedThinking"/>
      <exampleCanonical value="http://pacioproject.org/StructureDefinition/pacio-cs"/>
    </resource>
    <resource>
      <extension url="http://hl7.org/fhir/tools/StructureDefinition/resource-information">
        <valueString value="Observation"/>
      </extension>
      <extension url="http://hl7.org/fhir/StructureDefinition/implementationguide-page">
        <valueUri value="Observation-BetsySmith-HHDischargePerformance-CAM04-AlteredConsciousness.html"/>
      </extension>
      <reference>
        <reference value="Observation/BetsySmith-HHDischargePerformance-CAM04-AlteredConsciousness"/>
      </reference>
      <name value="BetsySmith-HHDischargePerformance-CAM04-AlteredConsciousness"/>
      <exampleCanonical value="http://pacioproject.org/StructureDefinition/pacio-cs"/>
    </resource>
    <resource>
      <extension url="http://hl7.org/fhir/tools/StructureDefinition/resource-information">
        <valueString value="QuestionnaireResponse"/>
      </extension>
      <extension url="http://hl7.org/fhir/StructureDefinition/implementationguide-page">
        <valueUri value="QuestionnaireResponse-BetsySmith-HHStartCarePerformance-CAM-Response.html"/>
      </extension>
      <reference>
        <reference value="QuestionnaireResponse/BetsySmith-HHStartCarePerformance-CAM-Response"/>
      </reference>
      <name value="BetsySmith-HHStartCarePerformance-CAM-Response"/>
      <exampleCanonical value="http://pacioproject.org/StructureDefinition/pacio-cognition-qr"/>
    </resource>
    <resource>
      <extension url="http://hl7.org/fhir/tools/StructureDefinition/resource-information">
        <valueString value="Observation"/>
      </extension>
      <extension url="http://hl7.org/fhir/StructureDefinition/implementationguide-page">
        <valueUri value="Observation-BetsySmith-HHStartCarePerformance-CAM01-MentalStatusChange.html"/>
      </extension>
      <reference>
        <reference value="Observation/BetsySmith-HHStartCarePerformance-CAM01-MentalStatusChange"/>
      </reference>
      <name value="BetsySmith-HHStartCarePerformance-CAM01-MentalStatusChange"/>
      <exampleCanonical value="http://pacioproject.org/StructureDefinition/pacio-cs"/>
    </resource>
    <resource>
      <extension url="http://hl7.org/fhir/tools/StructureDefinition/resource-information">
        <valueString value="Observation"/>
      </extension>
      <extension url="http://hl7.org/fhir/StructureDefinition/implementationguide-page">
        <valueUri value="Observation-BetsySmith-HHStartCarePerformance-CAM02-Inattention.html"/>
      </extension>
      <reference>
        <reference value="Observation/BetsySmith-HHStartCarePerformance-CAM02-Inattention"/>
      </reference>
      <name value="BetsySmith-HHStartCarePerformance-CAM02-Inattention"/>
      <exampleCanonical value="http://pacioproject.org/StructureDefinition/pacio-cs"/>
    </resource>
    <resource>
      <extension url="http://hl7.org/fhir/tools/StructureDefinition/resource-information">
        <valueString value="Observation"/>
      </extension>
      <extension url="http://hl7.org/fhir/StructureDefinition/implementationguide-page">
        <valueUri value="Observation-BetsySmith-HHStartCarePerformance-CAM03-DisorganizedThinking.html"/>
      </extension>
      <reference>
        <reference value="Observation/BetsySmith-HHStartCarePerformance-CAM03-DisorganizedThinking"/>
      </reference>
      <name value="BetsySmith-HHStartCarePerformance-CAM03-DisorganizedThinking"/>
      <exampleCanonical value="http://pacioproject.org/StructureDefinition/pacio-cs"/>
    </resource>
    <resource>
      <extension url="http://hl7.org/fhir/tools/StructureDefinition/resource-information">
        <valueString value="Observation"/>
      </extension>
      <extension url="http://hl7.org/fhir/StructureDefinition/implementationguide-page">
        <valueUri value="Observation-BetsySmith-HHStartCarePerformance-CAM04-AlteredConsciousness.html"/>
      </extension>
      <reference>
        <reference value="Observation/BetsySmith-HHStartCarePerformance-CAM04-AlteredConsciousness"/>
      </reference>
      <name value="BetsySmith-HHStartCarePerformance-CAM04-AlteredConsciousness"/>
      <exampleCanonical value="http://pacioproject.org/StructureDefinition/pacio-cs"/>
    </resource>
    <resource>
      <extension url="http://hl7.org/fhir/tools/StructureDefinition/resource-information">
        <valueString value="QuestionnaireResponse"/>
      </extension>
      <extension url="http://hl7.org/fhir/StructureDefinition/implementationguide-page">
        <valueUri value="QuestionnaireResponse-BetsySmith-Last3DSNFStay-CAM-Response.html"/>
      </extension>
      <reference>
        <reference value="QuestionnaireResponse/BetsySmith-Last3DSNFStay-CAM-Response"/>
      </reference>
      <name value="BetsySmith-Last3DSNFStay-CAM-Response"/>
      <exampleCanonical value="http://pacioproject.org/StructureDefinition/pacio-cognition-qr"/>
    </resource>
    <resource>
      <extension url="http://hl7.org/fhir/tools/StructureDefinition/resource-information">
        <valueString value="Observation"/>
      </extension>
      <extension url="http://hl7.org/fhir/StructureDefinition/implementationguide-page">
        <valueUri value="Observation-BetsySmith-Last3DSNFStay-CAM01-MentalStatusChange.html"/>
      </extension>
      <reference>
        <reference value="Observation/BetsySmith-Last3DSNFStay-CAM01-MentalStatusChange"/>
      </reference>
      <name value="BetsySmith-Last3DSNFStay-CAM01-MentalStatusChange"/>
      <exampleCanonical value="http://pacioproject.org/StructureDefinition/pacio-cs"/>
    </resource>
    <resource>
      <extension url="http://hl7.org/fhir/tools/StructureDefinition/resource-information">
        <valueString value="Observation"/>
      </extension>
      <extension url="http://hl7.org/fhir/StructureDefinition/implementationguide-page">
        <valueUri value="Observation-BetsySmith-Last3DSNFStay-CAM02-Inattention.html"/>
      </extension>
      <reference>
        <reference value="Observation/BetsySmith-Last3DSNFStay-CAM02-Inattention"/>
      </reference>
      <name value="BetsySmith-Last3DSNFStay-CAM02-Inattention"/>
      <exampleCanonical value="http://pacioproject.org/StructureDefinition/pacio-cs"/>
    </resource>
    <resource>
      <extension url="http://hl7.org/fhir/tools/StructureDefinition/resource-information">
        <valueString value="Observation"/>
      </extension>
      <extension url="http://hl7.org/fhir/StructureDefinition/implementationguide-page">
        <valueUri value="Observation-BetsySmith-Last3DSNFStay-CAM03-DisorganizedThinking.html"/>
      </extension>
      <reference>
        <reference value="Observation/BetsySmith-Last3DSNFStay-CAM03-DisorganizedThinking"/>
      </reference>
      <name value="BetsySmith-Last3DSNFStay-CAM03-DisorganizedThinking"/>
      <exampleCanonical value="http://pacioproject.org/StructureDefinition/pacio-cs"/>
    </resource>
    <resource>
      <extension url="http://hl7.org/fhir/tools/StructureDefinition/resource-information">
        <valueString value="Observation"/>
      </extension>
      <extension url="http://hl7.org/fhir/StructureDefinition/implementationguide-page">
        <valueUri value="Observation-BetsySmith-Last3DSNFStay-CAM04-AlteredConsciousness.html"/>
      </extension>
      <reference>
        <reference value="Observation/BetsySmith-Last3DSNFStay-CAM04-AlteredConsciousness"/>
      </reference>
      <name value="BetsySmith-Last3DSNFStay-CAM04-AlteredConsciousness"/>
      <exampleCanonical value="http://pacioproject.org/StructureDefinition/pacio-cs"/>
    </resource>
    <resource>
      <extension url="http://hl7.org/fhir/tools/StructureDefinition/resource-information">
        <valueString value="QuestionnaireResponse"/>
      </extension>
      <extension url="http://hl7.org/fhir/StructureDefinition/implementationguide-page">
        <valueUri value="QuestionnaireResponse-BetsySmith-Within3DSNFAdmission-CAM-Response.html"/>
      </extension>
      <reference>
        <reference value="QuestionnaireResponse/BetsySmith-Within3DSNFAdmission-CAM-Response"/>
      </reference>
      <name value="BetsySmith-Within3DSNFAdmission-CAM-Response"/>
      <exampleCanonical value="http://pacioproject.org/StructureDefinition/pacio-cognition-qr"/>
    </resource>
    <resource>
      <extension url="http://hl7.org/fhir/tools/StructureDefinition/resource-information">
        <valueString value="Observation"/>
      </extension>
      <extension url="http://hl7.org/fhir/StructureDefinition/implementationguide-page">
        <valueUri value="Observation-BetsySmith-Within3DSNFAdmission-CAM01-MentalStatusChange.html"/>
      </extension>
      <reference>
        <reference value="Observation/BetsySmith-Within3DSNFAdmission-CAM01-MentalStatusChange"/>
      </reference>
      <name value="BetsySmith-Within3DSNFAdmission-CAM01-MentalStatusChange"/>
      <exampleCanonical value="http://pacioproject.org/StructureDefinition/pacio-cs"/>
    </resource>
    <resource>
      <extension url="http://hl7.org/fhir/tools/StructureDefinition/resource-information">
        <valueString value="Observation"/>
      </extension>
      <extension url="http://hl7.org/fhir/StructureDefinition/implementationguide-page">
        <valueUri value="Observation-BetsySmith-Within3DSNFAdmission-CAM02-Inattention.html"/>
      </extension>
      <reference>
        <reference value="Observation/BetsySmith-Within3DSNFAdmission-CAM02-Inattention"/>
      </reference>
      <name value="BetsySmith-Within3DSNFAdmission-CAM02-Inattention"/>
      <exampleCanonical value="http://pacioproject.org/StructureDefinition/pacio-cs"/>
    </resource>
    <resource>
      <extension url="http://hl7.org/fhir/tools/StructureDefinition/resource-information">
        <valueString value="Observation"/>
      </extension>
      <extension url="http://hl7.org/fhir/StructureDefinition/implementationguide-page">
        <valueUri value="Observation-BetsySmith-Within3DSNFAdmission-CAM03-DisorganizedThinking.html"/>
      </extension>
      <reference>
        <reference value="Observation/BetsySmith-Within3DSNFAdmission-CAM03-DisorganizedThinking"/>
      </reference>
      <name value="BetsySmith-Within3DSNFAdmission-CAM03-DisorganizedThinking"/>
      <exampleCanonical value="http://pacioproject.org/StructureDefinition/pacio-cs"/>
    </resource>
    <resource>
      <extension url="http://hl7.org/fhir/tools/StructureDefinition/resource-information">
        <valueString value="Observation"/>
      </extension>
      <extension url="http://hl7.org/fhir/StructureDefinition/implementationguide-page">
        <valueUri value="Observation-BetsySmith-Within3DSNFAdmission-CAM04-AlteredConsciousness.html"/>
      </extension>
      <reference>
        <reference value="Observation/BetsySmith-Within3DSNFAdmission-CAM04-AlteredConsciousness"/>
      </reference>
      <name value="BetsySmith-Within3DSNFAdmission-CAM04-AlteredConsciousness"/>
      <exampleCanonical value="http://pacioproject.org/StructureDefinition/pacio-cs"/>
    </resource>
    <resource>
      <extension url="http://hl7.org/fhir/tools/StructureDefinition/resource-information">
        <valueString value="Encounter"/>
      </extension>
      <extension url="http://hl7.org/fhir/StructureDefinition/implementationguide-page">
        <valueUri value="Encounter-CMS-Encounter-01.html"/>
      </extension>
      <reference>
        <reference value="Encounter/CMS-Encounter-01"/>
      </reference>
      <name value="CMS-Encounter-01"/>
      <exampleBoolean value="true"/>
    </resource>
    <resource>
      <extension url="http://hl7.org/fhir/tools/StructureDefinition/resource-information">
        <valueString value="Encounter"/>
      </extension>
      <extension url="http://hl7.org/fhir/StructureDefinition/implementationguide-page">
        <valueUri value="Encounter-CMS-Encounter-02.html"/>
      </extension>
      <reference>
        <reference value="Encounter/CMS-Encounter-02"/>
      </reference>
      <name value="CMS-Encounter-02"/>
      <exampleBoolean value="true"/>
    </resource>
    <resource>
      <extension url="http://hl7.org/fhir/tools/StructureDefinition/resource-information">
        <valueString value="Encounter"/>
      </extension>
      <extension url="http://hl7.org/fhir/StructureDefinition/implementationguide-page">
        <valueUri value="Encounter-CMS-Encounter-03.html"/>
      </extension>
      <reference>
        <reference value="Encounter/CMS-Encounter-03"/>
      </reference>
      <name value="CMS-Encounter-03"/>
      <exampleBoolean value="true"/>
    </resource>
    <resource>
      <extension url="http://hl7.org/fhir/tools/StructureDefinition/resource-information">
        <valueString value="Encounter"/>
      </extension>
      <extension url="http://hl7.org/fhir/StructureDefinition/implementationguide-page">
        <valueUri value="Encounter-CMS-Encounter-04.html"/>
      </extension>
      <reference>
        <reference value="Encounter/CMS-Encounter-04"/>
      </reference>
      <name value="CMS-Encounter-04"/>
      <exampleBoolean value="true"/>
    </resource>
    <resource>
      <extension url="http://hl7.org/fhir/tools/StructureDefinition/resource-information">
        <valueString value="Location"/>
      </extension>
      <extension url="http://hl7.org/fhir/StructureDefinition/implementationguide-page">
        <valueUri value="Location-CMS-Location-PTRES.html"/>
      </extension>
      <reference>
        <reference value="Location/CMS-Location-PTRES"/>
      </reference>
      <name value="CMS-Location-PTRES"/>
      <description value="Patient&#39;s Home"/>
      <exampleBoolean value="true"/>
    </resource>
    <resource>
      <extension url="http://hl7.org/fhir/tools/StructureDefinition/resource-information">
        <valueString value="Location"/>
      </extension>
      <extension url="http://hl7.org/fhir/StructureDefinition/implementationguide-page">
        <valueUri value="Location-CMS-Location-SNF.html"/>
      </extension>
      <reference>
        <reference value="Location/CMS-Location-SNF"/>
      </reference>
      <name value="CMS-Location-SNF"/>
      <description value="Burgers Skilled Nursing Facility, South Wing, second floor"/>
      <exampleBoolean value="true"/>
    </resource>
    <resource>
      <extension url="http://hl7.org/fhir/tools/StructureDefinition/resource-information">
        <valueString value="Organization"/>
      </extension>
      <extension url="http://hl7.org/fhir/StructureDefinition/implementationguide-page">
        <valueUri value="Organization-CMS-Organization-01.html"/>
      </extension>
      <reference>
        <reference value="Organization/CMS-Organization-01"/>
      </reference>
      <name value="CMS-Organization-01"/>
      <exampleBoolean value="true"/>
    </resource>
    <resource>
      <extension url="http://hl7.org/fhir/tools/StructureDefinition/resource-information">
        <valueString value="Organization"/>
      </extension>
      <extension url="http://hl7.org/fhir/StructureDefinition/implementationguide-page">
        <valueUri value="Organization-CMS-Organization-02.html"/>
      </extension>
      <reference>
        <reference value="Organization/CMS-Organization-02"/>
      </reference>
      <name value="CMS-Organization-02"/>
      <exampleBoolean value="true"/>
    </resource>
    <resource>
      <extension url="http://hl7.org/fhir/tools/StructureDefinition/resource-information">
        <valueString value="Practitioner"/>
      </extension>
      <extension url="http://hl7.org/fhir/StructureDefinition/implementationguide-page">
        <valueUri value="Practitioner-CMS-Practitioner-01.html"/>
      </extension>
      <reference>
        <reference value="Practitioner/CMS-Practitioner-01"/>
      </reference>
      <name value="CMS-Practitioner-01"/>
      <exampleBoolean value="true"/>
    </resource>
    <resource>
      <extension url="http://hl7.org/fhir/tools/StructureDefinition/resource-information">
        <valueString value="Practitioner"/>
      </extension>
      <extension url="http://hl7.org/fhir/StructureDefinition/implementationguide-page">
        <valueUri value="Practitioner-CMS-Practitioner-02.html"/>
      </extension>
      <reference>
        <reference value="Practitioner/CMS-Practitioner-02"/>
      </reference>
      <name value="CMS-Practitioner-02"/>
      <exampleBoolean value="true"/>
    </resource>
    <page>
      <nameUrl value="toc.html"/>
      <title value="Table of Contents"/>
      <generation value="html"/>
      <page>
        <nameUrl value="index.html"/>
        <title value="Home"/>
        <generation value="markdown"/>
      </page>
    </page>
    <parameter>
      <code value="path-resource"/>
      <value value="input/capabilities"/>
    </parameter>
    <parameter>
      <code value="path-resource"/>
      <value value="input/examples"/>
    </parameter>
    <parameter>
      <code value="path-resource"/>
      <value value="input/extensions"/>
    </parameter>
    <parameter>
      <code value="path-resource"/>
      <value value="input/models"/>
    </parameter>
    <parameter>
      <code value="path-resource"/>
      <value value="input/operations"/>
    </parameter>
    <parameter>
      <code value="path-resource"/>
      <value value="input/profiles"/>
    </parameter>
    <parameter>
      <code value="path-resource"/>
      <value value="input/resources"/>
    </parameter>
    <parameter>
      <code value="path-resource"/>
      <value value="input/vocabulary"/>
    </parameter>
    <parameter>
      <code value="path-resource"/>
      <value value="input/maps"/>
    </parameter>
    <parameter>
      <code value="path-resource"/>
      <value value="input/testing"/>
    </parameter>
    <parameter>
      <code value="path-pages"/>
      <value value="template/config"/>
    </parameter>
    <parameter>
      <code value="path-pages"/>
      <value value="input/images"/>
    </parameter>
    <parameter>
      <code value="path-tx-cache"/>
      <value value="input-cache/txcache"/>
    </parameter>
  </definition>
</ImplementationGuide>