<?xml version="1.0" encoding="UTF-8"?>

<Observation xmlns="http://hl7.org/fhir">
  <id value="BCS-Hospital-MOCA-1"/>
  <meta>
    <profile value="https://paciowg.github.io/cognitive-status-ig/StructureDefinition/pacio-bcs"/>
  </meta>
  <text>
    <status value="generated"/><div xmlns="http://www.w3.org/1999/xhtml"><p><b>Generated Narrative</b></p><p><b>id</b>: BCS-Hospital-MOCA-1</p><p><b>meta</b>: </p><p></p><p><b>category</b>: <span title="Codes: {http://terminology.hl7.org/CodeSystem/observation-category survey}">Survey</span></p><p><b>code</b>: <span title="Codes: {http://loinc.org 72133-2}">Montreal Cognitive Assessment [MoCA]</span></p><p><b>subject</b>: <a href="Patient-patientBSJ1.html">Generated Summary: id: patientBSJ1; Betsy Smith-Johnson </a></p><p><b>effective</b>: Jul 8, 2020 10:32:00 PM</p><p><b>performer</b>: </p><ul><li><a href="Practitioner-Practitioner-JennyGlass.html">Generated Summary: id: Practitioner-JennyGlass; active; Jenny Glass ; gender: female</a></li><li><a href="PractitionerRole-Role-SLP.html">Generated Summary: id: Role-SLP; active; <span title="Codes: {http://snomed.info/sct 159026005}">Speech Language Pathologist</span></a></li><li><a href="Organization-Org-01.html">Organization. Generated Summary: id: Org-01; name: San Antonio General Hospital</a></li></ul><p><b>value</b>: <span title="Codes: ">18</span></p><p><b>derivedFrom</b>: <a href="QuestionnaireResponse-QResponse-Hospital-MOCA-1.html">Questionnaire Response. Generated Summary: id: QResponse-Hospital-MOCA-1; questionnaire: https://api.logicahealth.org/PACIO/open/Questionnaire/MDS3.0-NC-1.17; status: completed; authored: Jul 8, 2020 10:32:00 PM</a></p></div>
  </text>
  <extension url="http://hl7.org/fhir/StructureDefinition/event-location">
    <valueReference>
      <reference value="Location/Org-Loc-01"/>
    </valueReference>
  </extension>
  <status value="final"/>
  <category>
    <coding>
      <system value="http://terminology.hl7.org/CodeSystem/observation-category"/>
      <code value="survey"/>
    </coding>
  </category>
  <code>
    <coding>
      <system value="http://loinc.org"/>
      <code value="72133-2"/>
      <display value="Montreal Cognitive Assessment [MoCA]"/>
    </coding>
  </code>
  <subject>
    <reference value="Patient/patientBSJ1"/>
  </subject>
  <effectiveDateTime value="2020-07-08T17:32:00-05:00"/>
  <performer>
    <reference value="Practitioner/Practitioner-JennyGlass"/>
  </performer>
  <performer>
    <reference value="PractitionerRole/Role-SLP"/>
  </performer>
  <performer>
    <reference value="Organization/Org-01"/>
    <display value="Organization"/>
  </performer>
  <valueCodeableConcept>
    <coding>
      <display value="Total score [MoCA]"/>
    </coding>
    <text value="18"/>
  </valueCodeableConcept>
  <derivedFrom>
    <reference value="QuestionnaireResponse/QResponse-Hospital-MOCA-1"/>
    <display value="Questionnaire Response"/>
  </derivedFrom>
</Observation>