<?xml version="1.0" encoding="UTF-8"?>

<Observation xmlns="http://hl7.org/fhir">
  <id value="BCS-Hospital-MMSE-1"/>
  <meta>
    <profile value="https://paciowg.github.io/cognitive-status-ig/StructureDefinition/pacio-bcs"/>
  </meta>
  <text>
    <status value="extensions"/><div xmlns="http://www.w3.org/1999/xhtml"><p><b>Generated Narrative</b></p><h3>Ids</h3><table class="grid"><tr><td>-</td></tr><tr><td>*</td></tr></table><h3>Meta</h3><table class="grid"><tr><td>-</td></tr><tr><td>*</td></tr></table><p><b>Event Location</b>: </p><p></p><p><b>category</b>: <span title="Codes: {http://terminology.hl7.org/CodeSystem/observation-category survey}">Survey</span></p><p><b>code</b>: <span title="Codes: {http://loinc.org 72107-6}">Mini-Mental State Examination [MMSE]</span></p><p><b>subject</b>: <a href="Patient-patientBSJ1.html">Generated Summary: Betsy Smith-Johnson </a></p><p><b>encounter</b>: <a href="Encounter-BSJ-Encounter-1.html">Generated Summary: status: finished; <span title="{http://terminology.hl7.org/CodeSystem/v3-ActCode IMP}">Inpatient encounter</span>; <span title="Codes: {http://snomed.info/sct 32485007}">Hospital admission (procedure)</span>; period: Jul 7, 2020 1:00:00 PM --&gt; Jul 11, 2020 8:30:00 AM</a></p><p><b>effective</b>: Jul 8, 2020 3:32:00 PM</p><p><b>performer</b>: </p><ul><li><a href="Practitioner-Practitioner-JennyGlass.html">Generated Summary: active; Jenny Glass ; gender: female</a></li><li><a href="PractitionerRole-Role-SLP.html">Generated Summary: active; <span title="Codes: {http://snomed.info/sct 159026005}">Speech Language Pathologist</span></a></li><li><a href="Organization-Org-01.html">Organization. Generated Summary: name: San Antonio General Hospital</a></li></ul><p><b>value</b>: <span title="Codes: ">20</span></p><p><b>derivedFrom</b>: <a href="QuestionnaireResponse-QResponse-Hospital-MMSE-1.html">Questionnaire Response. Generated Summary: questionnaire: https://api.logicahealth.org/PACIO/open/Questionnaire/MDS3.0-NC-1.17; status: completed; authored: Jul 8, 2020 3:32:00 PM</a></p></div>
  </text>
  <extension url="http://hl7.org/fhir/StructureDefinition/event-location">
    <valueReference>
      <reference value="Location/Org-Loc-01"/>
    </valueReference>
  </extension>
  <status value="final"/>
  <category>
    <coding>
      <system value="http://terminology.hl7.org/CodeSystem/observation-category"/>
      <code value="survey"/>
    </coding>
  </category>
  <code>
    <coding>
      <system value="http://loinc.org"/>
      <code value="72107-6"/>
      <display value="Mini-Mental State Examination [MMSE]"/>
    </coding>
  </code>
  <subject>
    <reference value="Patient/patientBSJ1"/>
  </subject>
  <encounter>
    <reference value="Encounter/BSJ-Encounter-1"/>
  </encounter>
  <effectiveDateTime value="2020-07-08T17:32:00-05:00"/>
  <performer>
    <reference value="Practitioner/Practitioner-JennyGlass"/>
  </performer>
  <performer>
    <reference value="PractitionerRole/Role-SLP"/>
  </performer>
  <performer>
    <reference value="Organization/Org-01"/>
    <display value="Organization"/>
  </performer>
  <valueCodeableConcept>
    <coding>
      <display value="MMSE Total Score"/>
    </coding>
    <text value="20"/>
  </valueCodeableConcept>
  <derivedFrom>
    <reference value="QuestionnaireResponse/QResponse-Hospital-MMSE-1"/>
    <display value="Questionnaire Response"/>
  </derivedFrom>
</Observation>