<?xml version="1.0" encoding="UTF-8"?>

<Observation xmlns="http://hl7.org/fhir">
  <id value="BetsySmith-MDS-CAM01-MentalStatusChange"/>
  <meta>
    <profile value="http://pacioproject.org/StructureDefinition/pacio-cs"/>
  </meta>
  <text>
    <status value="generated"/><div xmlns="http://www.w3.org/1999/xhtml"><p><b>Generated Narrative with Details</b></p><p><b>id</b>: BetsySmith-MDS-CAM01-MentalStatusChange</p><p><b>meta</b>: </p><p><b>status</b>: final</p><p><b>code</b>: Acute onset mental status change [CMS Assessment] <span style="background: LightGoldenRodYellow">(Details : {LOINC code '54632-5' = 'Acute onset mental status change [CMS Assessment])</span></p><p><b>subject</b>: <a href="Betsy Smith">Betsy Smith</a></p><p><b>performer</b>: <a href="CMS Provider">CMS Provider</a></p><p><b>value</b>: No <span style="background: LightGoldenRodYellow">(Details : {LOINC code 'LA32-8' = 'No)</span></p></div>
  </text>
  <status value="final"/>
  <code>
    <coding>
      <system value="http://loinc.org"/>
      <code value="54632-5"/>
    </coding>
  </code>
  <subject>
    <reference value="Betsy Smith"/>
  </subject>
  <performer>
    <reference value="CMS Provider"/>
  </performer>
  <valueCodeableConcept>
    <coding>
      <system value="http://loinc.org"/>
      <code value="LA32-8"/>
    </coding>
  </valueCodeableConcept>
</Observation>