<?xml version="1.0" encoding="UTF-8"?>

<Observation xmlns="http://hl7.org/fhir">
  <id value="BCS-SNF-BIMS-1-Ob-Question-6"/>
  <meta>
    <profile value="http://hl7.org/fhir/us/pacio-cs/StructureDefinition/pacio-cs"/>
  </meta>
  <text>
    <status value="extensions"/><div xmlns="http://www.w3.org/1999/xhtml"><p><b>Generated Narrative</b></p><h3>Ids</h3><table class="grid"><tr><td>-</td></tr><tr><td>*</td></tr></table><h3>Meta</h3><table class="grid"><tr><td>-</td></tr><tr><td>*</td></tr></table><p><b>Event Location</b>: </p><p></p><p><b>category</b>: <span title="Codes: {http://terminology.hl7.org/CodeSystem/observation-category laboratory}">Laboratory</span></p><p><b>code</b>: <span title="Codes: {http://loinc.org 52736-6}">Able to recall 'blue'</span></p><p><b>subject</b>: <a href="Patient-patientBSJ1.html">Generated Summary: Betsy Smith-Johnson </a></p><p><b>effective</b>: Jul 11, 2020 9:30:00 AM</p><p><b>performer</b>: </p><ul><li><a href="Practitioner-Practitioner-HoneyJones.html">Generated Summary: active; Honey Jones ; gender: female</a></li><li><a href="PractitionerRole-Role-SLP.html">Generated Summary: active; <span title="Codes: {http://snomed.info/sct 159026005}">Speech and language therapist</span></a></li><li><a href="Organization-Org-02.html">Organization. Generated Summary: name: Happy Nursing Facility</a></li></ul><p><b>value</b>: <span title="Codes: {http://loinc.org LA10978-7}">Yes, after cueing ('a color')</span></p><p><b>derivedFrom</b>: <a href="QuestionnaireResponse-QResponse-SNF-BIMS-1.html">Generated Summary: status: completed; authored: Jul 11, 2020 9:30:00 AM</a></p></div>
  </text>
  <extension url="http://hl7.org/fhir/StructureDefinition/event-location">
    <valueReference>
      <reference value="Location/Org-Loc-02"/>
    </valueReference>
  </extension>
  <status value="final"/>
  <category>
    <coding>
      <system value="http://terminology.hl7.org/CodeSystem/observation-category"/>
      <code value="laboratory"/>
    </coding>
  </category>
  <code>
    <coding>
      <system value="http://loinc.org"/>
      <code value="52736-6"/>
      <display value="Recall - blue [BIMS]"/>
    </coding>
    <text value="Able to recall &#39;blue&#39;"/>
  </code>
  <subject>
    <reference value="Patient/patientBSJ1"/>
  </subject>
  <effectiveDateTime value="2020-07-11T11:30:00-05:00"/>
  <performer>
    <reference value="Practitioner/Practitioner-HoneyJones"/>
  </performer>
  <performer>
    <reference value="PractitionerRole/Role-SLP"/>
  </performer>
  <performer>
    <reference value="Organization/Org-02"/>
    <display value="Organization"/>
  </performer>
  <valueCodeableConcept>
    <coding>
      <system value="http://loinc.org"/>
      <code value="LA10978-7"/>
      <display value="Yes, after cueing (&#39;a color&#39;)"/>
    </coding>
    <text value="Yes, after cueing (&#39;a color&#39;)"/>
  </valueCodeableConcept>
  <derivedFrom>
    <reference value="QuestionnaireResponse/QResponse-SNF-BIMS-1"/>
  </derivedFrom>
</Observation>