<?xml version="1.0" encoding="UTF-8"?>

<Observation xmlns="http://hl7.org/fhir">
  <id value="BCS-SNF-BIMS-1-Ob-Question-7"/>
  <meta>
    <profile value="https://paciowg.github.io/cognitive-status-ig/StructureDefinition/pacio-cs"/>
  </meta>
  <text>
    <status value="generated"/><div xmlns="http://www.w3.org/1999/xhtml"><p><b>Generated Narrative</b></p><p><b>id</b>: BCS-SNF-BIMS-1-Ob-Question-7</p><p><b>meta</b>: </p><p></p><p><b>code</b>: <span title="Codes: {http://loinc.org 52737-4}">Able to recall 'bed'</span></p><p><b>subject</b>: <a href="Patient-patientBSJ1.html">Generated Summary: id: patientBSJ1; Betsy Smith-Johnson </a></p><p><b>effective</b>: Jul 11, 2020 4:30:00 PM</p><p><b>performer</b>: </p><ul><li><a href="Practitioner-Practitioner-HoneyJones.html">Generated Summary: id: Practitioner-HoneyJones; active; Honey Jones ; gender: female</a></li><li><a href="PractitionerRole-Role-SLP.html">Generated Summary: id: Role-SLP; active; <span title="Codes: {http://snomed.info/sct 159026005}">Speech Language Pathologist</span></a></li><li><a href="Organization-Org-02.html">Organization. Generated Summary: id: Org-02; name: Happy Nursing Facility</a></li></ul><p><b>value</b>: <span title="Codes: {http://loinc.org LA10125-5}">Yes, after cueing ('a piece of furniture')</span></p><p><b>derivedFrom</b>: <a href="QuestionnaireResponse-QResponse-SNF-BIMS-1.html">Generated Summary: id: QResponse-SNF-BIMS-1; questionnaire: https://api.logicahealth.org/PACIO/open/Questionnaire/MDS3.0-NC-1.17; status: completed; authored: Jul 11, 2020 4:30:00 PM</a></p></div>
  </text>
  <extension url="http://hl7.org/fhir/StructureDefinition/event-location">
    <valueReference>
      <reference value="Location/Org-Loc-02"/>
    </valueReference>
  </extension>
  <status value="final"/>
  <code>
    <coding>
      <system value="http://loinc.org"/>
      <code value="52737-4"/>
      <display value="Able to recall bed"/>
    </coding>
    <text value="Able to recall &#39;bed&#39;"/>
  </code>
  <subject>
    <reference value="Patient/patientBSJ1"/>
  </subject>
  <effectiveDateTime value="2020-07-11T11:30:00-05:00"/>
  <performer>
    <reference value="Practitioner/Practitioner-HoneyJones"/>
  </performer>
  <performer>
    <reference value="PractitionerRole/Role-SLP"/>
  </performer>
  <performer>
    <reference value="Organization/Org-02"/>
    <display value="Organization"/>
  </performer>
  <valueCodeableConcept>
    <coding>
      <system value="http://loinc.org"/>
      <code value="LA10125-5"/>
      <display value="Yes, after cueing (&#39;a piece of furniture&#39;)"/>
    </coding>
    <text value="Yes, after cueing (&#39;a piece of furniture&#39;)"/>
  </valueCodeableConcept>
  <derivedFrom>
    <reference value="QuestionnaireResponse/QResponse-SNF-BIMS-1"/>
  </derivedFrom>
</Observation>