<?xml version="1.0" encoding="UTF-8"?>

<Observation xmlns="http://hl7.org/fhir">
  <id value="Assessment-4-HHDischargePerf"/>
  <meta>
    <profile value="http://pacioproject.org/StructureDefinition/pacio-bcs"/>
  </meta>
  <text>
    <status value="generated"/><div xmlns="http://www.w3.org/1999/xhtml"><p><b>Generated Narrative with Details</b></p><p><b>id</b>: Assessment-4-HHDischargePerf</p><p><b>meta</b>: </p><p><b>status</b>: final</p><p><b>category</b>: Survey <span style="background: LightGoldenRodYellow">(Details : {http://terminology.hl7.org/CodeSystem/observation-category code 'survey' = 'Survey)</span></p><p><b>code</b>: Functional Abilities and Goals - Discharge (End of SNF PPS Stay) <span style="background: LightGoldenRodYellow">(Details : {LOINC code '88483-3' = 'Functional abilities and goals - discharge [CMS Assessment]', given as 'Functional Abilities and Goals - Discharge (End of SNF PPS Stay)'})</span></p><p><b>subject</b>: <a href="Patient-BetsySmith.html">Generated Summary: id: BetsySmith; Betsy Smith ; gender: female; birthDate: 1959-06-14</a></p><p><b>effective</b>: May 1, 2020 7:00:00 PM</p><p><b>performer</b>: </p><ul><li><a href="&quot;ScottDumble&quot;">&quot;ScottDumble&quot;</a></li><li><a href="Organization-SkyHarborHomeHealthServices.html">Organization. Generated Summary: id: SkyHarborHomeHealthServices; name: Sky Harbor Home Health Services</a></li></ul><p><b>hasMember</b>: </p><ul><li><a href="Observation-Assessment-4-HHDischargePerf-Observation-4.html">Generated Summary: id: Assessment-4-HHDischargePerf-Observation-4; <span title="Codes: {http://loinc.org 54632-5}">Acute Onset Mental Status Change. Is there evidence of an acute change in mental status from the resident's baseline?</span>; effective: May 1, 2020 7:00:00 PM; <span title="Codes: {http://loinc.org LA33-6}">Yes</span></a></li><li><a href="Observation-Assessment-4-HHDischargePerf-Observation-8.html">Generated Summary: id: Assessment-4-HHDischargePerf-Observation-8; <span title="Codes: {http://loinc.org 54628-3}">Inattention - Did the resident have difficulty focusing attention, for example, being easily distractible or having difficulty keeping track of what was being said?</span>; effective: May 1, 2020 7:00:00 PM; <span title="Codes: {http://loinc.org LA10993-6}">Behavior present, fluctuates (comes and goes, changes in severity)</span></a></li><li><a href="Observation-Assessment-4-HHDischargePerf-Observation-12.html">Generated Summary: id: Assessment-4-HHDischargePerf-Observation-12; <span title="Codes: {http://loinc.org 54629-1}">Disorganized Thinking - Was the resident's thinking disorganized or incoherent (rambling or irrelevant conversation, unclear or illogical flow of ideas, or unpredictable switching from subject to subject)?</span>; effective: May 1, 2020 7:00:00 PM; <span title="Codes: {http://loinc.org LA61-7}">Behavior not present</span></a></li></ul><p><b>derivedFrom</b>: <a href="QuestionnaireResponse-QuestionnaireResponse-4-HHDischargePerf.html">Questionnaire Response. Generated Summary: id: QuestionnaireResponse-4-HHDischargePerf; questionnaire: Q-MDS3-NC-1.17; status: completed; authored: May 1, 2020 7:00:00 PM</a></p></div>
  </text>
  <status value="final"/>
  <category>
    <coding>
      <system value="http://terminology.hl7.org/CodeSystem/observation-category"/>
      <code value="survey"/>
    </coding>
  </category>
  <code>
    <coding>
      <system value="http://loinc.org"/>
      <code value="88483-3"/>
      <display value="Functional Abilities and Goals - Discharge (End of SNF PPS Stay)"/>
    </coding>
  </code>
  <subject>
    <reference value="Patient/BetsySmith"/>
  </subject>
  <effectiveDateTime value="2020-05-01T14:00:00-05:00"/>
  <performer>
    <reference value="&quot;ScottDumble&quot;"/>
  </performer>
  <performer>
    <reference value="Organization/SkyHarborHomeHealthServices"/>
    <display value="Organization"/>
  </performer>
  <hasMember>
    <reference value="Observation/Assessment-4-HHDischargePerf-Observation-4"/>
  </hasMember>
  <hasMember>
    <reference value="Observation/Assessment-4-HHDischargePerf-Observation-8"/>
  </hasMember>
  <hasMember>
    <reference value="Observation/Assessment-4-HHDischargePerf-Observation-12"/>
  </hasMember>
  <derivedFrom>
    <reference value="QuestionnaireResponse/QuestionnaireResponse-4-HHDischargePerf"/>
    <display value="Questionnaire Response"/>
  </derivedFrom>
</Observation>