<?xml version="1.0" encoding="UTF-8"?>

<Observation xmlns="http://hl7.org/fhir">
  <id value="Connectathon-Assessment-CS-Hospital-CAM"/>
  <meta>
    <profile value="http://pacioproject.org/StructureDefinition/pacio-bcs"/>
  </meta>
  <text>
    <status value="generated"/><div xmlns="http://www.w3.org/1999/xhtml"><p><b>Generated Narrative</b></p><p><b>id</b>: Connectathon-Assessment-CS-Hospital-CAM</p><p><b>meta</b>: </p><p></p><p><b>category</b>: <span title="Codes: {http://terminology.hl7.org/CodeSystem/observation-category survey}">Survey</span></p><p><b>code</b>: <span title="Codes: {http://loinc.org 86585-7}">Signs and Symptoms of Delirium (from CAM)</span></p><p><b>subject</b>: <a href="Patient-patientBSJ1.html">Generated Summary: id: patientBSJ1; Betsy Smith-Johnson </a></p><p><b>effective</b>: Apr 5, 2020 3:00:00 PM</p><p><b>performer</b>: </p><ul><li><a href="Practitioner-Connectathon-Practitioner-RonBurgendy.html">Generated Summary: id: Connectathon-Practitioner-RonBurgendy; active; Ron Burgendy ; gender: male</a></li><li><a href="PractitionerRole-Connectathon-Role-RN.html">Generated Summary: id: Connectathon-Role-RN; active; <span title="Codes: {http://snomed.info/sct 224535009}">Registered Nurse</span></a></li><li><a href="Organization-Connectathon-Org-01.html">Organization. Generated Summary: id: Connectathon-Org-01; name: San Antonio General Hospital</a></li></ul><p><b>hasMember</b>: </p><ul><li><a href="Observation-Connectathon-Assessment-CS-Hospital-CAM-Ob-1.html">Generated Summary: id: Connectathon-Assessment-CS-Hospital-CAM-Ob-1; <span title="Codes: {http://loinc.org 54632-5}">Acute Onset Mental Status Change. Is there evidence of an acute change in mental status from the resident's baseline?</span>; effective: Apr 5, 2020 3:00:00 PM; <span title="Codes: {http://loinc.org LA32-8}">No</span></a></li><li><a href="Observation-Connectathon-Assessment-CS-Hospital-CAM-Ob-6.html">Generated Summary: id: Connectathon-Assessment-CS-Hospital-CAM-Ob-6; <span title="Codes: {http://loinc.org 54628-3}">Inattention - Did the resident have difficulty focusing attention, for example, being easily distractible or having difficulty keeping track of what was being said?</span>; effective: Apr 5, 2020 3:00:00 PM; <span title="Codes: {http://loinc.org LA10993-6}">Behavior present, fluctuates (comes and goes, changes in severity)</span></a></li><li><a href="Observation-Connectathon-Assessment-CS-Hospital-CAM-Ob-11.html">Generated Summary: id: Connectathon-Assessment-CS-Hospital-CAM-Ob-11; <span title="Codes: {http://loinc.org 54629-1}">Disorganized Thinking - Was the resident's thinking disorganized or incoherent (rambling or irrelevant conversation, unclear or illogical flow of ideas, or unpredictable switching from subject to subject)?</span>; effective: Apr 5, 2020 3:00:00 PM; <span title="Codes: {http://loinc.org LA61-7}">Behavior not present</span></a></li></ul><p><b>derivedFrom</b>: <a href="QuestionnaireResponse-Connectathon-QuestResponse-CS-Hospital-CAM.html">Questionnaire Response. Generated Summary: id: Connectathon-QuestResponse-CS-Hospital-CAM; questionnaire: https://api.logicahealth.org/PACIO/open/Questionnaire/MDS3.0-NC-1.17; status: completed; authored: Apr 5, 2020 3:00:00 PM</a></p></div>
  </text>
  <extension url="http://hl7.org/fhir/StructureDefinition/event-location">
    <valueReference>
      <reference value="Location/Connectathon-Org-Loc-01"/>
    </valueReference>
  </extension>
  <status value="final"/>
  <category>
    <coding>
      <system value="http://terminology.hl7.org/CodeSystem/observation-category"/>
      <code value="survey"/>
    </coding>
  </category>
  <code>
    <coding>
      <system value="http://loinc.org"/>
      <code value="86585-7"/>
      <display value="Signs and Symptoms of Delirium (from CAM)"/>
    </coding>
  </code>
  <subject>
    <reference value="Patient/patientBSJ1"/>
  </subject>
  <effectiveDateTime value="2020-04-05T10:00:00-05:00"/>
  <performer>
    <reference value="Practitioner/Connectathon-Practitioner-RonBurgendy"/>
  </performer>
  <performer>
    <reference value="PractitionerRole/Connectathon-Role-RN"/>
  </performer>
  <performer>
    <reference value="Organization/Connectathon-Org-01"/>
    <display value="Organization"/>
  </performer>
  <hasMember>
    <reference value="Observation/Connectathon-Assessment-CS-Hospital-CAM-Ob-1"/>
  </hasMember>
  <hasMember>
    <reference value="Observation/Connectathon-Assessment-CS-Hospital-CAM-Ob-6"/>
  </hasMember>
  <hasMember>
    <reference value="Observation/Connectathon-Assessment-CS-Hospital-CAM-Ob-11"/>
  </hasMember>
  <derivedFrom>
    <reference value="QuestionnaireResponse/Connectathon-QuestResponse-CS-Hospital-CAM"/>
    <display value="Questionnaire Response"/>
  </derivedFrom>
</Observation>