<?xml version="1.0" encoding="UTF-8"?>

<Observation xmlns="http://hl7.org/fhir">
  <id value="CSC-SNF-PHQ9-1-Ob-Question-11"/>
  <meta>
    <profile value="http://paciowg.github.io/cognitive-status-ig/StructureDefinition/pacio-cs"/>
  </meta>
  <text>
    <status value="extensions"/><div xmlns="http://www.w3.org/1999/xhtml"><p><b>Generated Narrative</b></p><p><b>ObservationEventLocation</b>: <a href="Location-Org-Loc-03.html">Generated Summary: status: active; name: Sky Harbor Home Health Services</a></p><p></p><p><b>category</b>: <span title="Codes: {http://paciowg.github.io/cognitive-status-ig/CodeSystem/pacio-cat-cs functioning}">Functioning</span>, <span title="Codes: {http://terminology.hl7.org/CodeSystem/observation-category survey}">Survey</span></p><p><b>code</b>: <span title="Codes: {http://loinc.org 54636-6}">Little interest or pleasure in doing things</span></p><p><b>subject</b>: <a href="Patient-patientBSJ1.html">Generated Summary: Betsy Smith-Johnson</a></p><p><b>effective</b>: Jul 11, 2020, 9:30:00 AM</p><p><b>performer</b>: <a href="PractitionerRole-Role-SLP-LunaBaskins.html">Generated Summary: active; <span title="Codes: {http://snomed.info/sct 159026005}">Speech and language therapist</span></a></p><p><b>value</b>: <span title="Codes: {http://loinc.org LA33-6}">Yes</span></p><p><b>derivedFrom</b>: <a href="QuestionnaireResponse-QResponse-SNF-PHQ9-1.html">Generated Summary: questionnaire: http://paciowg.github.io/cognitive-status-ig/MDS3.0-NC-1.17; status: completed; authored: Jul 11, 2020, 9:30:00 AM</a></p></div>
  </text>
  <extension url="http://paciowg.github.io/cognitive-status-ig/StructureDefinition/event-location">
    <valueReference>
      <reference value="Location/Org-Loc-03"/>
    </valueReference>
  </extension>
  <status value="final"/>
  <category>
    <coding>
      <system value="http://paciowg.github.io/cognitive-status-ig/CodeSystem/pacio-cat-cs"/>
      <code value="functioning"/>
      <display value="Functioning"/>
    </coding>
  </category>
  <category>
    <coding>
      <system value="http://terminology.hl7.org/CodeSystem/observation-category"/>
      <code value="survey"/>
    </coding>
  </category>
  <code>
    <coding>
      <system value="http://loinc.org"/>
      <code value="54636-6"/>
      <display value="Little interest or pleasure in doing things in last 2 weeks.presence [Reported PHQ-9 CMS]"/>
    </coding>
    <text value="Little interest or pleasure in doing things"/>
  </code>
  <subject>
    <reference value="Patient/patientBSJ1"/>
  </subject>
  <effectiveDateTime value="2020-07-11T11:30:00-05:00"/>
  <performer>
    <reference value="PractitionerRole/Role-SLP-LunaBaskins"/>
  </performer>
  <valueCodeableConcept>
    <coding>
      <system value="http://loinc.org"/>
      <code value="LA33-6"/>
      <display value="Yes"/>
    </coding>
    <text value="Yes"/>
  </valueCodeableConcept>
  <derivedFrom>
    <reference value="QuestionnaireResponse/QResponse-SNF-PHQ9-1"/>
  </derivedFrom>
</Observation>