<?xml version="1.0" encoding="UTF-8"?>

<Observation xmlns="http://hl7.org/fhir">
  <id value="CSC-Hospital-MOCA-1"/>
  <meta>
    <profile value="http://paciowg.github.io/cognitive-status-ig/StructureDefinition/pacio-csc"/>
  </meta>
  <text>
    <status value="extensions"/><div xmlns="http://www.w3.org/1999/xhtml"><p><b>Generated Narrative</b></p><p><b>ObservationEventLocation</b>: <a href="Location-Org-Loc-01.html">Generated Summary: status: active; name: San Antonio General Hospital</a></p><p></p><p><b>category</b>: <span title="Codes: {http://paciowg.github.io/cognitive-status-ig/CodeSystem/pacio-cat-cs functioning}">Functioning</span>, <span title="Codes: {http://terminology.hl7.org/CodeSystem/observation-category survey}">Survey</span></p><p><b>code</b>: <span title="Codes: {http://loinc.org 72133-2}">Montreal Cognitive Assessment [MoCA]</span></p><p><b>subject</b>: <a href="Patient-patientBSJ1.html">Generated Summary: Betsy Smith-Johnson</a></p><p><b>effective</b>: Jul 8, 2020, 3:32:00 PM</p><p><b>performer</b>: <a href="PractitionerRole-Role-SLP-JennyGlass.html">Generated Summary: active; <span title="Codes: {http://snomed.info/sct 159026005}">Speech and language therapist</span></a></p><p><b>hasMember</b>: <a href="Observation-CSC-Hospital-MOCA-1-Ob-Question-1.html">Generated Summary: <span title="Codes: {http://paciowg.github.io/cognitive-status-ig/CodeSystem/pacio-cat-cs functioning}">Functioning</span>, <span title="Codes: {http://terminology.hl7.org/CodeSystem/observation-category survey}">Survey</span>; <span title="Codes: {http://loinc.org 72172-0}">Total score [MoCA]</span>; effective: Jul 8, 2020, 3:32:00 PM; 18 {score}</a></p><p><b>derivedFrom</b>: <a href="QuestionnaireResponse-QResponse-Hospital-MOCA-1.html">Generated Summary: questionnaire: http://paciowg.github.io/cognitive-status-ig/MDS3.0-NC-1.17; status: completed; authored: Jul 8, 2020, 3:32:00 PM</a></p></div>
  </text>
  <extension url="http://paciowg.github.io/cognitive-status-ig/StructureDefinition/event-location">
    <valueReference>
      <reference value="Location/Org-Loc-01"/>
    </valueReference>
  </extension>
  <status value="final"/>
  <category>
    <coding>
      <system value="http://paciowg.github.io/cognitive-status-ig/CodeSystem/pacio-cat-cs"/>
      <code value="functioning"/>
      <display value="Functioning"/>
    </coding>
  </category>
  <category>
    <coding>
      <system value="http://terminology.hl7.org/CodeSystem/observation-category"/>
      <code value="survey"/>
      <display value="Survey"/>
    </coding>
  </category>
  <code>
    <coding>
      <system value="http://loinc.org"/>
      <code value="72133-2"/>
      <display value="Montreal Cognitive Assessment [MoCA]"/>
    </coding>
  </code>
  <subject>
    <reference value="Patient/patientBSJ1"/>
  </subject>
  <effectiveDateTime value="2020-07-08T17:32:00-05:00"/>
  <performer>
    <reference value="PractitionerRole/Role-SLP-JennyGlass"/>
  </performer>
  <hasMember>
    <reference value="Observation/CSC-Hospital-MOCA-1-Ob-Question-1"/>
  </hasMember>
  <derivedFrom>
    <reference value="QuestionnaireResponse/QResponse-Hospital-MOCA-1"/>
  </derivedFrom>
</Observation>