<?xml version="1.0" encoding="UTF-8"?>

<Observation xmlns="http://hl7.org/fhir">
  <id value="Assessment-1-First3DSNFAdmission-Observation-19"/>
  <meta>
    <profile value="http://pacioproject.org/StructureDefinition/pacio-cs"/>
  </meta>
  <text>
    <status value="generated"/><div xmlns="http://www.w3.org/1999/xhtml"><p><b>Generated Narrative with Details</b></p><p><b>id</b>: Assessment-1-First3DSNFAdmission-Observation-19</p><p><b>meta</b>: </p><p><b>status</b>: final</p><p><b>code</b>: Able to recall 'bed' <span style="background: LightGoldenRodYellow">(Details : {LOINC code '52737-4' = 'Recall - bed [BIMS]', given as 'Able to recall bed'})</span></p><p><b>subject</b>: <a href="Patient-BetsySmith.html">Generated Summary: id: BetsySmith; Betsy Smith ; gender: female; birthDate: 1959-06-14</a></p><p><b>effective</b>: Apr 9, 2020 11:00:00 PM</p><p><b>performer</b>: </p><ul><li><a href="Practitioner-HoneyJones.html">Generated Summary: id: HoneyJones; active; Honey Jones ; gender: female</a></li><li><a href="Organization-HappyNursingFacility.html">Organization. Generated Summary: id: HappyNursingFacility; name: Happy Nursing Facility</a></li></ul><p><b>value</b>: 2 <span style="background: LightGoldenRodYellow">(Details )</span></p><p><b>derivedFrom</b>: <a href="QuestionnaireResponse-QuestionnaireResponse-1-First3DSNFAdmission.html">Generated Summary: id: QuestionnaireResponse-1-First3DSNFAdmission; questionnaire: Q-MDS3-NC-1.17; status: completed; authored: Apr 9, 2020 11:00:00 PM</a></p></div>
  </text>
  <extension url="http://hl7.org/fhir/StructureDefinition/event-location">
    <valueReference>
      <reference value="Location/HappyNursingFacility-Loc"/>
    </valueReference>
  </extension>
  <status value="final"/>
  <code>
    <coding>
      <system value="http://loinc.org"/>
      <code value="52737-4"/>
      <display value="Able to recall bed"/>
    </coding>
    <text value="Able to recall &#39;bed&#39;"/>
  </code>
  <subject>
    <reference value="Patient/BetsySmith"/>
  </subject>
  <effectiveDateTime value="2020-04-09T18:00:00-05:00"/>
  <performer>
    <reference value="Practitioner/HoneyJones"/>
  </performer>
  <performer>
    <reference value="Organization/HappyNursingFacility"/>
    <display value="Organization"/>
  </performer>
  <valueCodeableConcept>
    <text value="2"/>
  </valueCodeableConcept>
  <derivedFrom>
    <reference value="QuestionnaireResponse/QuestionnaireResponse-1-First3DSNFAdmission"/>
  </derivedFrom>
</Observation>