<?xml version="1.0" encoding="UTF-8"?>

<Observation xmlns="http://hl7.org/fhir">
  <id value="Assessment-SNF-PHQ9-Ob-27"/>
  <meta>
    <profile value="https://paciowg.github.io/cognitive-status-ig/StructureDefinition/pacio-cs"/>
  </meta>
  <text>
    <status value="generated"/><div xmlns="http://www.w3.org/1999/xhtml"><p><b>Generated Narrative</b></p><p><b>id</b>: Assessment-SNF-PHQ9-Ob-27</p><p><b>meta</b>: </p><p></p><p><b>code</b>: <span title="Codes: {http://loinc.org 54653-1}">Thoughts that you would be better off dead</span></p><p><b>subject</b>: <a href="Patient-patientBSJ1.html">Generated Summary: id: patientBSJ1; Betsy Smith-Johnson </a></p><p><b>effective</b>: Apr 9, 2020 11:00:00 PM</p><p><b>performer</b>: </p><ul><li><a href="Practitioner-Practitioner-HoneyJones.html">Generated Summary: id: Practitioner-HoneyJones; active; Honey Jones ; gender: female</a></li><li><a href="PractitionerRole-Role-RN.html">Generated Summary: id: Role-RN; active; <span title="Codes: {http://snomed.info/sct 224535009}">Registered Nurse</span></a></li><li><a href="Organization-Org-02.html">Organization. Generated Summary: id: Org-02; name: Happy Nursing Facility</a></li></ul><p><b>dataAbsentReason</b>: <span title="Codes: {http://terminology.hl7.org/CodeSystem/data-absent-reason not-asked}">Not Asked</span></p><p><b>derivedFrom</b>: <a href="QuestionnaireResponse-QResponse-SNF-PHQ9.html">Generated Summary: id: QResponse-SNF-PHQ9; questionnaire: https://api.logicahealth.org/PACIO/open/Questionnaire/MDS3.0-NC-1.17; status: completed; authored: Apr 9, 2020 11:00:00 PM</a></p></div>
  </text>
  <extension url="http://hl7.org/fhir/StructureDefinition/event-location">
    <valueReference>
      <reference value="Location/Org-Loc-02"/>
    </valueReference>
  </extension>
  <status value="final"/>
  <code>
    <coding>
      <system value="http://loinc.org"/>
      <code value="54653-1"/>
      <display value="Thoughts that you would be better off dead, or of hurting yourself in some way"/>
    </coding>
    <text value="Thoughts that you would be better off dead"/>
  </code>
  <subject>
    <reference value="Patient/patientBSJ1"/>
  </subject>
  <effectiveDateTime value="2020-04-09T18:00:00-05:00"/>
  <performer>
    <reference value="Practitioner/Practitioner-HoneyJones"/>
  </performer>
  <performer>
    <reference value="PractitionerRole/Role-RN"/>
  </performer>
  <performer>
    <reference value="Organization/Org-02"/>
    <display value="Organization"/>
  </performer>
  <dataAbsentReason>
    <coding>
      <system value="http://terminology.hl7.org/CodeSystem/data-absent-reason"/>
      <code value="not-asked"/>
      <display value="Not Asked"/>
    </coding>
  </dataAbsentReason>
  <derivedFrom>
    <reference value="QuestionnaireResponse/QResponse-SNF-PHQ9"/>
  </derivedFrom>
</Observation>