<?xml version="1.0" encoding="UTF-8"?>

<Observation xmlns="http://hl7.org/fhir">
  <id value="BCS-SNF-CAM-Discharge-1"/>
  <meta>
    <profile value="https://paciowg.github.io/cognitive-status-ig/StructureDefinition/pacio-bcs"/>
  </meta>
  <text>
    <status value="extensions"/><div xmlns="http://www.w3.org/1999/xhtml"><p><b>Generated Narrative</b></p><h3>Ids</h3><table class="grid"><tr><td>-</td></tr><tr><td>*</td></tr></table><h3>Meta</h3><table class="grid"><tr><td>-</td></tr><tr><td>*</td></tr></table><p><b>Event Location</b>: </p><p></p><p><b>category</b>: <span title="Codes: {http://terminology.hl7.org/CodeSystem/observation-category survey}">Survey</span></p><p><b>code</b>: <span title="Codes: {http://loinc.org 86585-7}">Signs and Symptoms of Delirium (from CAM)</span></p><p><b>subject</b>: <a href="Patient-patientBSJ1.html">Generated Summary: Betsy Smith-Johnson </a></p><p><b>effective</b>: Apr 23, 2020 12:00:00 PM</p><p><b>performer</b>: </p><ul><li><a href="Practitioner-Practitioner-HoneyJones.html">Generated Summary: active; Honey Jones ; gender: female</a></li><li><a href="Role-RN">Role-RN</a></li><li><a href="Organization-Org-02.html">Organization. Generated Summary: name: Happy Nursing Facility</a></li></ul><p><b>hasMember</b>: </p><ul><li><a href="Observation-BCS-SNF-CAM-Discharge-1-Ob-Question-2.html">Generated Summary: <span title="Codes: {http://loinc.org 54632-5}">Acute Onset Mental Status Change. Is there evidence of an acute change in mental status from the resident's baseline?</span>; effective: Apr 23, 2020 12:00:00 PM; <span title="Codes: {http://loinc.org LA33-6}">Yes</span></a></li><li><a href="Observation-BCS-SNF-CAM-Discharge-1-Ob-Question-4.html">Generated Summary: <span title="Codes: {http://loinc.org 54628-3}">Inattention - Did the resident have difficulty focusing attention, for example, being easily distractible or having difficulty keeping track of what was being said?</span>; effective: Apr 23, 2020 12:00:00 PM; <span title="Codes: {http://loinc.org LA10992-8}">Behavior continuously present, does not fluctuate</span></a></li><li><a href="Observation-BCS-SNF-CAM-Discharge-1-Ob-Question-6.html">Generated Summary: <span title="Codes: {http://loinc.org 54629-1}">Disorganized Thinking - Was the resident's thinking disorganized or incoherent (rambling or irrelevant conversation, unclear or illogical flow of ideas, or unpredictable switching from subject to subject)?</span>; effective: Apr 23, 2020 12:00:00 PM; <span title="Codes: {http://loinc.org LA10993-6}">Behavior present, fluctuates (comes and goes, changes in severity)</span></a></li></ul><p><b>derivedFrom</b>: <a href="QuestionnaireResponse-QResponse-SNF-CAM-Discharge-1.html">Questionnaire Response. Generated Summary: questionnaire: https://api.logicahealth.org/PACIO/open/Questionnaire/MDS3.0-NC-1.17; status: completed; authored: Apr 23, 2020 12:00:00 PM</a></p></div>
  </text>
  <extension url="http://hl7.org/fhir/StructureDefinition/event-location">
    <valueReference>
      <reference value="Location/Org-Loc-02"/>
    </valueReference>
  </extension>
  <status value="final"/>
  <category>
    <coding>
      <system value="http://terminology.hl7.org/CodeSystem/observation-category"/>
      <code value="survey"/>
    </coding>
  </category>
  <code>
    <coding>
      <system value="http://loinc.org"/>
      <code value="86585-7"/>
      <display value="Signs and Symptoms of Delirium (from CAM)"/>
    </coding>
  </code>
  <subject>
    <reference value="Patient/patientBSJ1"/>
  </subject>
  <effectiveDateTime value="2020-04-23T14:00:00-05:00"/>
  <performer>
    <reference value="Practitioner/Practitioner-HoneyJones"/>
  </performer>
  <performer>
    <reference value="Role-RN"/>
  </performer>
  <performer>
    <reference value="Organization/Org-02"/>
    <display value="Organization"/>
  </performer>
  <hasMember>
    <reference value="Observation/BCS-SNF-CAM-Discharge-1-Ob-Question-2"/>
  </hasMember>
  <hasMember>
    <reference value="Observation/BCS-SNF-CAM-Discharge-1-Ob-Question-4"/>
  </hasMember>
  <hasMember>
    <reference value="Observation/BCS-SNF-CAM-Discharge-1-Ob-Question-6"/>
  </hasMember>
  <derivedFrom>
    <reference value="QuestionnaireResponse/QResponse-SNF-CAM-Discharge-1"/>
    <display value="Questionnaire Response"/>
  </derivedFrom>
</Observation>