<?xml version="1.0" encoding="UTF-8"?>

<Practitioner xmlns="http://hl7.org/fhir">
  <id value="Connectathon-Practitioner-RonBurgendy"/>
  <text>
    <status value="generated"/><div xmlns="http://www.w3.org/1999/xhtml"><p><b>Generated Narrative</b></p><p><b>id</b>: Connectathon-Practitioner-RonBurgendy</p><p><b>active</b>: true</p><p><b>name</b>: Ron Burgendy </p><p><b>gender</b>: male</p></div>
  </text>
  <active value="true"/>
  <name>
    <family value="Burgendy"/>
    <given value="Ron"/>
  </name>
  <gender value="male"/>
</Practitioner>