<?xml version="1.0" encoding="UTF-8"?>

<PractitionerRole xmlns="http://hl7.org/fhir">
  <id value="provider-role-neurologist"/>
  <text>
    <status value="generated"/><div xmlns="http://www.w3.org/1999/xhtml"><p><b>Generated Narrative</b></p><p><b>active</b>: true</p><p><b>practitioner</b>: <a href="Practitioner-Practitioner-NoraOlogist.html">Generated Summary: id: 3668788925; active; Nora Ologist; gender: female</a></p><p><b>organization</b>: <a href="Organization-provider-org-16.html">Generated Summary: name: Neuro Care INC.</a></p><p><b>code</b>: <span title="Codes: {http://nucc.org/provider-taxonomy 2084N0400X}">Neurology</span></p><p><b>location</b>: <a href="Location-provider-org-loc-16.html">Generated Summary: status: active; name: Neuro Care INC.</a></p></div>
  </text>
  <active value="true"/>
  <practitioner>
    <reference value="Practitioner/Practitioner-NoraOlogist"/>
  </practitioner>
  <organization>
    <reference value="Organization/provider-org-16"/>
  </organization>
  <code>
    <coding>
      <system value="http://nucc.org/provider-taxonomy"/>
      <code value="2084N0400X"/>
      <display value="Neurology"/>
    </coding>
  </code>
  <location>
    <reference value="Location/provider-org-loc-16"/>
  </location>
</PractitionerRole>