<?xml version="1.0" encoding="UTF-8"?>

<PractitionerRole xmlns="http://hl7.org/fhir">
  <id value="provider-role-pcp"/>
  <text>
    <status value="generated"/><div xmlns="http://www.w3.org/1999/xhtml"><p><b>Generated Narrative</b></p><p><b>active</b>: true</p><p><b>practitioner</b>: <a href="Practitioner-Practitioner-JohnSmith.html">Generated Summary: id: 4278275001; active; John Smith; gender: male</a></p><p><b>organization</b>: <a href="Organization-provider-org-01.html">Generated Summary: name: Primary Care INC.</a></p><p><b>code</b>: <span title="Codes: {http://nucc.org/provider-taxonomy 261QP2300X}">Primary Care Clinic/Center</span></p><p><b>location</b>: <a href="Location-provider-org-loc-01.html">Generated Summary: status: active; name: Primary Care INC.</a></p></div>
  </text>
  <active value="true"/>
  <practitioner>
    <reference value="Practitioner/Practitioner-JohnSmith"/>
  </practitioner>
  <organization>
    <reference value="Organization/provider-org-01"/>
  </organization>
  <code>
    <coding>
      <system value="http://nucc.org/provider-taxonomy"/>
      <code value="261QP2300X"/>
      <display value="Primary Care Clinic/Center"/>
    </coding>
  </code>
  <location>
    <reference value="Location/provider-org-loc-01"/>
  </location>
</PractitionerRole>