<?xml version="1.0" encoding="UTF-8"?>

<QuestionnaireResponse xmlns="http://hl7.org/fhir">
  <id value="Connectathon-QuestResponse-CS-NursingFacility-BIMS"/>
  <meta>
    <profile value="http://pacioproject.org/StructureDefinition/pacio-cognition-qr"/>
  </meta>
  <text>
    <status value="generated"/><div xmlns="http://www.w3.org/1999/xhtml"><p><b>Generated Narrative with Details</b></p><p><b>id</b>: Connectathon-QuestResponse-CS-NursingFacility-BIMS</p><p><b>meta</b>: </p><p><b>questionnaire</b>: <a href="https://api.logicahealth.org/PACIO/open/Questionnaire/MDS3.0-NC-1.17">https://api.logicahealth.org/PACIO/open/Questionnaire/MDS3.0-NC-1.17</a></p><p><b>status</b>: completed</p><p><b>subject</b>: <a href="Patient-patientBSJ1.html">Generated Summary: id: patientBSJ1; Betsy Smith-Johnson </a></p><p><b>authored</b>: Apr 9, 2020 11:00:00 PM</p><blockquote><p><b>item</b></p><p><b>id</b>: 86529-5</p><p><b>linkId</b>: Section C</p><p><b>text</b>: Cognitive Patterns</p><h3>Items</h3><table class="grid"><tr><td>-</td></tr><tr><td>*</td></tr></table></blockquote></div>
  </text>
  <questionnaire value="https://api.logicahealth.org/PACIO/open/Questionnaire/MDS3.0-NC-1.17"/>
  <status value="completed"/>
  <subject>
    <reference value="Patient/patientBSJ1"/>
  </subject>
  <authored value="2020-04-09T18:00:00-05:00"/>
  <item id="86529-5">
    <linkId value="Section C"/>
    <text value="Cognitive Patterns"/>
    <item id="52491-8">
      <linkId value="Section C/C0200-C0500"/>
      <text value="Brief Interview for Mental Status (BIMS)"/>
      <item id="52731-7">
        <linkId value="Section C/C0200-C0500/C0200"/>
        <text value="Number of words repeated after first attempt"/>
        <answer>
          <valueReference>
            <reference value="Observation/Connectathon-Assessment-CS-NursingFacility-BIMS-Ob-17"/>
          </valueReference>
        </answer>
      </item>
      <item id="54510-3">
        <linkId value="Section C/C0200-C0500/C0300"/>
        <text value="Temporal Orientation (orientation to year, month, and day)"/>
        <item id="52732-5">
          <linkId value="Section C/C0200-C0500/C0300/C0300A"/>
          <text value="Able to report correct year"/>
          <answer>
            <valueReference>
              <reference value="Observation/Connectathon-Assessment-CS-NursingFacility-BIMS-Ob-18"/>
            </valueReference>
          </answer>
        </item>
        <item id="52733-3">
          <linkId value="Section C/C0200-C0500/C0300/C0300B"/>
          <text value="Able to report correct month"/>
          <answer>
            <valueReference>
              <reference value="Observation/Connectathon-Assessment-CS-NursingFacility-BIMS-Ob-19"/>
            </valueReference>
          </answer>
        </item>
        <item id="54609-3">
          <linkId value="Section C/C0200-C0500/C0300/C0300C"/>
          <text value="Able to report correct day of the week"/>
          <answer>
            <valueReference>
              <reference value="Observation/Connectathon-Assessment-CS-NursingFacility-BIMS-Ob-20"/>
            </valueReference>
          </answer>
        </item>
      </item>
      <item id="52493-4">
        <linkId value="Section C/C0200-C0500/C0400"/>
        <text value="Recall"/>
        <item id="52735-8">
          <linkId value="Section C/C0200-C0500/C0400/C0400A"/>
          <text value="Able to recall sock"/>
          <answer>
            <valueReference>
              <reference value="Observation/Connectathon-Assessment-CS-NursingFacility-BIMS-Ob-21"/>
            </valueReference>
          </answer>
        </item>
        <item id="52736-6">
          <linkId value="Section C/C0200-C0500/C0400/C0400B"/>
          <text value="Able to recall blue"/>
          <answer>
            <valueReference>
              <reference value="Observation/Connectathon-Assessment-CS-NursingFacility-BIMS-Ob-22"/>
            </valueReference>
          </answer>
        </item>
        <item id="52737-4">
          <linkId value="Section C/C0200-C0500/C0400/C0400C"/>
          <text value="Able to recall bed"/>
          <answer>
            <valueReference>
              <reference value="Observation/Connectathon-Assessment-CS-NursingFacility-BIMS-Ob-23"/>
            </valueReference>
          </answer>
        </item>
      </item>
      <item id="54614-3">
        <linkId value="Section C/C0200-C0500/C0500"/>
        <text value="BIMS Summary Score"/>
        <answer>
          <valueReference>
            <reference value="Observation/Connectathon-Assessment-CS-NursingFacility-BIMS"/>
          </valueReference>
        </answer>
      </item>
    </item>
  </item>
</QuestionnaireResponse>