<?xml version="1.0" encoding="UTF-8"?>

<QuestionnaireResponse xmlns="http://hl7.org/fhir">
  <id value="QResponse-SNF-PHQ9-1"/>
  <meta>
    <profile value="http://paciowg.github.io/cognitive-status-ig/StructureDefinition/pacio-cognition-qr"/>
  </meta>
  <text>
    <status value="generated"/><div xmlns="http://www.w3.org/1999/xhtml"><p><b>Generated Narrative</b></p><p><b>questionnaire</b>: <a href="https://api.logicahealth.org/PACIO/open/Questionnaire/MDS3.0-NC-1.17">https://api.logicahealth.org/PACIO/open/Questionnaire/MDS3.0-NC-1.17</a></p><p><b>status</b>: completed</p><p><b>subject</b>: <a href="Patient-patientBSJ1.html">Generated Summary: Betsy Smith-Johnson </a></p><p><b>authored</b>: Jul 11, 2020, 9:30:00 AM</p><blockquote><p><b>item</b></p><h3>Ids</h3><table class="grid"><tr><td>-</td></tr><tr><td>*</td></tr></table><p><b>linkId</b>: Section-4</p><p><b>text</b>: MDS v3.0 - RAI v1.18.1 - Mood - OSA [CMS Assessment]</p><blockquote><p><b>item</b></p><h3>Ids</h3><table class="grid"><tr><td>-</td></tr><tr><td>*</td></tr></table><p><b>linkId</b>: Section-4/D0200</p><p><b>text</b>: Resident mood interview (PHQ-9) [Reported PHQ-9 CMS]</p><h3>Items</h3><table class="grid"><tr><td>-</td></tr><tr><td>*</td></tr><tr><td>*</td></tr></table></blockquote><blockquote><p><b>item</b></p><h3>Ids</h3><table class="grid"><tr><td>-</td></tr><tr><td>*</td></tr></table><p><b>linkId</b>: Section-4/D0300</p><p><b>text</b>: PHQ-9 Total Score</p><h3>Answers</h3><table class="grid"><tr><td>-</td></tr><tr><td>*</td></tr></table></blockquote></blockquote></div>
  </text>
  <questionnaire value="https://api.logicahealth.org/PACIO/open/Questionnaire/MDS3.0-NC-1.17"/>
  <status value="completed"/>
  <subject>
    <reference value="Patient/patientBSJ1"/>
  </subject>
  <authored value="2020-07-11T11:30:00-05:00"/>
  <item id="90482-1">
    <linkId value="Section-4"/>
    <text value="MDS v3.0 - RAI v1.18.1 - Mood - OSA [CMS Assessment]"/>
    <item id="54635-8">
      <linkId value="Section-4/D0200"/>
      <text value="Resident mood interview (PHQ-9) [Reported PHQ-9 CMS]"/>
      <item id="86843-0">
        <linkId value="Section-4/D0200_1"/>
        <text value="Resident mood interview (PHQ-9) - symptom presence in the last 2 weeks [CMS Assessment]"/>
        <item id="54636-6">
          <linkId value="Section-4/D0200A1"/>
          <text value="Little interest or pleasure in doing things in last 2 weeks.presence [Reported PHQ-9 CMS]"/>
          <answer>
            <valueReference>
              <reference value="Observation/BCS-SNF-PHQ9-1-Ob-Question-8"/>
            </valueReference>
          </answer>
        </item>
        <item id="54638-2">
          <linkId value="Section-4/D0200B1"/>
          <text value="Feeling down, depressed or hopeless in last 2 weeks.presence [Reported PHQ-9 CMS]"/>
          <answer>
            <valueReference>
              <reference value="Observation/BCS-SNF-PHQ9-1-Ob-Question-10"/>
            </valueReference>
          </answer>
        </item>
        <item id="54640-8">
          <linkId value="Section-4/D0200C1"/>
          <text value="Trouble falling or staying asleep, or sleeping too much in last 2 weeks.presence [Reported PHQ-9 CMS]"/>
          <answer>
            <valueReference>
              <reference value="Observation/BCS-SNF-PHQ9-1-Ob-Question-12"/>
            </valueReference>
          </answer>
        </item>
        <item id="54642-4">
          <linkId value="Section-4/D0200D1"/>
          <text value="Feeling tired or having little energy in last 2 weeks.presence [Reported PHQ-9 CMS]"/>
          <answer>
            <valueReference>
              <reference value="Observation/BCS-SNF-PHQ9-1-Ob-Question-14"/>
            </valueReference>
          </answer>
        </item>
        <item id="54644-0">
          <linkId value="Section-4/D0200E1"/>
          <text value="Poor appetite or overeating in last 2 weeks.presence [Reported PHQ-9 CMS]"/>
          <answer>
            <valueReference>
              <reference value="Observation/BCS-SNF-PHQ9-1-Ob-Question-16"/>
            </valueReference>
          </answer>
        </item>
        <item id="54646-5">
          <linkId value="Section-4/D0200F1"/>
          <text value="Feeling bad about yourself - or that you are a failure or have let yourself or your family down in last 2 weeks.presence [Reported PHQ-9 CMS]"/>
          <answer>
            <valueReference>
              <reference value="Observation/BCS-SNF-PHQ9-1-Ob-Question-18"/>
            </valueReference>
          </answer>
        </item>
        <item id="54648-1">
          <linkId value="Section-4/D0200G1"/>
          <text value="Trouble concentrating on things, such as reading the newspaper or watching television in last 2 weeks.presence [Reported PHQ-9 CMS]"/>
          <answer>
            <valueReference>
              <reference value="Observation/BCS-SNF-PHQ9-1-Ob-Question-20"/>
            </valueReference>
          </answer>
        </item>
        <item id="54650-7">
          <linkId value="Section-4/D0200H1"/>
          <text value="Moving or speaking so slowly that other people could have noticed. Or the opposite - being so fidgety or restless that you have been moving around a lot more than usual in last 2 weeks.presence [Reported PHQ-9 CMS]"/>
          <answer>
            <valueReference>
              <reference value="Observation/BCS-SNF-PHQ9-1-Ob-Question-22"/>
            </valueReference>
          </answer>
        </item>
        <item id="54652-3">
          <linkId value="Section-4/D0200I1"/>
          <text value="Thoughts that you would be better off dead, or of hurting yourself in some way in last 2 weeks.presence [Reported PHQ-9 CMS]"/>
          <answer>
            <valueReference>
              <reference value="Observation/BCS-SNF-PHQ9-1-Ob-Question-24"/>
            </valueReference>
          </answer>
        </item>
      </item>
      <item id="86844-8">
        <linkId value="Section-4/D0200_2"/>
        <text value="Resident mood interview (PHQ-9) - symptom frequency in the last 2 weeks [CMS Assessment]"/>
        <item id="54637-4">
          <linkId value="Section-4/D0200A2"/>
          <text value="Little interest or pleasure in doing things in last 2 weeks.frequency [Reported PHQ-9 CMS]"/>
          <answer>
            <valueReference>
              <reference value="Observation/BCS-SNF-PHQ9-1-Ob-Question-9"/>
            </valueReference>
          </answer>
        </item>
        <item id="54639-0">
          <linkId value="Section-4/D0200B2"/>
          <text value="Feeling down, depressed or hopeless in last 2 weeks.frequency [Reported PHQ-9 CMS]"/>
          <answer>
            <valueReference>
              <reference value="Observation/BCS-SNF-PHQ9-1-Ob-Question-11"/>
            </valueReference>
          </answer>
        </item>
        <item id="54641-6">
          <linkId value="Section-4/D0200C2"/>
          <text value="Trouble falling or staying asleep, or sleeping too much in last 2 weeks.frequency [Reported PHQ-9 CMS]"/>
          <answer>
            <valueReference>
              <reference value="Observation/BCS-SNF-PHQ9-1-Ob-Question-13"/>
            </valueReference>
          </answer>
        </item>
        <item id="54643-2">
          <linkId value="Section-4/D0200D2"/>
          <text value="Feeling tired or having little energy in last 2 weeks.frequency [Reported PHQ-9 CMS]"/>
          <answer>
            <valueReference>
              <reference value="Observation/BCS-SNF-PHQ9-1-Ob-Question-15"/>
            </valueReference>
          </answer>
        </item>
        <item id="54645-7">
          <linkId value="Section-4/D0200E2"/>
          <text value="Poor appetite or overeating in last 2 weeks.frequency [Reported PHQ-9 CMS]"/>
          <answer>
            <valueReference>
              <reference value="Observation/BCS-SNF-PHQ9-1-Ob-Question-17"/>
            </valueReference>
          </answer>
        </item>
        <item id="54647-3">
          <linkId value="Section-4/D0200F2"/>
          <text value="Feeling bad about yourself - or that you are a failure or have let yourself or your family down in last 2 weeks.frequency [Reported PHQ-9 CMS]"/>
          <answer>
            <valueReference>
              <reference value="Observation/BCS-SNF-PHQ9-1-Ob-Question-19"/>
            </valueReference>
          </answer>
        </item>
        <item id="54649-9">
          <linkId value="Section-4/D0200G2"/>
          <text value="Trouble concentrating on things, such as reading the newspaper or watching television in last 2 weeks.frequency [Reported PHQ-9 CMS]"/>
          <answer>
            <valueReference>
              <reference value="Observation/BCS-SNF-PHQ9-1-Ob-Question-21"/>
            </valueReference>
          </answer>
        </item>
        <item id="54651-5">
          <linkId value="Section-4/D0200H2"/>
          <text value="Moving or speaking so slowly that other people could have noticed. Or the opposite - being so fidgety or restless that you have been moving around a lot more than usual in last 2 weeks.frequency [Reported PHQ-9 CMS]"/>
          <answer>
            <valueReference>
              <reference value="Observation/BCS-SNF-PHQ9-1-Ob-Question-23"/>
            </valueReference>
          </answer>
        </item>
        <item id="54653-1">
          <linkId value="Section-4/D0200I2"/>
          <text value="Thoughts that you would be better off dead, or of hurting yourself in some way in last 2 weeks.frequency [Reported PHQ-9 CMS]"/>
          <answer>
            <valueReference>
              <reference value="Observation/BCS-SNF-PHQ9-1-Ob-Question-25"/>
            </valueReference>
          </answer>
        </item>
      </item>
    </item>
    <item id="54654-9">
      <linkId value="Section-4/D0300"/>
      <text value="PHQ-9 Total Score"/>
      <answer>
        <valueReference>
          <reference value="Observation/BCS-SNF-PHQ9-1"/>
        </valueReference>
      </answer>
    </item>
  </item>
</QuestionnaireResponse>