<?xml version="1.0" encoding="UTF-8"?>

<QuestionnaireResponse xmlns="http://hl7.org/fhir">
  <id value="Connectathon-QuestResponse-CS-4-Last3DSNFStay"/>
  <meta>
    <profile value="http://pacioproject.org/StructureDefinition/pacio-cognition-qr"/>
  </meta>
  <text>
    <status value="generated"/><div xmlns="http://www.w3.org/1999/xhtml"><p><b>Generated Narrative</b></p><p><b>id</b>: Connectathon-QuestResponse-CS-4-Last3DSNFStay</p><p><b>meta</b>: </p><p><b>questionnaire</b>: <a href="https://api.logicahealth.org/PACIO/open/Questionnaire/MDS3.0-NC-1.17">https://api.logicahealth.org/PACIO/open/Questionnaire/MDS3.0-NC-1.17</a></p><p><b>status</b>: completed</p><p><b>subject</b>: <a href="Patient-patientBSJ1.html">Generated Summary: id: patientBSJ1; Betsy Smith-Johnson </a></p><p><b>authored</b>: Apr 23, 2020 7:00:00 PM</p><blockquote><p><b>item</b></p><p><b>id</b>: 86529-5</p><p><b>linkId</b>: Section C</p><p><b>text</b>: Cognitive Patterns</p><h3>Items</h3><table class="grid"><tr><td>-</td><td><b>Id</b></td></tr><tr><td>*</td><td>86585-7</td></tr></table></blockquote></div>
  </text>
  <questionnaire value="https://api.logicahealth.org/PACIO/open/Questionnaire/MDS3.0-NC-1.17"/>
  <status value="completed"/>
  <subject>
    <reference value="Patient/patientBSJ1"/>
  </subject>
  <authored value="2020-04-23T14:00:00-05:00"/>
  <item id="86529-5">
    <linkId value="Section C"/>
    <text value="Cognitive Patterns"/>
    <item id="86585-7">
      <linkId value="Section C/C1310"/>
      <text value="Signs and Symptoms of Delirium (from CAM)"/>
      <item id="54632-5">
        <linkId value="Section C/C1310/C1310A"/>
        <text value="Is there evidence of an acute change in mental status from the patients baseline?"/>
        <answer>
          <valueReference>
            <reference value="Observation/Connectathon-Assessment-CS-4-Last3DSNFStay-Ob-3"/>
          </valueReference>
        </answer>
      </item>
      <item id="54628-3">
        <linkId value="Section C/C1310/C1310B"/>
        <text value="Did the patient have difficulty focusing attention, for example being easily distractible, or having difficulty keeping track of what was being said?"/>
        <answer>
          <valueReference>
            <reference value="Observation/Connectathon-Assessment-CS-4-Last3DSNFStay-Ob-8"/>
          </valueReference>
        </answer>
      </item>
      <item id="54629-1">
        <linkId value="Section C/C1310/C1310C"/>
        <text value="Did the resident have altered level of consiousness as indicated by any of the following criteria: (1) Vigilant - startles easily to any sound or touch, (2) Lethargic - repeatedly dozed off when being asked questions, but responded to voice or touch, (3) Stuporous - very difficult to arouse and keep aroused for the interview, (4) Comatose - could not be aroused"/>
        <answer>
          <valueReference>
            <reference value="Observation/Connectathon-Assessment-CS-4-Last3DSNFStay-Ob-13"/>
          </valueReference>
        </answer>
      </item>
    </item>
  </item>
</QuestionnaireResponse>