<?xml version="1.0" encoding="UTF-8"?>

<QuestionnaireResponse xmlns="http://hl7.org/fhir">
  <id value="QResponse-SNF-BIMS-1"/>
  <meta>
    <profile value="http://paciowg.github.io/cognitive-status-ig/StructureDefinition/pacio-cognition-qr"/>
  </meta>
  <text>
    <status value="generated"/><div xmlns="http://www.w3.org/1999/xhtml"><p><b>Generated Narrative</b></p><p><b>questionnaire</b>: <a href="https://api.logicahealth.org/PACIO/open/Questionnaire/MDS3.0-NC-1.17">https://api.logicahealth.org/PACIO/open/Questionnaire/MDS3.0-NC-1.17</a></p><p><b>status</b>: completed</p><p><b>subject</b>: <a href="Patient-patientBSJ1.html">Generated Summary: Betsy Smith-Johnson</a></p><p><b>authored</b>: Jul 11, 2020, 9:30:00 AM</p><blockquote><p><b>item</b></p><h3>Ids</h3><table class="grid"><tr><td>-</td></tr><tr><td>*</td></tr></table><p><b>linkId</b>: Section-3</p><p><b>text</b>: MDS v3.0 - RAI v1.17.2 - Cognitive patterns [CMS Assessment]</p><blockquote><p><b>item</b></p><h3>Ids</h3><table class="grid"><tr><td>-</td></tr><tr><td>*</td></tr></table><p><b>linkId</b>: Section-3/C0200-C0500</p><p><b>text</b>: Brief interview for mental status [BIMS]</p><h3>Items</h3><table class="grid"><tr><td>-</td></tr><tr><td>*</td></tr><tr><td>*</td></tr><tr><td>*</td></tr><tr><td>*</td></tr></table></blockquote></blockquote></div>
  </text>
  <questionnaire value="https://api.logicahealth.org/PACIO/open/Questionnaire/MDS3.0-NC-1.17"/>
  <status value="completed"/>
  <subject>
    <reference value="Patient/patientBSJ1"/>
  </subject>
  <authored value="2020-07-11T11:30:00-05:00"/>
  <item id="86529-5">
    <linkId value="Section-3"/>
    <text value="MDS v3.0 - RAI v1.17.2 - Cognitive patterns [CMS Assessment]"/>
    <item id="52491-8">
      <linkId value="Section-3/C0200-C0500"/>
      <text value="Brief interview for mental status [BIMS]"/>
      <item id="52731-7">
        <linkId value="Section-3/C0200"/>
        <text value="Repetition of Three Words. Number of words repeated after first attempt"/>
        <answer>
          <valueReference>
            <reference value="Observation/CSC-SNF-BIMS-1-Ob-Question-3"/>
          </valueReference>
        </answer>
      </item>
      <item id="54510-3">
        <linkId value="Section-3/C0300"/>
        <text value="Temporal orientation (orientation to year, month, and day) [BIMS]"/>
        <item id="52732-5">
          <linkId value="Section-3/C0300A"/>
          <text value="Able to report correct year"/>
          <answer>
            <valueReference>
              <reference value="Observation/CSC-SNF-BIMS-1-Ob-Question-4"/>
            </valueReference>
          </answer>
        </item>
        <item id="52733-3">
          <linkId value="Section-3/C0300B"/>
          <text value="Able to report correct month"/>
          <answer>
            <valueReference>
              <reference value="Observation/CSC-SNF-BIMS-1-Ob-Question-5"/>
            </valueReference>
          </answer>
        </item>
        <item id="54609-3">
          <linkId value="Section-3/C0300C"/>
          <text value="Able to report correct day of the week"/>
          <answer>
            <valueReference>
              <reference value="Observation/CSC-SNF-BIMS-1-Ob-Question-6"/>
            </valueReference>
          </answer>
        </item>
      </item>
      <item id="52493-4">
        <linkId value="Section-3/C0400"/>
        <text value="Recall [BIMS]"/>
        <item id="52735-8">
          <linkId value="Section-3/C0400A"/>
          <text value="Able to recall &#39;sock&#39;"/>
          <answer>
            <valueReference>
              <reference value="Observation/CSC-SNF-BIMS-1-Ob-Question-7"/>
            </valueReference>
          </answer>
        </item>
        <item id="52736-6">
          <linkId value="Section-3/C0400B"/>
          <text value="Able to recall &#39;blue&#39;"/>
          <answer>
            <valueReference>
              <reference value="Observation/CSC-SNF-BIMS-1-Ob-Question-8"/>
            </valueReference>
          </answer>
        </item>
        <item id="52737-4">
          <linkId value="Section-3/C0400C"/>
          <text value="Able to recall &#39;bed&#39;"/>
          <answer>
            <valueReference>
              <reference value="Observation/CSC-SNF-BIMS-1-Ob-Question-9"/>
            </valueReference>
          </answer>
        </item>
      </item>
      <item id="54614-3">
        <linkId value="Section-3/C0500"/>
        <text value="BIMS Summary Score&#x9;&#x9;&#x9;{score}"/>
        <answer>
          <valueReference>
            <reference value="Observation/CSC-SNF-BIMS-1-Ob-Question-10"/>
          </valueReference>
        </answer>
      </item>
    </item>
  </item>
</QuestionnaireResponse>