<?xml version="1.0" encoding="UTF-8"?>

<ValueSet xmlns="http://hl7.org/fhir">
  <id value="shr-core-PositiveNegativeVS"/>
  <text>
    <status value="generated"/><div xmlns="http://www.w3.org/1999/xhtml">
<p><b>PositiveNegativeVS ValueSet</b></p>
<p>Interpretation of a test result as positive, negative, equivocal, or indeterminate. Consolidates LOINC answer lists LL360-9, LL2329-2, LL2038-9, LL2021-5, LL2010-8, LL2009-0.</p>
</div>
  </text>
  <url value="http://hl7.org/fhir/us/PACIO-cognitive-status/shr/core/vs/PositiveNegativeVS"/>
  <version value="0.1.0"/>
  <name value="PositiveNegativeVS"/>
  <title value="Positive Negative VS"/>
  <status value="draft"/>
  <date value="2020-01-07T00:00:00+00:00"/>
  <publisher value="HL7 Patient Care WG and Community-Based Care and Privacy WG"/>
  <contact>
    <telecom>
      <system value="url"/>
      <value value="http://www.hl7.org/Special/committees/patientcare/"/>
    </telecom>
    <telecom>
      <system value="url"/>
      <value value="http://www.hl7.org/Special/committees/homehealth/"/>
    </telecom>
  </contact>
  <description value="Interpretation of a test result as positive, negative, equivocal, or indeterminate. Consolidates LOINC answer lists LL360-9, LL2329-2, LL2038-9, LL2021-5, LL2010-8, LL2009-0."/>
  <compose>
    <include>
      <system value="http://snomed.info/sct"/>
      <concept>
        <code value="10828004"/>
        <display value="Positive"/>
      </concept>
      <concept>
        <code value="260385009"/>
        <display value="Negative"/>
      </concept>
      <concept>
        <code value="42425007"/>
        <display value="Equivocal. Equivocal represents a borderline value, too close to call; for example, a value very close to a cut-off between positive and negative"/>
      </concept>
      <concept>
        <code value="82334004"/>
        <display value="Indeterminate. Indeterminate means the results were uninterpretable, or cannot be determined; technical issues prevented obtaining a valid result."/>
      </concept>
    </include>
  </compose>
</ValueSet>