<?xml version="1.0" encoding="UTF-8"?>

<ValueSet xmlns="http://hl7.org/fhir">
  <id value="shr-core-DetectedNotDetectedVS"/>
  <text>
    <status value="generated"/><div xmlns="http://www.w3.org/1999/xhtml">
<p><b>DetectedNotDetectedVS ValueSet</b></p>
<p>Value set consisting of the answers Detected (Present) and NotDetected (Absent). The terms detected and not detected are preferred because they reflect outcomes of experimental observation, while present and absent suggest ground truth. This value set reconciles or combines LOINC answer lists LL956-4, LL750-1, LL744-4,  LL955-6, LL3950-4, LL3250-9, LL2872-1, LL2410-0, LL2355-7.</p>
</div>
  </text>
  <url value="http://hl7.org/fhir/us/PACIO-cognitive-status/ValueSet/shr-core-DetectedNotDetectedVS"/>
  <version value="0.1.0"/>
  <name value="DetectedNotDetectedVS"/>
  <title value="Detected Not Detected VS"/>
  <status value="draft"/>
  <date value="2019-12-03T00:00:00+00:00"/>
  <publisher value="HL7 Patient Care WG and Community-Based Care and Privacy WG"/>
  <contact>
    <telecom>
      <system value="url"/>
      <value value="http://www.hl7.org/Special/committees/patientcare/"/>
    </telecom>
    <telecom>
      <system value="url"/>
      <value value="http://www.hl7.org/Special/committees/homehealth/"/>
    </telecom>
  </contact>
  <description value="Value set consisting of the answers Detected (Present) and NotDetected (Absent). The terms detected and not detected are preferred because they reflect outcomes of experimental observation, while present and absent suggest ground truth. This value set reconciles or combines LOINC answer lists LL956-4, LL750-1, LL744-4,  LL955-6, LL3950-4, LL3250-9, LL2872-1, LL2410-0, LL2355-7."/>
  <compose>
    <include>
      <system value="http://snomed.info/sct"/>
      <concept>
        <code value="260373001"/>
        <display value="Detected"/>
      </concept>
      <concept>
        <code value="260415000"/>
        <display value="Not detected"/>
      </concept>
      <concept>
        <code value="42425007"/>
        <display value="Equivocal. Equivocal represents a borderline value, too close to call; for example, a value very close to a cut-off between positive and negative."/>
      </concept>
      <concept>
        <code value="82334004"/>
        <display value="Indeterminate. Indeterminate means the results were uninterpretable, or cannot be determined; technical issues prevented obtaining a valid result."/>
      </concept>
    </include>
  </compose>
</ValueSet>