<?xml version="1.0" encoding="UTF-8"?>

<ValueSet xmlns="http://hl7.org/fhir">
  <id value="shr-core-ConditionStatusTrendVS"/>
  <text>
    <status value="generated"/><div xmlns="http://www.w3.org/1999/xhtml">
<p><b>ConditionStatusTrendVS ValueSet</b></p>
<p>Standardized value set that describes the trend or status of a disease, condition, or ability. Based on LOINC answer lists LL2751-7 and LL4721-8. The value SNOMED-CT 260415000 (Not Detected) should be used to express No Evidence of Disease (NED), condition resolved, or full remission.</p>
</div>
  </text>
  <url value="http://hl7.org/fhir/us/PACIO-cognitive-status/ValueSet/shr-core-ConditionStatusTrendVS"/>
  <version value="0.1.0"/>
  <name value="ConditionStatusTrendVS"/>
  <title value="Condition Status Trend VS"/>
  <status value="draft"/>
  <date value="2019-12-05T00:00:00+00:00"/>
  <publisher value="HL7 Patient Care WG and Community-Based Care and Privacy WG"/>
  <contact>
    <telecom>
      <system value="url"/>
      <value value="http://www.hl7.org/Special/committees/patientcare/"/>
    </telecom>
    <telecom>
      <system value="url"/>
      <value value="http://www.hl7.org/Special/committees/homehealth/"/>
    </telecom>
  </contact>
  <description value="Standardized value set that describes the trend or status of a disease, condition, or ability. Based on LOINC answer lists LL2751-7 and LL4721-8. The value&#xA0;SNOMED-CT 260415000 (Not Detected) should be used to express No Evidence of Disease (NED), condition resolved, or full remission."/>
  <compose>
    <include>
      <system value="http://snomed.info/sct"/>
      <concept>
        <code value="260415000"/>
        <display value="Not detected. Use this term for expressing NED (no evidence of disease), condition resolved, or full remission."/>
      </concept>
      <concept>
        <code value="385633008"/>
        <display value="Improving"/>
      </concept>
      <concept>
        <code value="58158008"/>
        <display value="Stable"/>
      </concept>
      <concept>
        <code value="230993007"/>
        <display value="Worsening"/>
      </concept>
      <concept>
        <code value="42425007"/>
        <display value="Equivocal. Equivocal represents a borderline value, too close to call; for example, a value very close to a cut-off between positive and negative."/>
      </concept>
      <concept>
        <code value="82334004"/>
        <display value="Indeterminate. Indeterminate means the results were uninterpretable, or cannot be determined; technical issues prevented obtaining a valid result."/>
      </concept>
    </include>
  </compose>
</ValueSet>