{"resourceType":"ValueSet","id":"shr-core-ConditionStatusTrendVS","text":{"status":"generated","div":"<div xmlns=\"http://www.w3.org/1999/xhtml\">\n<p><b>ConditionStatusTrendVS ValueSet</b></p>\n<p>Standardized value set that describes the trend or status of a disease, condition, or ability. Based on LOINC answer lists LL2751-7 and LL4721-8. The value SNOMED-CT 260415000 (Not Detected) should be used to express No Evidence of Disease (NED), condition resolved, or full remission.</p>\n</div>"},"url":"http://hl7.org/fhir/us/PACIO-cognitive-status/ValueSet/shr-core-ConditionStatusTrendVS","version":"0.1.0","name":"ConditionStatusTrendVS","title":"Condition Status Trend VS","status":"draft","date":"2019-12-03T00:00:00+00:00","publisher":"HL7 Patient Care WG and Community-Based Care and Privacy WG","contact":[{"telecom":[{"system":"url","value":"http://www.hl7.org/Special/committees/patientcare/"},{"system":"url","value":"http://www.hl7.org/Special/committees/homehealth/"}]}],"description":"Standardized value set that describes the trend or status of a disease, condition, or ability. Based on LOINC answer lists LL2751-7 and LL4721-8. The value SNOMED-CT 260415000 (Not Detected) should be used to express No Evidence of Disease (NED), condition resolved, or full remission.","compose":{"include":[{"system":"http://snomed.info/sct","concept":[{"code":"260415000","display":"Not detected. Use this term for expressing NED (no evidence of disease), condition resolved, or full remission."},{"code":"385633008","display":"Improving"},{"code":"58158008","display":"Stable"},{"code":"230993007","display":"Worsening"},{"code":"42425007","display":"Equivocal. Equivocal represents a borderline value, too close to call; for example, a value very close to a cut-off between positive and negative."},{"code":"82334004","display":"Indeterminate. Indeterminate means the results were uninterpretable, or cannot be determined; technical issues prevented obtaining a valid result."}]}]}}