{"resourceType":"ValueSet","id":"shr-core-LanguageQualifierVS","text":{"status":"generated","div":"<div xmlns=\"http://www.w3.org/1999/xhtml\">\n<p><b>LanguageQualifierVS ValueSet</b></p>\n<p>A code indicating whether the language is preferred, secondary, or practiced in an unconventional or limited way.</p>\n</div>"},"url":"http://hl7.org/fhir/us/PACIO-cognitive-status/ValueSet/shr-core-LanguageQualifierVS","version":"0.1.0","name":"LanguageQualifierVS","title":"Language Qualifier VS","status":"draft","date":"2019-12-03T00:00:00+00:00","publisher":"HL7 Patient Care WG and Community-Based Care and Privacy WG","contact":[{"telecom":[{"system":"url","value":"http://www.hl7.org/Special/committees/patientcare/"},{"system":"url","value":"http://www.hl7.org/Special/committees/homehealth/"}]}],"description":"A code indicating whether the language is preferred, secondary, or practiced in an unconventional or limited way.","compose":{"include":[{"system":"http://hl7.org/fhir/us/PACIO-cognitive-status/CodeSystem/shr-core-LanguageQualifierCS","concept":[{"code":"preferred_spoken","display":"Preferred language"},{"code":"secondary_spoken","display":"Secondary language"},{"code":"apraxia","display":"Difficulty speaking due to motor disorder"},{"code":"aphasia","display":"Difficulty in speaking, listening, reading, and writing"},{"code":"signs","display":"Uses sign language"},{"code":"braille","display":"Reads using braille"},{"code":"lipreads","display":"Uses lipreading (speechreading)"},{"code":"aac","display":"Uses augmentative and alternative communication"}]}]}}