<?xml version="1.0" encoding="UTF-8"?><CodeSystem xmlns="http://hl7.org/fhir"><id value="shr-core-ImageMimeTypeCS"/><text><status value="generated"/><div xmlns="http://www.w3.org/1999/xhtml">
<p><b>ImageMimeTypeCS CodeSystem</b></p>
<p>Mime types that apply to photographic images.</p>
</div></text><url value="http://hl7.org/fhir/us/PACIO-cognitive-status/CodeSystem/shr-core-ImageMimeTypeCS"/><version value="0.1.0"/><name value="ImageMimeTypeCS"/><title value="Image Mime Type CS"/><status value="draft"/><date value="2019-12-03T00:00:00+00:00"/><publisher value="HL7 Patient Care WG and Community-Based Care and Privacy WG"/><contact><telecom><system value="url"/><value value="http://www.hl7.org/Special/committees/patientcare/"/></telecom><telecom><system value="url"/><value value="http://www.hl7.org/Special/committees/homehealth/"/></telecom></contact><description value="Mime types that apply to photographic images."/><caseSensitive value="true"/><content value="complete"/><count value="6"/><concept><code value="image/bmp"/><display value=".bmp"/><definition value=".bmp"/></concept><concept><code value="image/gif"/><display value=".gif"/><definition value=".gif"/></concept><concept><code value="image/jpeg"/><display value=".jpeg"/><definition value=".jpeg"/></concept><concept><code value="image/png"/><display value=".png"/><definition value=".png"/></concept><concept><code value="image/svg+xml"/><display value=".svg"/><definition value=".svg"/></concept><concept><code value="image/tiff"/><display value=".tiff"/><definition value=".tiff"/></concept></CodeSystem>