<?xml version="1.0" encoding="UTF-8"?><ImplementationGuide xmlns="http://hl7.org/fhir"><id value="pacio-cs"/><text><status value="extensions"/><div xmlns="http://www.w3.org/1999/xhtml"><h2>PACIOCognitiveStatusImplementationGuide</h2><p>The official URL for this implementation guide is: </p><pre>https://paciowg.github.io/cognitive-status-ig/ImplementationGuide/pacio-cs</pre></div></text><url value="https://paciowg.github.io/cognitive-status-ig/ImplementationGuide/pacio-cs"/><version value="0.1.0"/><name value="PACIOCognitiveStatusImplementationGuide"/><title value="PACIO Cognitive Status Implementation Guide"/><status value="active"/><date value="2020-09-04T17:24:51+00:00"/><publisher value="MITRE PACIO Team"/><contact><name value="Caleb Wan"/><telecom><system value="email"/><value value="http://pacioproject.org/"/></telecom></contact><packageId value="pacio-cs"/><license value="CC0-1.0"/><fhirVersion value="4.0.1"/><dependsOn><uri value="http://hl7.org/fhir/us/core/ImplementationGuide/hl7.fhir.us.core"/><packageId value="hl7.fhir.us.core"/><version value="3.1.0"/></dependsOn><definition><extension url="http://hl7.org/fhir/tools/StructureDefinition/ig-parameter"><extension url="code"><valueString value="copyrightyear"/></extension><extension url="value"><valueString value="2020+"/></extension></extension><extension url="http://hl7.org/fhir/tools/StructureDefinition/ig-parameter"><extension url="code"><valueString value="releaselabel"/></extension><extension url="value"><valueString value="CI Build"/></extension></extension><extension url="http://hl7.org/fhir/tools/StructureDefinition/ig-parameter"><extension url="code"><valueString value="show-inherited-invariants"/></extension><extension url="value"><valueString value="false"/></extension></extension><extension url="http://hl7.org/fhir/tools/StructureDefinition/ig-parameter"><extension url="code"><valueString value="path-liquid"/></extension><extension url="value"><valueString value="template/liquid"/></extension></extension><extension url="http://hl7.org/fhir/tools/StructureDefinition/ig-parameter"><extension url="code"><valueString value="path-liquid"/></extension><extension url="value"><valueString value="input/liquid"/></extension></extension><extension url="http://hl7.org/fhir/tools/StructureDefinition/ig-parameter"><extension url="code"><valueString value="path-qa"/></extension><extension url="value"><valueString value="temp/qa"/></extension></extension><extension url="http://hl7.org/fhir/tools/StructureDefinition/ig-parameter"><extension url="code"><valueString value="path-temp"/></extension><extension url="value"><valueString value="temp/pages"/></extension></extension><extension url="http://hl7.org/fhir/tools/StructureDefinition/ig-parameter"><extension url="code"><valueString value="path-output"/></extension><extension url="value"><valueString value="output"/></extension></extension><extension url="http://hl7.org/fhir/tools/StructureDefinition/ig-parameter"><extension url="code"><valueString value="path-suppressed-warnings"/></extension><extension url="value"><valueString value="input/ignoreWarnings.txt"/></extension></extension><extension url="http://hl7.org/fhir/tools/StructureDefinition/ig-parameter"><extension url="code"><valueString value="path-history"/></extension><extension url="value"><valueString value="https://paciowg.github.io/cognitive-status-ig/history.html"/></extension></extension><extension url="http://hl7.org/fhir/tools/StructureDefinition/ig-parameter"><extension url="code"><valueString value="template-html"/></extension><extension url="value"><valueString value="template-page.html"/></extension></extension><extension url="http://hl7.org/fhir/tools/StructureDefinition/ig-parameter"><extension url="code"><valueString value="template-md"/></extension><extension url="value"><valueString value="template-page-md.html"/></extension></extension><extension url="http://hl7.org/fhir/tools/StructureDefinition/ig-parameter"><extension url="code"><valueString value="apply-contact"/></extension><extension url="value"><valueString value="true"/></extension></extension><extension url="http://hl7.org/fhir/tools/StructureDefinition/ig-parameter"><extension url="code"><valueString value="apply-context"/></extension><extension url="value"><valueString value="true"/></extension></extension><extension url="http://hl7.org/fhir/tools/StructureDefinition/ig-parameter"><extension url="code"><valueString value="apply-copyright"/></extension><extension url="value"><valueString value="true"/></extension></extension><extension url="http://hl7.org/fhir/tools/StructureDefinition/ig-parameter"><extension url="code"><valueString value="apply-jurisdiction"/></extension><extension url="value"><valueString value="true"/></extension></extension><extension url="http://hl7.org/fhir/tools/StructureDefinition/ig-parameter"><extension url="code"><valueString value="apply-license"/></extension><extension url="value"><valueString value="true"/></extension></extension><extension url="http://hl7.org/fhir/tools/StructureDefinition/ig-parameter"><extension url="code"><valueString value="apply-publisher"/></extension><extension url="value"><valueString value="true"/></extension></extension><extension url="http://hl7.org/fhir/tools/StructureDefinition/ig-parameter"><extension url="code"><valueString value="apply-version"/></extension><extension url="value"><valueString value="true"/></extension></extension><extension url="http://hl7.org/fhir/tools/StructureDefinition/ig-parameter"><extension url="code"><valueString value="active-tables"/></extension><extension url="value"><valueString value="true"/></extension></extension><grouping id="_dyn_capabilitystatement"><name value="Behavior: Capability Statements"/><description value="The following artifacts define the specific capabilities that different types of systems are expected to have in order to comply with this implementation guide.  Systems complying with the implementation guide are expected to declare conformance to one or more of the following capability statements."/></grouping><grouping id="_str_profile"><name value="Structures: Resource Profiles"/><description value="These define constraints on FHIR resources that need to be complied with by conformant implementations"/></grouping><grouping id="_str_extension"><name value="Structures: Extension Definitions"/><description value="These define constraints on FHIR data types that need to be complied with by conformant implementations"/></grouping><grouping id="_ex_example"><name value="Example: Example Instances"/><description value="These are example instances that show what data produced and consumed by systems conforming with this implementation guide might look like"/></grouping><resource><extension url="http://hl7.org/fhir/StructureDefinition/implementationguide-page"><valueUri value="StructureDefinition-pacio-bcs.html"/></extension><reference><reference value="StructureDefinition/pacio-bcs"/></reference><name value="PACIO Bundled Cognitive Status"/><description value="An point in time bundle of cognitive status observations for a patient."/><exampleBoolean value="false"/><groupingId value="_str_profile"/></resource><resource><extension url="http://hl7.org/fhir/StructureDefinition/implementationguide-page"><valueUri value="StructureDefinition-pacio-cognition-qr.html"/></extension><reference><reference value="StructureDefinition/pacio-cognition-qr"/></reference><name value="PACIO Cognition Questionnaire Response"/><description value="A completed, or sections of a completed, CMS PAC assessment."/><exampleBoolean value="false"/><groupingId value="_str_profile"/></resource><resource><extension url="http://hl7.org/fhir/StructureDefinition/implementationguide-page"><valueUri value="StructureDefinition-pacio-cs.html"/></extension><reference><reference value="StructureDefinition/pacio-cs"/></reference><name value="PACIO Cognitive Status"/><description value="An exchange of cognitive status data for a patient."/><exampleBoolean value="false"/><groupingId value="_str_profile"/></resource><resource><extension url="http://hl7.org/fhir/StructureDefinition/implementationguide-page"><valueUri value="StructureDefinition-pacio-plcf.html"/></extension><reference><reference value="StructureDefinition/pacio-plcf"/></reference><name value="PACIO Prior Level of Cognitive Function"/><description value="An exchange of prior level of cognitive function data for a patient. (The use of this profile is encouraged in the absence of formal prior level of cognitive assessments.)"/><exampleBoolean value="false"/><groupingId value="_str_profile"/></resource><resource><extension url="http://hl7.org/fhir/StructureDefinition/implementationguide-page"><valueUri value="StructureDefinition-pacio-cs-dev.html"/></extension><reference><reference value="StructureDefinition/pacio-cs-dev"/></reference><name value="Use of Device"/><description value="A device used by a Patient during a cognitive status assessment."/><exampleBoolean value="false"/><groupingId value="_str_profile"/></resource><resource><extension url="http://hl7.org/fhir/StructureDefinition/implementationguide-page"><valueUri value="StructureDefinition-assistance-required.html"/></extension><reference><reference value="StructureDefinition/assistance-required"/></reference><name value="AssistanceRequired"/><description value="Associated with prior level of cognitive function to provide indication of &#39;independent&#39; vs. &#39;assistance needed&#39;."/><exampleBoolean value="false"/><groupingId value="_str_extension"/></resource><resource><extension url="http://hl7.org/fhir/StructureDefinition/implementationguide-page"><valueUri value="StructureDefinition-device-patient-used.html"/></extension><reference><reference value="StructureDefinition/device-patient-used"/></reference><name value="DevicePatientUsed"/><description value="A device used by a patient during a cognitive status assessment."/><exampleBoolean value="false"/><groupingId value="_str_extension"/></resource><resource><extension url="http://hl7.org/fhir/StructureDefinition/implementationguide-page"><valueUri value="Observation-BCS-Hospital-MMSE-1.html"/></extension><reference><reference value="Observation/BCS-Hospital-MMSE-1"/></reference><name value="BCS-Hospital-MMSE-1"/><exampleCanonical value="https://paciowg.github.io/cognitive-status-ig/StructureDefinition/pacio-bcs"/><groupingId value="_ex_example"/></resource><resource><extension url="http://hl7.org/fhir/StructureDefinition/implementationguide-page"><valueUri value="Observation-BCS-Hospital-MMSE-2.html"/></extension><reference><reference value="Observation/BCS-Hospital-MMSE-2"/></reference><name value="BCS-Hospital-MMSE-2"/><exampleCanonical value="https://paciowg.github.io/cognitive-status-ig/StructureDefinition/pacio-bcs"/><groupingId value="_ex_example"/></resource><resource><extension url="http://hl7.org/fhir/StructureDefinition/implementationguide-page"><valueUri value="Observation-BCS-Hospital-MOCA-1.html"/></extension><reference><reference value="Observation/BCS-Hospital-MOCA-1"/></reference><name value="BCS-Hospital-MOCA-1"/><exampleCanonical value="https://paciowg.github.io/cognitive-status-ig/StructureDefinition/pacio-bcs"/><groupingId value="_ex_example"/></resource><resource><extension url="http://hl7.org/fhir/StructureDefinition/implementationguide-page"><valueUri value="Observation-BCS-Hospital-MOCA-2.html"/></extension><reference><reference value="Observation/BCS-Hospital-MOCA-2"/></reference><name value="BCS-Hospital-MOCA-2"/><exampleCanonical value="https://paciowg.github.io/cognitive-status-ig/StructureDefinition/pacio-bcs"/><groupingId value="_ex_example"/></resource><resource><extension url="http://hl7.org/fhir/StructureDefinition/implementationguide-page"><valueUri value="Observation-BCS-SNF-BCAT-1.html"/></extension><reference><reference value="Observation/BCS-SNF-BCAT-1"/></reference><name value="BCS-SNF-BCAT-1"/><exampleCanonical value="https://paciowg.github.io/cognitive-status-ig/StructureDefinition/pacio-bcs"/><groupingId value="_ex_example"/></resource><resource><extension url="http://hl7.org/fhir/StructureDefinition/implementationguide-page"><valueUri value="Observation-BCS-SNF-BIMS-1.html"/></extension><reference><reference value="Observation/BCS-SNF-BIMS-1"/></reference><name value="BCS-SNF-BIMS-1"/><exampleCanonical value="https://paciowg.github.io/cognitive-status-ig/StructureDefinition/pacio-bcs"/><groupingId value="_ex_example"/></resource><resource><extension url="http://hl7.org/fhir/StructureDefinition/implementationguide-page"><valueUri value="Observation-BCS-SNF-BIMS-1-Ob-Question-1.html"/></extension><reference><reference value="Observation/BCS-SNF-BIMS-1-Ob-Question-1"/></reference><name value="BCS-SNF-BIMS-1-Ob-Question-1"/><exampleCanonical value="https://paciowg.github.io/cognitive-status-ig/StructureDefinition/pacio-cs"/><groupingId value="_ex_example"/></resource><resource><extension url="http://hl7.org/fhir/StructureDefinition/implementationguide-page"><valueUri value="Observation-BCS-SNF-BIMS-1-Ob-Question-2.html"/></extension><reference><reference value="Observation/BCS-SNF-BIMS-1-Ob-Question-2"/></reference><name value="BCS-SNF-BIMS-1-Ob-Question-2"/><exampleCanonical value="https://paciowg.github.io/cognitive-status-ig/StructureDefinition/pacio-cs"/><groupingId value="_ex_example"/></resource><resource><extension url="http://hl7.org/fhir/StructureDefinition/implementationguide-page"><valueUri value="Observation-BCS-SNF-BIMS-1-Ob-Question-3.html"/></extension><reference><reference value="Observation/BCS-SNF-BIMS-1-Ob-Question-3"/></reference><name value="BCS-SNF-BIMS-1-Ob-Question-3"/><exampleCanonical value="https://paciowg.github.io/cognitive-status-ig/StructureDefinition/pacio-cs"/><groupingId value="_ex_example"/></resource><resource><extension url="http://hl7.org/fhir/StructureDefinition/implementationguide-page"><valueUri value="Observation-BCS-SNF-BIMS-1-Ob-Question-4.html"/></extension><reference><reference value="Observation/BCS-SNF-BIMS-1-Ob-Question-4"/></reference><name value="BCS-SNF-BIMS-1-Ob-Question-4"/><exampleCanonical value="https://paciowg.github.io/cognitive-status-ig/StructureDefinition/pacio-cs"/><groupingId value="_ex_example"/></resource><resource><extension url="http://hl7.org/fhir/StructureDefinition/implementationguide-page"><valueUri value="Observation-BCS-SNF-BIMS-1-Ob-Question-5.html"/></extension><reference><reference value="Observation/BCS-SNF-BIMS-1-Ob-Question-5"/></reference><name value="BCS-SNF-BIMS-1-Ob-Question-5"/><exampleCanonical value="https://paciowg.github.io/cognitive-status-ig/StructureDefinition/pacio-cs"/><groupingId value="_ex_example"/></resource><resource><extension url="http://hl7.org/fhir/StructureDefinition/implementationguide-page"><valueUri value="Observation-BCS-SNF-BIMS-1-Ob-Question-6.html"/></extension><reference><reference value="Observation/BCS-SNF-BIMS-1-Ob-Question-6"/></reference><name value="BCS-SNF-BIMS-1-Ob-Question-6"/><exampleCanonical value="https://paciowg.github.io/cognitive-status-ig/StructureDefinition/pacio-cs"/><groupingId value="_ex_example"/></resource><resource><extension url="http://hl7.org/fhir/StructureDefinition/implementationguide-page"><valueUri value="Observation-BCS-SNF-BIMS-1-Ob-Question-7.html"/></extension><reference><reference value="Observation/BCS-SNF-BIMS-1-Ob-Question-7"/></reference><name value="BCS-SNF-BIMS-1-Ob-Question-7"/><exampleCanonical value="https://paciowg.github.io/cognitive-status-ig/StructureDefinition/pacio-cs"/><groupingId value="_ex_example"/></resource><resource><extension url="http://hl7.org/fhir/StructureDefinition/implementationguide-page"><valueUri value="Observation-BCS-SNF-PHQ9-1.html"/></extension><reference><reference value="Observation/BCS-SNF-PHQ9-1"/></reference><name value="BCS-SNF-PHQ9-1"/><exampleCanonical value="https://paciowg.github.io/cognitive-status-ig/StructureDefinition/pacio-bcs"/><groupingId value="_ex_example"/></resource><resource><extension url="http://hl7.org/fhir/StructureDefinition/implementationguide-page"><valueUri value="Observation-BCS-SNF-PHQ9-1-Ob-Question-10.html"/></extension><reference><reference value="Observation/BCS-SNF-PHQ9-1-Ob-Question-10"/></reference><name value="BCS-SNF-PHQ9-1-Ob-Question-10"/><exampleCanonical value="https://paciowg.github.io/cognitive-status-ig/StructureDefinition/pacio-cs"/><groupingId value="_ex_example"/></resource><resource><extension url="http://hl7.org/fhir/StructureDefinition/implementationguide-page"><valueUri value="Observation-BCS-SNF-PHQ9-1-Ob-Question-11.html"/></extension><reference><reference value="Observation/BCS-SNF-PHQ9-1-Ob-Question-11"/></reference><name value="BCS-SNF-PHQ9-1-Ob-Question-11"/><exampleCanonical value="https://paciowg.github.io/cognitive-status-ig/StructureDefinition/pacio-cs"/><groupingId value="_ex_example"/></resource><resource><extension url="http://hl7.org/fhir/StructureDefinition/implementationguide-page"><valueUri value="Observation-BCS-SNF-PHQ9-1-Ob-Question-12.html"/></extension><reference><reference value="Observation/BCS-SNF-PHQ9-1-Ob-Question-12"/></reference><name value="BCS-SNF-PHQ9-1-Ob-Question-12"/><exampleCanonical value="https://paciowg.github.io/cognitive-status-ig/StructureDefinition/pacio-cs"/><groupingId value="_ex_example"/></resource><resource><extension url="http://hl7.org/fhir/StructureDefinition/implementationguide-page"><valueUri value="Observation-BCS-SNF-PHQ9-1-Ob-Question-13.html"/></extension><reference><reference value="Observation/BCS-SNF-PHQ9-1-Ob-Question-13"/></reference><name value="BCS-SNF-PHQ9-1-Ob-Question-13"/><exampleCanonical value="https://paciowg.github.io/cognitive-status-ig/StructureDefinition/pacio-cs"/><groupingId value="_ex_example"/></resource><resource><extension url="http://hl7.org/fhir/StructureDefinition/implementationguide-page"><valueUri value="Observation-BCS-SNF-PHQ9-1-Ob-Question-14.html"/></extension><reference><reference value="Observation/BCS-SNF-PHQ9-1-Ob-Question-14"/></reference><name value="BCS-SNF-PHQ9-1-Ob-Question-14"/><exampleCanonical value="https://paciowg.github.io/cognitive-status-ig/StructureDefinition/pacio-cs"/><groupingId value="_ex_example"/></resource><resource><extension url="http://hl7.org/fhir/StructureDefinition/implementationguide-page"><valueUri value="Observation-BCS-SNF-PHQ9-1-Ob-Question-15.html"/></extension><reference><reference value="Observation/BCS-SNF-PHQ9-1-Ob-Question-15"/></reference><name value="BCS-SNF-PHQ9-1-Ob-Question-15"/><exampleCanonical value="https://paciowg.github.io/cognitive-status-ig/StructureDefinition/pacio-cs"/><groupingId value="_ex_example"/></resource><resource><extension url="http://hl7.org/fhir/StructureDefinition/implementationguide-page"><valueUri value="Observation-BCS-SNF-PHQ9-1-Ob-Question-16.html"/></extension><reference><reference value="Observation/BCS-SNF-PHQ9-1-Ob-Question-16"/></reference><name value="BCS-SNF-PHQ9-1-Ob-Question-16"/><exampleCanonical value="https://paciowg.github.io/cognitive-status-ig/StructureDefinition/pacio-cs"/><groupingId value="_ex_example"/></resource><resource><extension url="http://hl7.org/fhir/StructureDefinition/implementationguide-page"><valueUri value="Observation-BCS-SNF-PHQ9-1-Ob-Question-17.html"/></extension><reference><reference value="Observation/BCS-SNF-PHQ9-1-Ob-Question-17"/></reference><name value="BCS-SNF-PHQ9-1-Ob-Question-17"/><exampleCanonical value="https://paciowg.github.io/cognitive-status-ig/StructureDefinition/pacio-cs"/><groupingId value="_ex_example"/></resource><resource><extension url="http://hl7.org/fhir/StructureDefinition/implementationguide-page"><valueUri value="Observation-BCS-SNF-PHQ9-1-Ob-Question-18.html"/></extension><reference><reference value="Observation/BCS-SNF-PHQ9-1-Ob-Question-18"/></reference><name value="BCS-SNF-PHQ9-1-Ob-Question-18"/><exampleCanonical value="https://paciowg.github.io/cognitive-status-ig/StructureDefinition/pacio-cs"/><groupingId value="_ex_example"/></resource><resource><extension url="http://hl7.org/fhir/StructureDefinition/implementationguide-page"><valueUri value="Observation-BCS-SNF-PHQ9-1-Ob-Question-19.html"/></extension><reference><reference value="Observation/BCS-SNF-PHQ9-1-Ob-Question-19"/></reference><name value="BCS-SNF-PHQ9-1-Ob-Question-19"/><exampleCanonical value="https://paciowg.github.io/cognitive-status-ig/StructureDefinition/pacio-cs"/><groupingId value="_ex_example"/></resource><resource><extension url="http://hl7.org/fhir/StructureDefinition/implementationguide-page"><valueUri value="Observation-BCS-SNF-PHQ9-1-Ob-Question-20.html"/></extension><reference><reference value="Observation/BCS-SNF-PHQ9-1-Ob-Question-20"/></reference><name value="BCS-SNF-PHQ9-1-Ob-Question-20"/><exampleCanonical value="https://paciowg.github.io/cognitive-status-ig/StructureDefinition/pacio-cs"/><groupingId value="_ex_example"/></resource><resource><extension url="http://hl7.org/fhir/StructureDefinition/implementationguide-page"><valueUri value="Observation-BCS-SNF-PHQ9-1-Ob-Question-21.html"/></extension><reference><reference value="Observation/BCS-SNF-PHQ9-1-Ob-Question-21"/></reference><name value="BCS-SNF-PHQ9-1-Ob-Question-21"/><exampleCanonical value="https://paciowg.github.io/cognitive-status-ig/StructureDefinition/pacio-cs"/><groupingId value="_ex_example"/></resource><resource><extension url="http://hl7.org/fhir/StructureDefinition/implementationguide-page"><valueUri value="Observation-BCS-SNF-PHQ9-1-Ob-Question-22.html"/></extension><reference><reference value="Observation/BCS-SNF-PHQ9-1-Ob-Question-22"/></reference><name value="BCS-SNF-PHQ9-1-Ob-Question-22"/><exampleCanonical value="https://paciowg.github.io/cognitive-status-ig/StructureDefinition/pacio-cs"/><groupingId value="_ex_example"/></resource><resource><extension url="http://hl7.org/fhir/StructureDefinition/implementationguide-page"><valueUri value="Observation-BCS-SNF-PHQ9-1-Ob-Question-23.html"/></extension><reference><reference value="Observation/BCS-SNF-PHQ9-1-Ob-Question-23"/></reference><name value="BCS-SNF-PHQ9-1-Ob-Question-23"/><exampleCanonical value="https://paciowg.github.io/cognitive-status-ig/StructureDefinition/pacio-cs"/><groupingId value="_ex_example"/></resource><resource><extension url="http://hl7.org/fhir/StructureDefinition/implementationguide-page"><valueUri value="Observation-BCS-SNF-PHQ9-1-Ob-Question-24.html"/></extension><reference><reference value="Observation/BCS-SNF-PHQ9-1-Ob-Question-24"/></reference><name value="BCS-SNF-PHQ9-1-Ob-Question-24"/><exampleCanonical value="https://paciowg.github.io/cognitive-status-ig/StructureDefinition/pacio-cs"/><groupingId value="_ex_example"/></resource><resource><extension url="http://hl7.org/fhir/StructureDefinition/implementationguide-page"><valueUri value="Observation-BCS-SNF-PHQ9-1-Ob-Question-25.html"/></extension><reference><reference value="Observation/BCS-SNF-PHQ9-1-Ob-Question-25"/></reference><name value="BCS-SNF-PHQ9-1-Ob-Question-25"/><exampleCanonical value="https://paciowg.github.io/cognitive-status-ig/StructureDefinition/pacio-cs"/><groupingId value="_ex_example"/></resource><resource><extension url="http://hl7.org/fhir/StructureDefinition/implementationguide-page"><valueUri value="Observation-BCS-SNF-PHQ9-1-Ob-Question-8.html"/></extension><reference><reference value="Observation/BCS-SNF-PHQ9-1-Ob-Question-8"/></reference><name value="BCS-SNF-PHQ9-1-Ob-Question-8"/><exampleCanonical value="https://paciowg.github.io/cognitive-status-ig/StructureDefinition/pacio-cs"/><groupingId value="_ex_example"/></resource><resource><extension url="http://hl7.org/fhir/StructureDefinition/implementationguide-page"><valueUri value="Observation-BCS-SNF-PHQ9-1-Ob-Question-9.html"/></extension><reference><reference value="Observation/BCS-SNF-PHQ9-1-Ob-Question-9"/></reference><name value="BCS-SNF-PHQ9-1-Ob-Question-9"/><exampleCanonical value="https://paciowg.github.io/cognitive-status-ig/StructureDefinition/pacio-cs"/><groupingId value="_ex_example"/></resource><resource><extension url="http://hl7.org/fhir/StructureDefinition/implementationguide-page"><valueUri value="Observation-BSJ-plocf-observation-1.html"/></extension><reference><reference value="Observation/BSJ-plocf-observation-1"/></reference><name value="BSJ-plocf-observation-1"/><exampleCanonical value="https://paciowg.github.io/cognitive-status-ig/StructureDefinition/pacio-plcf"/><groupingId value="_ex_example"/></resource><resource><extension url="http://hl7.org/fhir/StructureDefinition/implementationguide-page"><valueUri value="Observation-BSJ-plocf-observation-2.html"/></extension><reference><reference value="Observation/BSJ-plocf-observation-2"/></reference><name value="BSJ-plocf-observation-2"/><exampleCanonical value="https://paciowg.github.io/cognitive-status-ig/StructureDefinition/pacio-plcf"/><groupingId value="_ex_example"/></resource><resource><extension url="http://hl7.org/fhir/StructureDefinition/implementationguide-page"><valueUri value="Observation-BSJ-plocf-observation-3.html"/></extension><reference><reference value="Observation/BSJ-plocf-observation-3"/></reference><name value="BSJ-plocf-observation-3"/><exampleCanonical value="https://paciowg.github.io/cognitive-status-ig/StructureDefinition/pacio-plcf"/><groupingId value="_ex_example"/></resource><resource><extension url="http://hl7.org/fhir/StructureDefinition/implementationguide-page"><valueUri value="Organization-Org-01.html"/></extension><reference><reference value="Organization/Org-01"/></reference><name value="Org-01"/><exampleBoolean value="true"/><groupingId value="_ex_example"/></resource><resource><extension url="http://hl7.org/fhir/StructureDefinition/implementationguide-page"><valueUri value="Organization-Org-02.html"/></extension><reference><reference value="Organization/Org-02"/></reference><name value="Org-02"/><exampleBoolean value="true"/><groupingId value="_ex_example"/></resource><resource><extension url="http://hl7.org/fhir/StructureDefinition/implementationguide-page"><valueUri value="Organization-Org-03.html"/></extension><reference><reference value="Organization/Org-03"/></reference><name value="Org-03"/><exampleBoolean value="true"/><groupingId value="_ex_example"/></resource><resource><extension url="http://hl7.org/fhir/StructureDefinition/implementationguide-page"><valueUri value="Location-Org-Loc-01.html"/></extension><reference><reference value="Location/Org-Loc-01"/></reference><name value="Org-Loc-01"/><exampleBoolean value="true"/><groupingId value="_ex_example"/></resource><resource><extension url="http://hl7.org/fhir/StructureDefinition/implementationguide-page"><valueUri value="Location-Org-Loc-02.html"/></extension><reference><reference value="Location/Org-Loc-02"/></reference><name value="Org-Loc-02"/><exampleBoolean value="true"/><groupingId value="_ex_example"/></resource><resource><extension url="http://hl7.org/fhir/StructureDefinition/implementationguide-page"><valueUri value="Location-Org-Loc-03.html"/></extension><reference><reference value="Location/Org-Loc-03"/></reference><name value="Org-Loc-03"/><exampleBoolean value="true"/><groupingId value="_ex_example"/></resource><resource><extension url="http://hl7.org/fhir/StructureDefinition/implementationguide-page"><valueUri value="Practitioner-Practitioner-HoneyJones.html"/></extension><reference><reference value="Practitioner/Practitioner-HoneyJones"/></reference><name value="Practitioner-HoneyJones"/><exampleBoolean value="true"/><groupingId value="_ex_example"/></resource><resource><extension url="http://hl7.org/fhir/StructureDefinition/implementationguide-page"><valueUri value="Practitioner-Practitioner-JennyGlass.html"/></extension><reference><reference value="Practitioner/Practitioner-JennyGlass"/></reference><name value="Practitioner-JennyGlass"/><exampleBoolean value="true"/><groupingId value="_ex_example"/></resource><resource><extension url="http://hl7.org/fhir/StructureDefinition/implementationguide-page"><valueUri value="Practitioner-Practitioner-JohnSmith.html"/></extension><reference><reference value="Practitioner/Practitioner-JohnSmith"/></reference><name value="Practitioner-JohnSmith"/><exampleBoolean value="true"/><groupingId value="_ex_example"/></resource><resource><extension url="http://hl7.org/fhir/StructureDefinition/implementationguide-page"><valueUri value="Practitioner-Practitioner-LunaBaskins.html"/></extension><reference><reference value="Practitioner/Practitioner-LunaBaskins"/></reference><name value="Practitioner-LunaBaskins"/><exampleBoolean value="true"/><groupingId value="_ex_example"/></resource><resource><extension url="http://hl7.org/fhir/StructureDefinition/implementationguide-page"><valueUri value="QuestionnaireResponse-QResponse-Hospital-MMSE-1.html"/></extension><reference><reference value="QuestionnaireResponse/QResponse-Hospital-MMSE-1"/></reference><name value="QResponse-Hospital-MMSE-1"/><exampleCanonical value="https://paciowg.github.io/cognitive-status-ig/StructureDefinition/pacio-cognition-qr"/><groupingId value="_ex_example"/></resource><resource><extension url="http://hl7.org/fhir/StructureDefinition/implementationguide-page"><valueUri value="QuestionnaireResponse-QResponse-Hospital-MMSE-2.html"/></extension><reference><reference value="QuestionnaireResponse/QResponse-Hospital-MMSE-2"/></reference><name value="QResponse-Hospital-MMSE-2"/><exampleCanonical value="https://paciowg.github.io/cognitive-status-ig/StructureDefinition/pacio-cognition-qr"/><groupingId value="_ex_example"/></resource><resource><extension url="http://hl7.org/fhir/StructureDefinition/implementationguide-page"><valueUri value="QuestionnaireResponse-QResponse-Hospital-MOCA-1.html"/></extension><reference><reference value="QuestionnaireResponse/QResponse-Hospital-MOCA-1"/></reference><name value="QResponse-Hospital-MOCA-1"/><exampleCanonical value="https://paciowg.github.io/cognitive-status-ig/StructureDefinition/pacio-cognition-qr"/><groupingId value="_ex_example"/></resource><resource><extension url="http://hl7.org/fhir/StructureDefinition/implementationguide-page"><valueUri value="QuestionnaireResponse-QResponse-Hospital-MOCA-2.html"/></extension><reference><reference value="QuestionnaireResponse/QResponse-Hospital-MOCA-2"/></reference><name value="QResponse-Hospital-MOCA-2"/><exampleCanonical value="https://paciowg.github.io/cognitive-status-ig/StructureDefinition/pacio-cognition-qr"/><groupingId value="_ex_example"/></resource><resource><extension url="http://hl7.org/fhir/StructureDefinition/implementationguide-page"><valueUri value="QuestionnaireResponse-QResponse-SNF-BCAT-1.html"/></extension><reference><reference value="QuestionnaireResponse/QResponse-SNF-BCAT-1"/></reference><name value="QResponse-SNF-BCAT-1"/><exampleCanonical value="https://paciowg.github.io/cognitive-status-ig/StructureDefinition/pacio-cognition-qr"/><groupingId value="_ex_example"/></resource><resource><extension url="http://hl7.org/fhir/StructureDefinition/implementationguide-page"><valueUri value="QuestionnaireResponse-QResponse-SNF-BIMS-1.html"/></extension><reference><reference value="QuestionnaireResponse/QResponse-SNF-BIMS-1"/></reference><name value="QResponse-SNF-BIMS-1"/><exampleCanonical value="https://paciowg.github.io/cognitive-status-ig/StructureDefinition/pacio-cognition-qr"/><groupingId value="_ex_example"/></resource><resource><extension url="http://hl7.org/fhir/StructureDefinition/implementationguide-page"><valueUri value="QuestionnaireResponse-QResponse-SNF-PHQ9-1.html"/></extension><reference><reference value="QuestionnaireResponse/QResponse-SNF-PHQ9-1"/></reference><name value="QResponse-SNF-PHQ9-1"/><exampleCanonical value="https://paciowg.github.io/cognitive-status-ig/StructureDefinition/pacio-cognition-qr"/><groupingId value="_ex_example"/></resource><resource><extension url="http://hl7.org/fhir/StructureDefinition/implementationguide-page"><valueUri value="PractitionerRole-Role-SLP.html"/></extension><reference><reference value="PractitionerRole/Role-SLP"/></reference><name value="Role-SLP"/><exampleBoolean value="true"/><groupingId value="_ex_example"/></resource><resource><extension url="http://hl7.org/fhir/StructureDefinition/implementationguide-page"><valueUri value="Patient-patientBSJ1.html"/></extension><reference><reference value="Patient/patientBSJ1"/></reference><name value="patientBSJ1"/><exampleBoolean value="true"/><groupingId value="_ex_example"/></resource><resource><extension url="http://hl7.org/fhir/StructureDefinition/implementationguide-page"><valueUri value="Organization-provider-org-01.html"/></extension><reference><reference value="Organization/provider-org-01"/></reference><name value="provider-org-01"/><exampleBoolean value="true"/><groupingId value="_ex_example"/></resource><resource><extension url="http://hl7.org/fhir/StructureDefinition/implementationguide-page"><valueUri value="Location-provider-org-loc-01.html"/></extension><reference><reference value="Location/provider-org-loc-01"/></reference><name value="provider-org-loc-01"/><exampleBoolean value="true"/><groupingId value="_ex_example"/></resource><resource><extension url="http://hl7.org/fhir/StructureDefinition/implementationguide-page"><valueUri value="PractitionerRole-provider-role-pcp.html"/></extension><reference><reference value="PractitionerRole/provider-role-pcp"/></reference><name value="provider-role-pcp"/><exampleBoolean value="true"/><groupingId value="_ex_example"/></resource><resource><extension url="http://hl7.org/fhir/StructureDefinition/implementationguide-page"><valueUri value="CapabilityStatement-CapabilityStatement-pacio-cs.html"/></extension><reference><reference value="CapabilityStatement/CapabilityStatement-pacio-cs"/></reference><name value="PACIO Cognitive Status Capability Statement"/><description value="This Capability Statement defines the expected capabilities of a PACIO Cognitive Status FHIR server conforming to the PACIO Cognitive Status Implementation Guide."/><exampleBoolean value="false"/><groupingId value="_dyn_capabilitystatement"/></resource><page><nameUrl value="toc.html"/><title value="Table of Contents"/><generation value="html"/><page><nameUrl value="index.html"/><title value="Home"/><generation value="markdown"/></page><page><nameUrl value="cognitive_status_use_case.html"/><title value="Cognitive Status Use Case"/><generation value="markdown"/></page><page><nameUrl value="profile_highlights_and_guidance.html"/><title value="Profile Highlights and Guidance"/><generation value="markdown"/></page><page><nameUrl value="security_and_data_sharing.html"/><title value="Security and Data Sharing"/><generation value="markdown"/></page><page><nameUrl value="underlying_technologies.html"/><title value="Underlying Technologies"/><generation value="markdown"/></page><page><nameUrl value="artifacts.html"/><title value="Artifacts Summary"/><generation value="html"/><page><nameUrl value="CapabilityStatement-CapabilityStatement-pacio-cs.html"/><title value="PACIO Cognitive Status Capability Statement"/><generation value="generated"/></page><page><nameUrl value="StructureDefinition-pacio-bcs.html"/><title value="PACIO Bundled Cognitive Status"/><generation value="generated"/></page><page><nameUrl value="StructureDefinition-pacio-cognition-qr.html"/><title value="PACIO Cognition Questionnaire Response"/><generation value="generated"/></page><page><nameUrl value="StructureDefinition-pacio-cs.html"/><title value="PACIO Cognitive Status"/><generation value="generated"/></page><page><nameUrl value="StructureDefinition-pacio-plcf.html"/><title value="PACIO Prior Level of Cognitive Function"/><generation value="generated"/></page><page><nameUrl value="StructureDefinition-pacio-cs-dev.html"/><title value="Use of Device"/><generation value="generated"/></page><page><nameUrl value="StructureDefinition-assistance-required.html"/><title value="AssistanceRequired"/><generation value="generated"/></page><page><nameUrl value="StructureDefinition-device-patient-used.html"/><title value="DevicePatientUsed"/><generation value="generated"/></page><page><nameUrl value="Observation-BCS-Hospital-MMSE-1.html"/><title value="BCS-Hospital-MMSE-1"/><generation value="generated"/></page><page><nameUrl value="Observation-BCS-Hospital-MMSE-2.html"/><title value="BCS-Hospital-MMSE-2"/><generation value="generated"/></page><page><nameUrl value="Observation-BCS-Hospital-MOCA-1.html"/><title value="BCS-Hospital-MOCA-1"/><generation value="generated"/></page><page><nameUrl value="Observation-BCS-Hospital-MOCA-2.html"/><title value="BCS-Hospital-MOCA-2"/><generation value="generated"/></page><page><nameUrl value="Observation-BCS-SNF-BCAT-1.html"/><title value="BCS-SNF-BCAT-1"/><generation value="generated"/></page><page><nameUrl value="Observation-BCS-SNF-BIMS-1.html"/><title value="BCS-SNF-BIMS-1"/><generation value="generated"/></page><page><nameUrl value="Observation-BCS-SNF-BIMS-1-Ob-Question-1.html"/><title value="BCS-SNF-BIMS-1-Ob-Question-1"/><generation value="generated"/></page><page><nameUrl value="Observation-BCS-SNF-BIMS-1-Ob-Question-2.html"/><title value="BCS-SNF-BIMS-1-Ob-Question-2"/><generation value="generated"/></page><page><nameUrl value="Observation-BCS-SNF-BIMS-1-Ob-Question-3.html"/><title value="BCS-SNF-BIMS-1-Ob-Question-3"/><generation value="generated"/></page><page><nameUrl value="Observation-BCS-SNF-BIMS-1-Ob-Question-4.html"/><title value="BCS-SNF-BIMS-1-Ob-Question-4"/><generation value="generated"/></page><page><nameUrl value="Observation-BCS-SNF-BIMS-1-Ob-Question-5.html"/><title value="BCS-SNF-BIMS-1-Ob-Question-5"/><generation value="generated"/></page><page><nameUrl value="Observation-BCS-SNF-BIMS-1-Ob-Question-6.html"/><title value="BCS-SNF-BIMS-1-Ob-Question-6"/><generation value="generated"/></page><page><nameUrl value="Observation-BCS-SNF-BIMS-1-Ob-Question-7.html"/><title value="BCS-SNF-BIMS-1-Ob-Question-7"/><generation value="generated"/></page><page><nameUrl value="Observation-BCS-SNF-PHQ9-1.html"/><title value="BCS-SNF-PHQ9-1"/><generation value="generated"/></page><page><nameUrl value="Observation-BCS-SNF-PHQ9-1-Ob-Question-10.html"/><title value="BCS-SNF-PHQ9-1-Ob-Question-10"/><generation value="generated"/></page><page><nameUrl value="Observation-BCS-SNF-PHQ9-1-Ob-Question-11.html"/><title value="BCS-SNF-PHQ9-1-Ob-Question-11"/><generation value="generated"/></page><page><nameUrl value="Observation-BCS-SNF-PHQ9-1-Ob-Question-12.html"/><title value="BCS-SNF-PHQ9-1-Ob-Question-12"/><generation value="generated"/></page><page><nameUrl value="Observation-BCS-SNF-PHQ9-1-Ob-Question-13.html"/><title value="BCS-SNF-PHQ9-1-Ob-Question-13"/><generation value="generated"/></page><page><nameUrl value="Observation-BCS-SNF-PHQ9-1-Ob-Question-14.html"/><title value="BCS-SNF-PHQ9-1-Ob-Question-14"/><generation value="generated"/></page><page><nameUrl value="Observation-BCS-SNF-PHQ9-1-Ob-Question-15.html"/><title value="BCS-SNF-PHQ9-1-Ob-Question-15"/><generation value="generated"/></page><page><nameUrl value="Observation-BCS-SNF-PHQ9-1-Ob-Question-16.html"/><title value="BCS-SNF-PHQ9-1-Ob-Question-16"/><generation value="generated"/></page><page><nameUrl value="Observation-BCS-SNF-PHQ9-1-Ob-Question-17.html"/><title value="BCS-SNF-PHQ9-1-Ob-Question-17"/><generation value="generated"/></page><page><nameUrl value="Observation-BCS-SNF-PHQ9-1-Ob-Question-18.html"/><title value="BCS-SNF-PHQ9-1-Ob-Question-18"/><generation value="generated"/></page><page><nameUrl value="Observation-BCS-SNF-PHQ9-1-Ob-Question-19.html"/><title value="BCS-SNF-PHQ9-1-Ob-Question-19"/><generation value="generated"/></page><page><nameUrl value="Observation-BCS-SNF-PHQ9-1-Ob-Question-20.html"/><title value="BCS-SNF-PHQ9-1-Ob-Question-20"/><generation value="generated"/></page><page><nameUrl value="Observation-BCS-SNF-PHQ9-1-Ob-Question-21.html"/><title value="BCS-SNF-PHQ9-1-Ob-Question-21"/><generation value="generated"/></page><page><nameUrl value="Observation-BCS-SNF-PHQ9-1-Ob-Question-22.html"/><title value="BCS-SNF-PHQ9-1-Ob-Question-22"/><generation value="generated"/></page><page><nameUrl value="Observation-BCS-SNF-PHQ9-1-Ob-Question-23.html"/><title value="BCS-SNF-PHQ9-1-Ob-Question-23"/><generation value="generated"/></page><page><nameUrl value="Observation-BCS-SNF-PHQ9-1-Ob-Question-24.html"/><title value="BCS-SNF-PHQ9-1-Ob-Question-24"/><generation value="generated"/></page><page><nameUrl value="Observation-BCS-SNF-PHQ9-1-Ob-Question-25.html"/><title value="BCS-SNF-PHQ9-1-Ob-Question-25"/><generation value="generated"/></page><page><nameUrl value="Observation-BCS-SNF-PHQ9-1-Ob-Question-8.html"/><title value="BCS-SNF-PHQ9-1-Ob-Question-8"/><generation value="generated"/></page><page><nameUrl value="Observation-BCS-SNF-PHQ9-1-Ob-Question-9.html"/><title value="BCS-SNF-PHQ9-1-Ob-Question-9"/><generation value="generated"/></page><page><nameUrl value="Observation-BSJ-plocf-observation-1.html"/><title value="BSJ-plocf-observation-1"/><generation value="generated"/></page><page><nameUrl value="Observation-BSJ-plocf-observation-2.html"/><title value="BSJ-plocf-observation-2"/><generation value="generated"/></page><page><nameUrl value="Observation-BSJ-plocf-observation-3.html"/><title value="BSJ-plocf-observation-3"/><generation value="generated"/></page><page><nameUrl value="Organization-Org-01.html"/><title value="Org-01"/><generation value="generated"/></page><page><nameUrl value="Organization-Org-02.html"/><title value="Org-02"/><generation value="generated"/></page><page><nameUrl value="Organization-Org-03.html"/><title value="Org-03"/><generation value="generated"/></page><page><nameUrl value="Location-Org-Loc-01.html"/><title value="Org-Loc-01"/><generation value="generated"/></page><page><nameUrl value="Location-Org-Loc-02.html"/><title value="Org-Loc-02"/><generation value="generated"/></page><page><nameUrl value="Location-Org-Loc-03.html"/><title value="Org-Loc-03"/><generation value="generated"/></page><page><nameUrl value="Practitioner-Practitioner-HoneyJones.html"/><title value="Practitioner-HoneyJones"/><generation value="generated"/></page><page><nameUrl value="Practitioner-Practitioner-JennyGlass.html"/><title value="Practitioner-JennyGlass"/><generation value="generated"/></page><page><nameUrl value="Practitioner-Practitioner-JohnSmith.html"/><title value="Practitioner-JohnSmith"/><generation value="generated"/></page><page><nameUrl value="Practitioner-Practitioner-LunaBaskins.html"/><title value="Practitioner-LunaBaskins"/><generation value="generated"/></page><page><nameUrl value="QuestionnaireResponse-QResponse-Hospital-MMSE-1.html"/><title value="QResponse-Hospital-MMSE-1"/><generation value="generated"/></page><page><nameUrl value="QuestionnaireResponse-QResponse-Hospital-MMSE-2.html"/><title value="QResponse-Hospital-MMSE-2"/><generation value="generated"/></page><page><nameUrl value="QuestionnaireResponse-QResponse-Hospital-MOCA-1.html"/><title value="QResponse-Hospital-MOCA-1"/><generation value="generated"/></page><page><nameUrl value="QuestionnaireResponse-QResponse-Hospital-MOCA-2.html"/><title value="QResponse-Hospital-MOCA-2"/><generation value="generated"/></page><page><nameUrl value="QuestionnaireResponse-QResponse-SNF-BCAT-1.html"/><title value="QResponse-SNF-BCAT-1"/><generation value="generated"/></page><page><nameUrl value="QuestionnaireResponse-QResponse-SNF-BIMS-1.html"/><title value="QResponse-SNF-BIMS-1"/><generation value="generated"/></page><page><nameUrl value="QuestionnaireResponse-QResponse-SNF-PHQ9-1.html"/><title value="QResponse-SNF-PHQ9-1"/><generation value="generated"/></page><page><nameUrl value="PractitionerRole-Role-SLP.html"/><title value="Role-SLP"/><generation value="generated"/></page><page><nameUrl value="Patient-patientBSJ1.html"/><title value="patientBSJ1"/><generation value="generated"/></page><page><nameUrl value="Organization-provider-org-01.html"/><title value="provider-org-01"/><generation value="generated"/></page><page><nameUrl value="Location-provider-org-loc-01.html"/><title value="provider-org-loc-01"/><generation value="generated"/></page><page><nameUrl value="PractitionerRole-provider-role-pcp.html"/><title value="provider-role-pcp"/><generation value="generated"/></page></page></page><parameter><code value="path-resource"/><value value="input/capabilities"/></parameter><parameter><code value="path-resource"/><value value="input/examples"/></parameter><parameter><code value="path-resource"/><value value="input/extensions"/></parameter><parameter><code value="path-resource"/><value value="input/models"/></parameter><parameter><code value="path-resource"/><value value="input/operations"/></parameter><parameter><code value="path-resource"/><value value="input/profiles"/></parameter><parameter><code value="path-resource"/><value value="input/resources"/></parameter><parameter><code value="path-resource"/><value value="input/vocabulary"/></parameter><parameter><code value="path-resource"/><value value="input/maps"/></parameter><parameter><code value="path-resource"/><value value="input/testing"/></parameter><parameter><code value="path-resource"/><value value="input/history"/></parameter><parameter><code value="path-pages"/><value value="template/config"/></parameter><parameter><code value="path-pages"/><value value="input/images"/></parameter><parameter><code value="path-tx-cache"/><value value="input-cache/txcache"/></parameter></definition></ImplementationGuide>