<?xml version="1.0" encoding="UTF-8"?><StructureDefinition xmlns="http://hl7.org/fhir"><id value="obf-Participation-extension"/><text><status value="generated"/><div xmlns="http://www.w3.org/1999/xhtml">
  <p><b>Participation Extension</b></p>
  <p>Record of someone or something involvement in an activity or event.</p>
</div></text><url value="http://hl7.org/fhir/us/PACIO-functional-cognitive-status/StructureDefinition/obf-Participation-extension"/><version value="0.1.0"/><name value="Participation"/><title value="Participation"/><status value="draft"/><date value="2020-01-08T00:00:00+00:00"/><publisher value="HL7 Patient Care WG and Community-Based Care and Privacy WG"/><contact><telecom><system value="url"/><value value="http://www.hl7.org/Special/committees/patientcare/"/></telecom><telecom><system value="url"/><value value="http://www.hl7.org/Special/committees/homehealth/"/></telecom></contact><description value="Record of someone or something involvement in an activity or event."/><fhirVersion value="4.0.1"/><kind value="complex-type"/><abstract value="false"/><context><type value="element"/><expression value="*"/></context><type value="Extension"/><baseDefinition value="http://hl7.org/fhir/StructureDefinition/Extension"/><derivation value="constraint"/><snapshot><element id="Extension"><path value="Extension"/><short value="Participation"/><definition value="Record of someone or something involvement in an activity or event."/><min value="0"/><max value="*"/><base><path value="Extension"/><min value="0"/><max value="*"/></base><condition value="ele-1"/><constraint><key value="ele-1"/><severity value="error"/><human value="All FHIR elements must have a @value or children"/><expression value="hasValue() or (children().count() &gt; id.count())"/><xpath value="@value|f:*|h:div"/><source value="Element"/></constraint><constraint><key value="ext-1"/><severity value="error"/><human value="Must have either extensions or value[x], not both"/><expression value="extension.exists() != value.exists()"/><xpath value="exists(f:extension)!=exists(f:*[starts-with(local-name(.), &#39;value&#39;)])"/></constraint><isModifier value="false"/><mapping><identity value="rim"/><map value="n/a"/></mapping><mapping><identity value="rim"/><map value="N/A"/></mapping></element><element id="Extension.id"><path value="Extension.id"/><representation value="xmlAttr"/><short value="Unique id for inter-element referencing"/><definition value="Unique id for the element within a resource (for internal references). This may be any string value that does not contain spaces."/><min value="0"/><max value="1"/><base><path value="Element.id"/><min value="0"/><max value="1"/></base><type><code value="string"/></type><isModifier value="false"/><isSummary value="false"/><mapping><identity value="rim"/><map value="n/a"/></mapping></element><element id="Extension.extension"><path value="Extension.extension"/><slicing><discriminator><type value="value"/><path value="url"/></discriminator><description value="Extensions are always sliced by (at least) url"/><rules value="open"/></slicing><short value="Additional content defined by implementations"/><definition value="May be used to represent additional information that is not part of the basic definition of the element. To make the use of extensions safe and manageable, there is a strict set of governance  applied to the definition and use of extensions. Though any implementer can define an extension, there is a set of requirements that SHALL be met as part of the definition of the extension."/><comment value="There can be no stigma associated with the use of extensions by any application, project, or standard - regardless of the institution or jurisdiction that uses or defines the extensions.  The use of extensions is what allows the FHIR specification to retain a core level of simplicity for everyone."/><alias value="extensions"/><alias value="user content"/><min value="0"/><max value="*"/><base><path value="Element.extension"/><min value="0"/><max value="*"/></base><type><code value="Extension"/></type><isModifier value="false"/><isSummary value="false"/><mapping><identity value="rim"/><map value="n/a"/></mapping></element><element id="Extension.extension:participant"><path value="Extension.extension"/><sliceName value="participant"/><definition value="An entity (usually a Practitioner, Patient, or Organization but potentially a device or other entity) that participates in a healthcare task or activity. The participant is not necessarily the performer, and the role (ParticipationType), the ParticipationPeriod, and other details of the participation are by the Participation structure."/><min value="0"/><max value="1"/><base><path value="Element.extension"/><min value="0"/><max value="*"/></base><type><code value="Extension"/></type><isModifier value="false"/><isSummary value="false"/><mapping><identity value="rim"/><map value="n/a"/></mapping></element><element id="Extension.extension:participant.id"><path value="Extension.extension.id"/><representation value="xmlAttr"/><short value="Unique id for inter-element referencing"/><definition value="Unique id for the element within a resource (for internal references). This may be any string value that does not contain spaces."/><min value="0"/><max value="1"/><base><path value="Element.id"/><min value="0"/><max value="1"/></base><type><code value="string"/></type><isModifier value="false"/><isSummary value="false"/><mapping><identity value="rim"/><map value="n/a"/></mapping></element><element id="Extension.extension:participant.extension"><path value="Extension.extension.extension"/><slicing><discriminator><type value="value"/><path value="url"/></discriminator><description value="Extensions are always sliced by (at least) url"/><rules value="open"/></slicing><short value="Additional content defined by implementations"/><definition value="May be used to represent additional information that is not part of the basic definition of the element. To make the use of extensions safe and manageable, there is a strict set of governance  applied to the definition and use of extensions. Though any implementer can define an extension, there is a set of requirements that SHALL be met as part of the definition of the extension."/><comment value="There can be no stigma associated with the use of extensions by any application, project, or standard - regardless of the institution or jurisdiction that uses or defines the extensions.  The use of extensions is what allows the FHIR specification to retain a core level of simplicity for everyone."/><alias value="extensions"/><alias value="user content"/><min value="0"/><max value="0"/><base><path value="Element.extension"/><min value="0"/><max value="*"/></base><type><code value="Extension"/></type><isModifier value="false"/><isSummary value="false"/><mapping><identity value="rim"/><map value="n/a"/></mapping></element><element id="Extension.extension:participant.url"><path value="Extension.extension.url"/><representation value="xmlAttr"/><short value="identifies the meaning of the extension"/><definition value="Source of the definition for the extension code - a logical name or a URL."/><comment value="The definition may point directly to a computable or human-readable definition of the extensibility codes, or it may be a logical URI as declared in some other specification. The definition SHALL be a URI for the Structure Definition defining the extension."/><min value="1"/><max value="1"/><base><path value="Extension.url"/><min value="1"/><max value="1"/></base><type><code value="uri"/></type><fixedUri value="participant"/><isModifier value="false"/><isSummary value="false"/><mapping><identity value="rim"/><map value="N/A"/></mapping></element><element id="Extension.extension:participant.valueReference"><path value="Extension.extension.valueReference"/><short value="Value of extension"/><definition value="Value of extension - must be one of a constrained set of the data types (see [Extensibility](extensibility.html) for a list)."/><min value="1"/><max value="1"/><base><path value="Extension.value[x]"/><min value="0"/><max value="1"/></base><type><code value="Reference"/><targetProfile value="http://hl7.org/fhir/us/PACIO-functional-cognitive-status/StructureDefinition/obf-Patient"/><targetProfile value="http://hl7.org/fhir/us/PACIO-functional-cognitive-status/StructureDefinition/obf-Practitioner"/><targetProfile value="http://hl7.org/fhir/us/PACIO-functional-cognitive-status/StructureDefinition/obf-RelatedPerson"/><targetProfile value="http://hl7.org/fhir/us/PACIO-functional-cognitive-status/StructureDefinition/obf-Organization"/><targetProfile value="http://hl7.org/fhir/us/PACIO-functional-cognitive-status/StructureDefinition/obf-Device"/><targetProfile value="http://hl7.org/fhir/us/PACIO-functional-cognitive-status/StructureDefinition/obf-Group"/><targetProfile value="http://hl7.org/fhir/us/PACIO-functional-cognitive-status/StructureDefinition/obf-Location"/></type><isModifier value="false"/><isSummary value="false"/><mapping><identity value="rim"/><map value="N/A"/></mapping></element><element id="Extension.extension:participationType"><path value="Extension.extension"/><sliceName value="participationType"/><definition value="The role played by the participant engaged in the action, for example, as the attending physician, surgical assistant, etc."/><min value="0"/><max value="1"/><base><path value="Element.extension"/><min value="0"/><max value="*"/></base><type><code value="Extension"/></type><isModifier value="false"/><isSummary value="false"/><mapping><identity value="rim"/><map value="n/a"/></mapping></element><element id="Extension.extension:participationType.id"><path value="Extension.extension.id"/><representation value="xmlAttr"/><short value="Unique id for inter-element referencing"/><definition value="Unique id for the element within a resource (for internal references). This may be any string value that does not contain spaces."/><min value="0"/><max value="1"/><base><path value="Element.id"/><min value="0"/><max value="1"/></base><type><code value="string"/></type><isModifier value="false"/><isSummary value="false"/><mapping><identity value="rim"/><map value="n/a"/></mapping></element><element id="Extension.extension:participationType.extension"><path value="Extension.extension.extension"/><slicing><discriminator><type value="value"/><path value="url"/></discriminator><description value="Extensions are always sliced by (at least) url"/><rules value="open"/></slicing><short value="Additional content defined by implementations"/><definition value="May be used to represent additional information that is not part of the basic definition of the element. To make the use of extensions safe and manageable, there is a strict set of governance  applied to the definition and use of extensions. Though any implementer can define an extension, there is a set of requirements that SHALL be met as part of the definition of the extension."/><comment value="There can be no stigma associated with the use of extensions by any application, project, or standard - regardless of the institution or jurisdiction that uses or defines the extensions.  The use of extensions is what allows the FHIR specification to retain a core level of simplicity for everyone."/><alias value="extensions"/><alias value="user content"/><min value="0"/><max value="0"/><base><path value="Element.extension"/><min value="0"/><max value="*"/></base><type><code value="Extension"/></type><isModifier value="false"/><isSummary value="false"/><mapping><identity value="rim"/><map value="n/a"/></mapping></element><element id="Extension.extension:participationType.url"><path value="Extension.extension.url"/><representation value="xmlAttr"/><short value="identifies the meaning of the extension"/><definition value="Source of the definition for the extension code - a logical name or a URL."/><comment value="The definition may point directly to a computable or human-readable definition of the extensibility codes, or it may be a logical URI as declared in some other specification. The definition SHALL be a URI for the Structure Definition defining the extension."/><min value="1"/><max value="1"/><base><path value="Extension.url"/><min value="1"/><max value="1"/></base><type><code value="uri"/></type><fixedUri value="participationType"/><isModifier value="false"/><isSummary value="false"/><mapping><identity value="rim"/><map value="N/A"/></mapping></element><element id="Extension.extension:participationType.valueCodeableConcept"><path value="Extension.extension.valueCodeableConcept"/><short value="Value of extension"/><definition value="Value of extension - must be one of a constrained set of the data types (see [Extensibility](extensibility.html) for a list)."/><min value="1"/><max value="1"/><base><path value="Extension.value[x]"/><min value="0"/><max value="1"/></base><type><code value="CodeableConcept"/></type><isModifier value="false"/><isSummary value="false"/><binding><strength value="example"/><valueSet value="http://hl7.org/fhir/ValueSet/performer-role"/></binding><mapping><identity value="rim"/><map value="N/A"/></mapping></element><element id="Extension.extension:participationPeriod"><path value="Extension.extension"/><sliceName value="participationPeriod"/><definition value="The point in time or span of time the participant is involved."/><min value="0"/><max value="1"/><base><path value="Element.extension"/><min value="0"/><max value="*"/></base><type><code value="Extension"/></type><isModifier value="false"/><isSummary value="false"/><mapping><identity value="rim"/><map value="n/a"/></mapping></element><element id="Extension.extension:participationPeriod.id"><path value="Extension.extension.id"/><representation value="xmlAttr"/><short value="Unique id for inter-element referencing"/><definition value="Unique id for the element within a resource (for internal references). This may be any string value that does not contain spaces."/><min value="0"/><max value="1"/><base><path value="Element.id"/><min value="0"/><max value="1"/></base><type><code value="string"/></type><isModifier value="false"/><isSummary value="false"/><mapping><identity value="rim"/><map value="n/a"/></mapping></element><element id="Extension.extension:participationPeriod.extension"><path value="Extension.extension.extension"/><slicing><discriminator><type value="value"/><path value="url"/></discriminator><description value="Extensions are always sliced by (at least) url"/><rules value="open"/></slicing><short value="Additional content defined by implementations"/><definition value="May be used to represent additional information that is not part of the basic definition of the element. To make the use of extensions safe and manageable, there is a strict set of governance  applied to the definition and use of extensions. Though any implementer can define an extension, there is a set of requirements that SHALL be met as part of the definition of the extension."/><comment value="There can be no stigma associated with the use of extensions by any application, project, or standard - regardless of the institution or jurisdiction that uses or defines the extensions.  The use of extensions is what allows the FHIR specification to retain a core level of simplicity for everyone."/><alias value="extensions"/><alias value="user content"/><min value="0"/><max value="0"/><base><path value="Element.extension"/><min value="0"/><max value="*"/></base><type><code value="Extension"/></type><isModifier value="false"/><isSummary value="false"/><mapping><identity value="rim"/><map value="n/a"/></mapping></element><element id="Extension.extension:participationPeriod.url"><path value="Extension.extension.url"/><representation value="xmlAttr"/><short value="identifies the meaning of the extension"/><definition value="Source of the definition for the extension code - a logical name or a URL."/><comment value="The definition may point directly to a computable or human-readable definition of the extensibility codes, or it may be a logical URI as declared in some other specification. The definition SHALL be a URI for the Structure Definition defining the extension."/><min value="1"/><max value="1"/><base><path value="Extension.url"/><min value="1"/><max value="1"/></base><type><code value="uri"/></type><fixedUri value="participationPeriod"/><isModifier value="false"/><isSummary value="false"/><mapping><identity value="rim"/><map value="N/A"/></mapping></element><element id="Extension.extension:participationPeriod.valuePeriod"><path value="Extension.extension.valuePeriod"/><short value="Value of extension"/><definition value="Value of extension - must be one of a constrained set of the data types (see [Extensibility](extensibility.html) for a list)."/><min value="1"/><max value="1"/><base><path value="Extension.value[x]"/><min value="0"/><max value="1"/></base><type><code value="Period"/></type><isModifier value="false"/><isSummary value="false"/><mapping><identity value="rim"/><map value="N/A"/></mapping></element><element id="Extension.extension:onBehalfOf"><path value="Extension.extension"/><sliceName value="onBehalfOf"/><definition value="The party represented by the actual participant."/><min value="0"/><max value="1"/><base><path value="Element.extension"/><min value="0"/><max value="*"/></base><type><code value="Extension"/></type><isModifier value="false"/><isSummary value="false"/><mapping><identity value="rim"/><map value="n/a"/></mapping></element><element id="Extension.extension:onBehalfOf.id"><path value="Extension.extension.id"/><representation value="xmlAttr"/><short value="Unique id for inter-element referencing"/><definition value="Unique id for the element within a resource (for internal references). This may be any string value that does not contain spaces."/><min value="0"/><max value="1"/><base><path value="Element.id"/><min value="0"/><max value="1"/></base><type><code value="string"/></type><isModifier value="false"/><isSummary value="false"/><mapping><identity value="rim"/><map value="n/a"/></mapping></element><element id="Extension.extension:onBehalfOf.extension"><path value="Extension.extension.extension"/><slicing><discriminator><type value="value"/><path value="url"/></discriminator><description value="Extensions are always sliced by (at least) url"/><rules value="open"/></slicing><short value="Additional content defined by implementations"/><definition value="May be used to represent additional information that is not part of the basic definition of the element. To make the use of extensions safe and manageable, there is a strict set of governance  applied to the definition and use of extensions. Though any implementer can define an extension, there is a set of requirements that SHALL be met as part of the definition of the extension."/><comment value="There can be no stigma associated with the use of extensions by any application, project, or standard - regardless of the institution or jurisdiction that uses or defines the extensions.  The use of extensions is what allows the FHIR specification to retain a core level of simplicity for everyone."/><alias value="extensions"/><alias value="user content"/><min value="0"/><max value="0"/><base><path value="Element.extension"/><min value="0"/><max value="*"/></base><type><code value="Extension"/></type><isModifier value="false"/><isSummary value="false"/><mapping><identity value="rim"/><map value="n/a"/></mapping></element><element id="Extension.extension:onBehalfOf.url"><path value="Extension.extension.url"/><representation value="xmlAttr"/><short value="identifies the meaning of the extension"/><definition value="Source of the definition for the extension code - a logical name or a URL."/><comment value="The definition may point directly to a computable or human-readable definition of the extensibility codes, or it may be a logical URI as declared in some other specification. The definition SHALL be a URI for the Structure Definition defining the extension."/><min value="1"/><max value="1"/><base><path value="Extension.url"/><min value="1"/><max value="1"/></base><type><code value="uri"/></type><fixedUri value="onBehalfOf"/><isModifier value="false"/><isSummary value="false"/><mapping><identity value="rim"/><map value="N/A"/></mapping></element><element id="Extension.extension:onBehalfOf.valueReference"><path value="Extension.extension.valueReference"/><short value="Value of extension"/><definition value="Value of extension - must be one of a constrained set of the data types (see [Extensibility](extensibility.html) for a list)."/><min value="1"/><max value="1"/><base><path value="Extension.value[x]"/><min value="0"/><max value="1"/></base><type><code value="Reference"/><targetProfile value="http://hl7.org/fhir/us/PACIO-functional-cognitive-status/StructureDefinition/obf-Practitioner"/><targetProfile value="http://hl7.org/fhir/us/PACIO-functional-cognitive-status/StructureDefinition/obf-RelatedPerson"/><targetProfile value="http://hl7.org/fhir/us/PACIO-functional-cognitive-status/StructureDefinition/obf-Patient"/><targetProfile value="http://hl7.org/fhir/us/PACIO-functional-cognitive-status/StructureDefinition/obf-Device"/><targetProfile value="http://hl7.org/fhir/us/PACIO-functional-cognitive-status/StructureDefinition/obf-Organization"/></type><isModifier value="false"/><isSummary value="false"/><mapping><identity value="rim"/><map value="N/A"/></mapping></element><element id="Extension.url"><path value="Extension.url"/><representation value="xmlAttr"/><short value="identifies the meaning of the extension"/><definition value="Source of the definition for the extension code - a logical name or a URL."/><comment value="The definition may point directly to a computable or human-readable definition of the extensibility codes, or it may be a logical URI as declared in some other specification. The definition SHALL be a URI for the Structure Definition defining the extension."/><min value="1"/><max value="1"/><base><path value="Extension.url"/><min value="1"/><max value="1"/></base><type><code value="uri"/></type><fixedUri value="http://hl7.org/fhir/us/PACIO-functional-cognitive-status/StructureDefinition/obf-Participation-extension"/><isModifier value="false"/><isSummary value="false"/><mapping><identity value="rim"/><map value="N/A"/></mapping></element><element id="Extension.value[x]"><path value="Extension.value[x]"/><short value="Value of extension"/><definition value="Value of extension - must be one of a constrained set of the data types (see [Extensibility](extensibility.html) for a list)."/><min value="0"/><max value="0"/><base><path value="Extension.value[x]"/><min value="0"/><max value="1"/></base><type><code value="base64Binary"/></type><type><code value="boolean"/></type><type><code value="canonical"/></type><type><code value="code"/></type><type><code value="date"/></type><type><code value="dateTime"/></type><type><code value="decimal"/></type><type><code value="id"/></type><type><code value="instant"/></type><type><code value="integer"/></type><type><code value="markdown"/></type><type><code value="oid"/></type><type><code value="positiveInt"/></type><type><code value="string"/></type><type><code value="time"/></type><type><code value="unsignedInt"/></type><type><code value="uri"/></type><type><code value="url"/></type><type><code value="uuid"/></type><type><code value="Address"/></type><type><code value="Age"/></type><type><code value="Annotation"/></type><type><code value="Attachment"/></type><type><code value="CodeableConcept"/></type><type><code value="Coding"/></type><type><code value="ContactPoint"/></type><type><code value="Count"/></type><type><code value="Distance"/></type><type><code value="Duration"/></type><type><code value="HumanName"/></type><type><code value="Identifier"/></type><type><code value="Money"/></type><type><code value="Period"/></type><type><code value="Quantity"/></type><type><code value="Range"/></type><type><code value="Ratio"/></type><type><code value="Reference"/></type><type><code value="SampledData"/></type><type><code value="Signature"/></type><type><code value="Timing"/></type><type><code value="ContactDetail"/></type><type><code value="Contributor"/></type><type><code value="DataRequirement"/></type><type><code value="Expression"/></type><type><code value="ParameterDefinition"/></type><type><code value="RelatedArtifact"/></type><type><code value="TriggerDefinition"/></type><type><code value="UsageContext"/></type><type><code value="Dosage"/></type><isModifier value="false"/><isSummary value="false"/><mapping><identity value="rim"/><map value="N/A"/></mapping></element></snapshot><differential><element id="Extension"><path value="Extension"/><short value="Participation"/><definition value="Record of someone or something involvement in an activity or event."/><min value="0"/><max value="*"/></element><element id="Extension.extension:participant"><path value="Extension.extension"/><sliceName value="participant"/><definition value="An entity (usually a Practitioner, Patient, or Organization but potentially a device or other entity) that participates in a healthcare task or activity. The participant is not necessarily the performer, and the role (ParticipationType), the ParticipationPeriod, and other details of the participation are by the Participation structure."/><min value="0"/><max value="1"/><base><path value="Element.extension"/><min value="0"/><max value="*"/></base><type><code value="Extension"/></type><isModifier value="false"/><isSummary value="false"/><mapping><identity value="rim"/><map value="n/a"/></mapping></element><element id="Extension.extension:participant.extension"><path value="Extension.extension.extension"/><min value="0"/><max value="0"/></element><element id="Extension.extension:participant.url"><path value="Extension.extension.url"/><type><code value="uri"/></type><fixedUri value="participant"/></element><element id="Extension.extension:participant.valueReference"><path value="Extension.extension.valueReference"/><min value="1"/><type><code value="Reference"/><targetProfile value="http://hl7.org/fhir/us/PACIO-functional-cognitive-status/StructureDefinition/obf-Patient"/><targetProfile value="http://hl7.org/fhir/us/PACIO-functional-cognitive-status/StructureDefinition/obf-Practitioner"/><targetProfile value="http://hl7.org/fhir/us/PACIO-functional-cognitive-status/StructureDefinition/obf-RelatedPerson"/><targetProfile value="http://hl7.org/fhir/us/PACIO-functional-cognitive-status/StructureDefinition/obf-Organization"/><targetProfile value="http://hl7.org/fhir/us/PACIO-functional-cognitive-status/StructureDefinition/obf-Device"/><targetProfile value="http://hl7.org/fhir/us/PACIO-functional-cognitive-status/StructureDefinition/obf-Group"/><targetProfile value="http://hl7.org/fhir/us/PACIO-functional-cognitive-status/StructureDefinition/obf-Location"/></type></element><element id="Extension.extension:participationType"><path value="Extension.extension"/><sliceName value="participationType"/><definition value="The role played by the participant engaged in the action, for example, as the attending physician, surgical assistant, etc."/><min value="0"/><max value="1"/><base><path value="Element.extension"/><min value="0"/><max value="*"/></base><type><code value="Extension"/></type><isModifier value="false"/><isSummary value="false"/><mapping><identity value="rim"/><map value="n/a"/></mapping></element><element id="Extension.extension:participationType.extension"><path value="Extension.extension.extension"/><min value="0"/><max value="0"/></element><element id="Extension.extension:participationType.url"><path value="Extension.extension.url"/><type><code value="uri"/></type><fixedUri value="participationType"/></element><element id="Extension.extension:participationType.valueCodeableConcept"><path value="Extension.extension.valueCodeableConcept"/><min value="1"/><type><code value="CodeableConcept"/></type><binding><strength value="example"/><valueSet value="http://hl7.org/fhir/ValueSet/performer-role"/></binding></element><element id="Extension.extension:participationPeriod"><path value="Extension.extension"/><sliceName value="participationPeriod"/><definition value="The point in time or span of time the participant is involved."/><min value="0"/><max value="1"/><base><path value="Element.extension"/><min value="0"/><max value="*"/></base><type><code value="Extension"/></type><isModifier value="false"/><isSummary value="false"/><mapping><identity value="rim"/><map value="n/a"/></mapping></element><element id="Extension.extension:participationPeriod.extension"><path value="Extension.extension.extension"/><min value="0"/><max value="0"/></element><element id="Extension.extension:participationPeriod.url"><path value="Extension.extension.url"/><type><code value="uri"/></type><fixedUri value="participationPeriod"/></element><element id="Extension.extension:participationPeriod.valuePeriod"><path value="Extension.extension.valuePeriod"/><min value="1"/><type><code value="Period"/></type></element><element id="Extension.extension:onBehalfOf"><path value="Extension.extension"/><sliceName value="onBehalfOf"/><definition value="The party represented by the actual participant."/><min value="0"/><max value="1"/><base><path value="Element.extension"/><min value="0"/><max value="*"/></base><type><code value="Extension"/></type><isModifier value="false"/><isSummary value="false"/><mapping><identity value="rim"/><map value="n/a"/></mapping></element><element id="Extension.extension:onBehalfOf.extension"><path value="Extension.extension.extension"/><min value="0"/><max value="0"/></element><element id="Extension.extension:onBehalfOf.url"><path value="Extension.extension.url"/><type><code value="uri"/></type><fixedUri value="onBehalfOf"/></element><element id="Extension.extension:onBehalfOf.valueReference"><path value="Extension.extension.valueReference"/><min value="1"/><type><code value="Reference"/><targetProfile value="http://hl7.org/fhir/us/PACIO-functional-cognitive-status/StructureDefinition/obf-Practitioner"/><targetProfile value="http://hl7.org/fhir/us/PACIO-functional-cognitive-status/StructureDefinition/obf-RelatedPerson"/><targetProfile value="http://hl7.org/fhir/us/PACIO-functional-cognitive-status/StructureDefinition/obf-Patient"/><targetProfile value="http://hl7.org/fhir/us/PACIO-functional-cognitive-status/StructureDefinition/obf-Device"/><targetProfile value="http://hl7.org/fhir/us/PACIO-functional-cognitive-status/StructureDefinition/obf-Organization"/></type></element><element id="Extension.url"><path value="Extension.url"/><type><code value="uri"/></type><fixedUri value="http://hl7.org/fhir/us/PACIO-functional-cognitive-status/StructureDefinition/obf-Participation-extension"/></element><element id="Extension.value[x]"><path value="Extension.value[x]"/><min value="0"/><max value="0"/></element></differential></StructureDefinition>