<?xml version="1.0" encoding="UTF-8"?><ValueSet xmlns="http://hl7.org/fhir"><id value="shr-core-ClockFaceDirectionVS"/><text><status value="generated"/><div xmlns="http://www.w3.org/1999/xhtml">
<p><b>ClockFaceDirectionVS ValueSet</b></p>
<p>The relative direction of an object described using the analogy of a 12-hour clock to describe angles and directions. One imagines a clock face lying either upright or flat in front of oneself, and identifies the twelve hour markings with the directions in which they point.</p>
</div></text><url value="http://hl7.org/fhir/us/PACIO-cognitive-status/shr/core/vs/ClockFaceDirectionVS"/><version value="0.1.0"/><name value="ClockFaceDirectionVS"/><title value="Clock Face Direction VS"/><status value="draft"/><date value="2020-01-07T00:00:00+00:00"/><publisher value="HL7 Patient Care WG and Community-Based Care and Privacy WG"/><contact><telecom><system value="url"/><value value="http://www.hl7.org/Special/committees/patientcare/"/></telecom><telecom><system value="url"/><value value="http://www.hl7.org/Special/committees/homehealth/"/></telecom></contact><description value="The relative direction of an object described using the analogy of a 12-hour clock to describe angles and directions. One imagines a clock face lying either upright or flat in front of oneself, and identifies the twelve hour markings with the directions in which they point."/><compose><include><system value="http://snomed.info/sct"/><filter><property value="concept"/><op value="is-a"/><value value="272485000"/></filter></include></compose></ValueSet>