<?xml version="1.0" encoding="UTF-8"?><ValueSet xmlns="http://hl7.org/fhir"><id value="shr-core-YesNoUnknownVS"/><text><status value="generated"/><div xmlns="http://www.w3.org/1999/xhtml">
<p><b>YesNoUnknownVS ValueSet</b></p>
<p>A value set containing yes, no, and unknown.</p>
</div></text><url value="http://hl7.org/fhir/us/PACIO-cognitive-status/ValueSet/shr-core-YesNoUnknownVS"/><version value="0.1.0"/><name value="YesNoUnknownVS"/><title value="Yes No Unknown VS"/><status value="draft"/><date value="2019-12-03T00:00:00+00:00"/><publisher value="HL7 Patient Care WG and Community-Based Care and Privacy WG"/><contact><telecom><system value="url"/><value value="http://www.hl7.org/Special/committees/patientcare/"/></telecom><telecom><system value="url"/><value value="http://www.hl7.org/Special/committees/homehealth/"/></telecom></contact><description value="A value set containing yes, no, and unknown."/><compose><include><system value="http://snomed.info/sct"/><concept><code value="373066001"/><display value="Yes"/></concept><concept><code value="373067005"/><display value="No"/></concept><concept><code value="261665006"/><display value="Unknown"/></concept></include></compose></ValueSet>