<?xml version="1.0" encoding="UTF-8"?><ValueSet xmlns="http://hl7.org/fhir"><id value="shr-core-LowerBoundTypeVS"/><text><status value="generated"/><div xmlns="http://www.w3.org/1999/xhtml">
<p><b>LowerBoundTypeVS ValueSet</b></p>
<p>Indicates the actual value is gt (&gt;) or gte (&gt;=) the given value.</p>
</div></text><url value="http://hl7.org/fhir/us/PACIO-cognitive-status/shr/core/vs/LowerBoundTypeVS"/><version value="0.1.0"/><name value="LowerBoundTypeVS"/><title value="Lower Bound Type VS"/><status value="draft"/><date value="2020-01-07T00:00:00+00:00"/><publisher value="HL7 Patient Care WG and Community-Based Care and Privacy WG"/><contact><telecom><system value="url"/><value value="http://www.hl7.org/Special/committees/patientcare/"/></telecom><telecom><system value="url"/><value value="http://www.hl7.org/Special/committees/homehealth/"/></telecom></contact><description value="Indicates the actual value is gt (&gt;) or gte (&gt;=) the given value."/><compose><include><system value="http://hl7.org/fhir/quantity-comparator"/><concept><code value="&gt;"/><display value="The actual value is greater than the given value."/></concept><concept><code value="&gt;="/><display value="The actual value is greater than or equal to the given value."/></concept></include></compose></ValueSet>