<?xml version="1.0" encoding="UTF-8"?><ValueSet xmlns="http://hl7.org/fhir"><id value="shr-core-GradedPortionVS"/><text><status value="generated"/><div xmlns="http://www.w3.org/1999/xhtml">
<p><b>GradedPortionVS ValueSet</b></p>
<p>Answers to &#39;how much of&#39; questions, such as &#39;how much of the time do/did you...&#39; A 5-value qualitative scale, equivalent to LL2095-9, LL1017-4</p>
</div></text><url value="http://hl7.org/fhir/us/PACIO-cognitive-status/ValueSet/shr-core-GradedPortionVS"/><version value="0.1.0"/><name value="GradedPortionVS"/><title value="Graded Portion VS"/><status value="draft"/><date value="2019-12-04T00:00:00+00:00"/><publisher value="HL7 Patient Care WG and Community-Based Care and Privacy WG"/><contact><telecom><system value="url"/><value value="http://www.hl7.org/Special/committees/patientcare/"/></telecom><telecom><system value="url"/><value value="http://www.hl7.org/Special/committees/homehealth/"/></telecom></contact><description value="Answers to &#39;how much of&#39; questions, such as &#39;how much of the time do/did you...&#39; A 5-value qualitative scale, equivalent to LL2095-9, LL1017-4"/><compose><include><system value="http://snomed.info/sct"/><concept><code value="260413007"/><display value="None"/></concept><concept><code value="255507004"/><display value="Small (amount)"/></concept><concept><code value="27768009"/><display value="Some"/></concept><concept><code value="4757001"/><display value="Most"/></concept><concept><code value="255503000"/><display value="Entire"/></concept><concept><code value="42425007"/><display value="Equivocal. Equivocal represents a borderline value, too close to call; for example, a value very close to a cut-off between positive and negative."/></concept><concept><code value="82334004"/><display value="Indeterminate. Indeterminate means the results were uninterpretable, or cannot be determined; technical issues prevented obtaining a valid result."/></concept></include></compose></ValueSet>