{
  "resourceType": "CodeSystem",
  "id": "shr-core-PerformanceGradingScaleCS",
  "text": {
    "status": "generated",
    "div": "<div xmlns=\"http://www.w3.org/1999/xhtml\">\n<p><b>PerformanceGradingScaleCS CodeSystem</b></p>\n<p>A simple performance grading scale. Also useful for grading quality and knowledge.</p>\n</div>"
  },
  "url": "http://hl7.org/fhir/us/PACIO-cognitive-status/shr/core/cs/PerformanceGradingScaleCS",
  "version": "0.1.0",
  "name": "PerformanceGradingScaleCS",
  "title": "Performance Grading Scale CS",
  "status": "draft",
  "date": "2019-12-20T00:00:00+00:00",
  "publisher": "HL7 Patient Care WG and Community-Based Care and Privacy WG",
  "contact": [
    {
      "telecom": [
        {
          "system": "url",
          "value": "http://www.hl7.org/Special/committees/patientcare/"
        },
        {
          "system": "url",
          "value": "http://www.hl7.org/Special/committees/homehealth/"
        }
      ]
    }
  ],
  "description": "A simple performance grading scale. Also useful for grading quality and knowledge.",
  "caseSensitive": true,
  "content": "complete",
  "count": 5,
  "concept": [
    {
      "code": "excellent",
      "display": "Excellent",
      "definition": "Excellent"
    },
    {
      "code": "very_good",
      "display": "Very good",
      "definition": "Very good"
    },
    {
      "code": "good",
      "display": "Good",
      "definition": "Good"
    },
    {
      "code": "fair",
      "display": "Fair",
      "definition": "Fair"
    },
    {
      "code": "poor",
      "display": "Poor",
      "definition": "Poor"
    }
  ]
}