{
  "resourceType": "ImplementationGuide",
  "id": "hl7.fhir.us.PACIO-cognitive-status",
  "text": {
    "status": "generated",
    "div": "<div xmlns=\"http://www.w3.org/1999/xhtml\"><h2>PACIO_Cognitive_Status</h2><p>The official URL for this implementation guide is: </p><pre>http://hl7.org/fhir/us/PACIO-functional-cognitive-status/ImplementationGuide/hl7.fhir.us.PACIO-cognitive-status</pre></div>"
  },
  "url": "http://hl7.org/fhir/us/PACIO-functional-cognitive-status/ImplementationGuide/hl7.fhir.us.PACIO-cognitive-status",
  "version": "0.1.0",
  "name": "PACIO_Cognitive_Status",
  "title": "PACIO Cognitive Status",
  "status": "draft",
  "date": "2020-01-07T16:35:06+00:00",
  "publisher": "HL7 Patient Care WG and Community-Based Care and Privacy WG",
  "contact": [
    {
      "telecom": [
        {
          "system": "url",
          "value": "http://www.hl7.org/Special/committees/patientcare/"
        },
        {
          "system": "url",
          "value": "http://www.hl7.org/Special/committees/homehealth/"
        }
      ]
    }
  ],
  "packageId": "hl7.fhir.us.PACIO-cognitive-status",
  "license": "CC0-1.0",
  "fhirVersion": [
    "4.0.0"
  ],
  "dependsOn": [
    {
      "uri": "http://hl7.org/fhir/us/core",
      "packageId": "hl7.fhir.us.core",
      "version": "3.0.0"
    }
  ],
  "definition": {
    "grouping": [
      {
        "name": "Profiles in this Implementation Guide",
        "description": "Profiles in this Implementation Guide"
      }
    ],
    "resource": [
      {
        "extension": [
          {
            "url": "http://hl7.org/fhir/tools/StructureDefinition/resource-information",
            "valueString": "StructureDefinition:resource"
          },
          {
            "url": "http://hl7.org/fhir/StructureDefinition/implementationguide-page",
            "valueUri": "StructureDefinition-pacio-cs-BundledCognitiveStatus.html"
          }
        ],
        "reference": {
          "reference": "StructureDefinition/pacio-cs-BundledCognitiveStatus"
        },
        "name": "Bundled Cognitive Status",
        "exampleBoolean": false
      },
      {
        "extension": [
          {
            "url": "http://hl7.org/fhir/tools/StructureDefinition/resource-information",
            "valueString": "StructureDefinition:resource"
          },
          {
            "url": "http://hl7.org/fhir/StructureDefinition/implementationguide-page",
            "valueUri": "StructureDefinition-pacio-cs-CognitiveStatus.html"
          }
        ],
        "reference": {
          "reference": "StructureDefinition/pacio-cs-CognitiveStatus"
        },
        "name": "Cognitive Status",
        "exampleBoolean": false
      },
      {
        "extension": [
          {
            "url": "http://hl7.org/fhir/tools/StructureDefinition/resource-information",
            "valueString": "ValueSet"
          },
          {
            "url": "http://hl7.org/fhir/StructureDefinition/implementationguide-page",
            "valueUri": "ValueSet-shr-core-AgeGroupVS.html"
          }
        ],
        "reference": {
          "reference": "ValueSet/shr-core-AgeGroupVS"
        },
        "name": "Age Group VS",
        "exampleBoolean": false
      },
      {
        "extension": [
          {
            "url": "http://hl7.org/fhir/tools/StructureDefinition/resource-information",
            "valueString": "ValueSet"
          },
          {
            "url": "http://hl7.org/fhir/StructureDefinition/implementationguide-page",
            "valueUri": "ValueSet-shr-core-AnatomicalDirectionVS.html"
          }
        ],
        "reference": {
          "reference": "ValueSet/shr-core-AnatomicalDirectionVS"
        },
        "name": "Anatomical Direction VS",
        "exampleBoolean": false
      },
      {
        "extension": [
          {
            "url": "http://hl7.org/fhir/tools/StructureDefinition/resource-information",
            "valueString": "ValueSet"
          },
          {
            "url": "http://hl7.org/fhir/StructureDefinition/implementationguide-page",
            "valueUri": "ValueSet-shr-core-BodyLocationVS.html"
          }
        ],
        "reference": {
          "reference": "ValueSet/shr-core-BodyLocationVS"
        },
        "name": "Body Location VS",
        "exampleBoolean": false
      },
      {
        "extension": [
          {
            "url": "http://hl7.org/fhir/tools/StructureDefinition/resource-information",
            "valueString": "ValueSet"
          },
          {
            "url": "http://hl7.org/fhir/StructureDefinition/implementationguide-page",
            "valueUri": "ValueSet-shr-core-ClockFaceDirectionVS.html"
          }
        ],
        "reference": {
          "reference": "ValueSet/shr-core-ClockFaceDirectionVS"
        },
        "name": "Clock Face Direction VS",
        "exampleBoolean": false
      },
      {
        "extension": [
          {
            "url": "http://hl7.org/fhir/tools/StructureDefinition/resource-information",
            "valueString": "ValueSet"
          },
          {
            "url": "http://hl7.org/fhir/StructureDefinition/implementationguide-page",
            "valueUri": "ValueSet-shr-core-ConditionStatusTrendVS.html"
          }
        ],
        "reference": {
          "reference": "ValueSet/shr-core-ConditionStatusTrendVS"
        },
        "name": "Condition Status Trend VS",
        "exampleBoolean": false
      },
      {
        "extension": [
          {
            "url": "http://hl7.org/fhir/tools/StructureDefinition/resource-information",
            "valueString": "ValueSet"
          },
          {
            "url": "http://hl7.org/fhir/StructureDefinition/implementationguide-page",
            "valueUri": "ValueSet-shr-core-DetectedNotDetectedVS.html"
          }
        ],
        "reference": {
          "reference": "ValueSet/shr-core-DetectedNotDetectedVS"
        },
        "name": "Detected Not Detected VS",
        "exampleBoolean": false
      },
      {
        "extension": [
          {
            "url": "http://hl7.org/fhir/tools/StructureDefinition/resource-information",
            "valueString": "ValueSet"
          },
          {
            "url": "http://hl7.org/fhir/StructureDefinition/implementationguide-page",
            "valueUri": "ValueSet-shr-core-GestationalTimePeriodVS.html"
          }
        ],
        "reference": {
          "reference": "ValueSet/shr-core-GestationalTimePeriodVS"
        },
        "name": "Gestational Time Period VS",
        "exampleBoolean": false
      },
      {
        "extension": [
          {
            "url": "http://hl7.org/fhir/tools/StructureDefinition/resource-information",
            "valueString": "ValueSet"
          },
          {
            "url": "http://hl7.org/fhir/StructureDefinition/implementationguide-page",
            "valueUri": "ValueSet-shr-core-GradedAmountVS.html"
          }
        ],
        "reference": {
          "reference": "ValueSet/shr-core-GradedAmountVS"
        },
        "name": "Graded Amount VS",
        "exampleBoolean": false
      },
      {
        "extension": [
          {
            "url": "http://hl7.org/fhir/tools/StructureDefinition/resource-information",
            "valueString": "ValueSet"
          },
          {
            "url": "http://hl7.org/fhir/StructureDefinition/implementationguide-page",
            "valueUri": "ValueSet-shr-core-GradedFrequencyVS.html"
          }
        ],
        "reference": {
          "reference": "ValueSet/shr-core-GradedFrequencyVS"
        },
        "name": "Graded Frequency VS",
        "exampleBoolean": false
      },
      {
        "extension": [
          {
            "url": "http://hl7.org/fhir/tools/StructureDefinition/resource-information",
            "valueString": "ValueSet"
          },
          {
            "url": "http://hl7.org/fhir/StructureDefinition/implementationguide-page",
            "valueUri": "ValueSet-shr-core-GradedPortionVS.html"
          }
        ],
        "reference": {
          "reference": "ValueSet/shr-core-GradedPortionVS"
        },
        "name": "Graded Portion VS",
        "exampleBoolean": false
      },
      {
        "extension": [
          {
            "url": "http://hl7.org/fhir/tools/StructureDefinition/resource-information",
            "valueString": "ValueSet"
          },
          {
            "url": "http://hl7.org/fhir/StructureDefinition/implementationguide-page",
            "valueUri": "ValueSet-shr-core-ImageMimeTypeVS.html"
          }
        ],
        "reference": {
          "reference": "ValueSet/shr-core-ImageMimeTypeVS"
        },
        "name": "Image Mime Type VS",
        "exampleBoolean": false
      },
      {
        "extension": [
          {
            "url": "http://hl7.org/fhir/tools/StructureDefinition/resource-information",
            "valueString": "ValueSet"
          },
          {
            "url": "http://hl7.org/fhir/StructureDefinition/implementationguide-page",
            "valueUri": "ValueSet-shr-core-LandmarkTypeVS.html"
          }
        ],
        "reference": {
          "reference": "ValueSet/shr-core-LandmarkTypeVS"
        },
        "name": "Landmark Type VS",
        "exampleBoolean": false
      },
      {
        "extension": [
          {
            "url": "http://hl7.org/fhir/tools/StructureDefinition/resource-information",
            "valueString": "ValueSet"
          },
          {
            "url": "http://hl7.org/fhir/StructureDefinition/implementationguide-page",
            "valueUri": "ValueSet-shr-core-LanguageQualifierVS.html"
          }
        ],
        "reference": {
          "reference": "ValueSet/shr-core-LanguageQualifierVS"
        },
        "name": "Language Qualifier VS",
        "exampleBoolean": false
      },
      {
        "extension": [
          {
            "url": "http://hl7.org/fhir/tools/StructureDefinition/resource-information",
            "valueString": "ValueSet"
          },
          {
            "url": "http://hl7.org/fhir/StructureDefinition/implementationguide-page",
            "valueUri": "ValueSet-shr-core-LateralityVS.html"
          }
        ],
        "reference": {
          "reference": "ValueSet/shr-core-LateralityVS"
        },
        "name": "Laterality VS",
        "exampleBoolean": false
      },
      {
        "extension": [
          {
            "url": "http://hl7.org/fhir/tools/StructureDefinition/resource-information",
            "valueString": "ValueSet"
          },
          {
            "url": "http://hl7.org/fhir/StructureDefinition/implementationguide-page",
            "valueUri": "ValueSet-shr-core-LowerBoundTypeVS.html"
          }
        ],
        "reference": {
          "reference": "ValueSet/shr-core-LowerBoundTypeVS"
        },
        "name": "Lower Bound Type VS",
        "exampleBoolean": false
      },
      {
        "extension": [
          {
            "url": "http://hl7.org/fhir/tools/StructureDefinition/resource-information",
            "valueString": "ValueSet"
          },
          {
            "url": "http://hl7.org/fhir/StructureDefinition/implementationguide-page",
            "valueUri": "ValueSet-shr-core-OrientationVS.html"
          }
        ],
        "reference": {
          "reference": "ValueSet/shr-core-OrientationVS"
        },
        "name": "Orientation VS",
        "exampleBoolean": false
      },
      {
        "extension": [
          {
            "url": "http://hl7.org/fhir/tools/StructureDefinition/resource-information",
            "valueString": "ValueSet"
          },
          {
            "url": "http://hl7.org/fhir/StructureDefinition/implementationguide-page",
            "valueUri": "ValueSet-shr-core-PerformanceGradingScaleVS.html"
          }
        ],
        "reference": {
          "reference": "ValueSet/shr-core-PerformanceGradingScaleVS"
        },
        "name": "Performance Grading Scale VS",
        "exampleBoolean": false
      },
      {
        "extension": [
          {
            "url": "http://hl7.org/fhir/tools/StructureDefinition/resource-information",
            "valueString": "ValueSet"
          },
          {
            "url": "http://hl7.org/fhir/StructureDefinition/implementationguide-page",
            "valueUri": "ValueSet-shr-core-PositiveNegativeVS.html"
          }
        ],
        "reference": {
          "reference": "ValueSet/shr-core-PositiveNegativeVS"
        },
        "name": "Positive Negative VS",
        "exampleBoolean": false
      },
      {
        "extension": [
          {
            "url": "http://hl7.org/fhir/tools/StructureDefinition/resource-information",
            "valueString": "ValueSet"
          },
          {
            "url": "http://hl7.org/fhir/StructureDefinition/implementationguide-page",
            "valueUri": "ValueSet-shr-core-SettingVS.html"
          }
        ],
        "reference": {
          "reference": "ValueSet/shr-core-SettingVS"
        },
        "name": "Setting VS",
        "exampleBoolean": false
      },
      {
        "extension": [
          {
            "url": "http://hl7.org/fhir/tools/StructureDefinition/resource-information",
            "valueString": "ValueSet"
          },
          {
            "url": "http://hl7.org/fhir/StructureDefinition/implementationguide-page",
            "valueUri": "ValueSet-shr-core-StatisticTypeVS.html"
          }
        ],
        "reference": {
          "reference": "ValueSet/shr-core-StatisticTypeVS"
        },
        "name": "Statistic Type VS",
        "exampleBoolean": false
      },
      {
        "extension": [
          {
            "url": "http://hl7.org/fhir/tools/StructureDefinition/resource-information",
            "valueString": "ValueSet"
          },
          {
            "url": "http://hl7.org/fhir/StructureDefinition/implementationguide-page",
            "valueUri": "ValueSet-shr-core-UnitsOfLengthVS.html"
          }
        ],
        "reference": {
          "reference": "ValueSet/shr-core-UnitsOfLengthVS"
        },
        "name": "Units Of Length VS",
        "exampleBoolean": false
      },
      {
        "extension": [
          {
            "url": "http://hl7.org/fhir/tools/StructureDefinition/resource-information",
            "valueString": "ValueSet"
          },
          {
            "url": "http://hl7.org/fhir/StructureDefinition/implementationguide-page",
            "valueUri": "ValueSet-shr-core-UpperBoundTypeVS.html"
          }
        ],
        "reference": {
          "reference": "ValueSet/shr-core-UpperBoundTypeVS"
        },
        "name": "Upper Bound Type VS",
        "exampleBoolean": false
      },
      {
        "extension": [
          {
            "url": "http://hl7.org/fhir/tools/StructureDefinition/resource-information",
            "valueString": "ValueSet"
          },
          {
            "url": "http://hl7.org/fhir/StructureDefinition/implementationguide-page",
            "valueUri": "ValueSet-shr-core-YesNoUnknownVS.html"
          }
        ],
        "reference": {
          "reference": "ValueSet/shr-core-YesNoUnknownVS"
        },
        "name": "Yes No Unknown VS",
        "exampleBoolean": false
      },
      {
        "extension": [
          {
            "url": "http://hl7.org/fhir/tools/StructureDefinition/resource-information",
            "valueString": "ValueSet"
          },
          {
            "url": "http://hl7.org/fhir/StructureDefinition/implementationguide-page",
            "valueUri": "ValueSet-shr-core-YesNoVS.html"
          }
        ],
        "reference": {
          "reference": "ValueSet/shr-core-YesNoVS"
        },
        "name": "Yes No VS",
        "exampleBoolean": false
      },
      {
        "extension": [
          {
            "url": "http://hl7.org/fhir/tools/StructureDefinition/resource-information",
            "valueString": "CodeSystem"
          },
          {
            "url": "http://hl7.org/fhir/StructureDefinition/implementationguide-page",
            "valueUri": "CodeSystem-shr-core-ImageMimeTypeCS.html"
          }
        ],
        "reference": {
          "reference": "CodeSystem/shr-core-ImageMimeTypeCS"
        },
        "name": "Image Mime Type CS",
        "exampleBoolean": false
      },
      {
        "extension": [
          {
            "url": "http://hl7.org/fhir/tools/StructureDefinition/resource-information",
            "valueString": "CodeSystem"
          },
          {
            "url": "http://hl7.org/fhir/StructureDefinition/implementationguide-page",
            "valueUri": "CodeSystem-shr-core-LanguageQualifierCS.html"
          }
        ],
        "reference": {
          "reference": "CodeSystem/shr-core-LanguageQualifierCS"
        },
        "name": "Language Qualifier CS",
        "exampleBoolean": false
      },
      {
        "extension": [
          {
            "url": "http://hl7.org/fhir/tools/StructureDefinition/resource-information",
            "valueString": "CodeSystem"
          },
          {
            "url": "http://hl7.org/fhir/StructureDefinition/implementationguide-page",
            "valueUri": "CodeSystem-shr-core-PerformanceGradingScaleCS.html"
          }
        ],
        "reference": {
          "reference": "CodeSystem/shr-core-PerformanceGradingScaleCS"
        },
        "name": "Performance Grading Scale CS",
        "exampleBoolean": false
      },
      {
        "extension": [
          {
            "url": "http://hl7.org/fhir/tools/StructureDefinition/resource-information",
            "valueString": "CodeSystem"
          },
          {
            "url": "http://hl7.org/fhir/StructureDefinition/implementationguide-page",
            "valueUri": "CodeSystem-shr-core-SettingCS.html"
          }
        ],
        "reference": {
          "reference": "CodeSystem/shr-core-SettingCS"
        },
        "name": "Setting CS",
        "exampleBoolean": false
      }
    ],
    "page": {
      "nameUrl": "index.html",
      "title": "PACIO Cognitive Status",
      "generation": "html"
    }
  }
}