<?xml version="1.0" encoding="UTF-8"?>

<Observation xmlns="http://hl7.org/fhir">
  <id value="BetsySmith-HHStartCarePerformance-CAM02-Inattention"/>
  <meta>
    <profile value="http://pacioproject.org/StructureDefinition/pacio-cs"/>
  </meta>
  <text>
    <status value="generated"/><div xmlns="http://www.w3.org/1999/xhtml"><p><b>Generated Narrative with Details</b></p><p><b>id</b>: BetsySmith-HHStartCarePerformance-CAM02-Inattention</p><p><b>meta</b>: </p><p><b>status</b>: final</p><p><b>code</b>: Inattention in last 7 days <span style="background: LightGoldenRodYellow">(Details : {LOINC code '54628-3' = 'Inattention in last 7 days [CMS Assessment]', given as 'Inattention in last 7 days'})</span></p><p><b>subject</b>: <a href="Patient-BetsySmith.html">Generated Summary: id: BetsySmith; Betsy Smith ; gender: female; birthDate: 1959-06-14</a></p><p><b>effective</b>: Apr 7, 2019 11:30:00 PM</p><p><b>performer</b>: </p><ul><li><a href="Practitioner-CMS-Practitioner-02.html">Dr. Steve Davidson, MD. Generated Summary: id: CMS-Practitioner-02; active; Steve Davidson ; gender: male</a></li><li><a href="Organization-CMS-Organization-02.html">Organization. Generated Summary: id: CMS-Organization-02; name: Good Health Clinic</a></li></ul><p><b>value</b>: Behavior continuously present, does not fluctuate <span style="background: LightGoldenRodYellow">(Details : {LOINC code 'LA10992-8' = 'Behavior continuously present, does not fluctuate', given as 'Behavior continuously present, does not fluctuate'})</span></p><p><b>derivedFrom</b>: <a href="QuestionnaireResponse-BetsySmith-HHStartCarePerformance-CAM-Response.html">QuestionnaireResponse. Generated Summary: id: BetsySmith-HHStartCarePerformance-CAM-Response; questionnaire: https://api.logicahealth.org/PACIO/open/Questionnaire/MDS3.0-NC-1.17; status: completed; authored: Apr 7, 2019 11:30:00 PM</a></p></div>
  </text>
  <extension url="http://hl7.org/fhir/StructureDefinition/event-location">
    <valueReference>
      <reference value="Location/CMS-Location-PTRES"/>
    </valueReference>
  </extension>
  <status value="final"/>
  <code>
    <coding>
      <system value="http://loinc.org"/>
      <code value="54628-3"/>
      <display value="Inattention in last 7 days"/>
    </coding>
  </code>
  <subject>
    <reference value="Patient/BetsySmith"/>
  </subject>
  <effectiveDateTime value="2019-04-07T18:30:00-05:00"/>
  <performer>
    <reference value="Practitioner/CMS-Practitioner-02"/>
    <display value="Dr. Steve Davidson, MD"/>
  </performer>
  <performer>
    <reference value="Organization/CMS-Organization-02"/>
    <display value="Organization"/>
  </performer>
  <valueCodeableConcept>
    <coding>
      <system value="http://loinc.org"/>
      <code value="LA10992-8"/>
      <display value="Behavior continuously present, does not fluctuate"/>
    </coding>
  </valueCodeableConcept>
  <derivedFrom>
    <reference value="QuestionnaireResponse/BetsySmith-HHStartCarePerformance-CAM-Response"/>
    <display value="QuestionnaireResponse"/>
  </derivedFrom>
</Observation>