<?xml version="1.0" encoding="UTF-8"?>

<ValueSet xmlns="http://hl7.org/fhir">
  <id value="shr-core-AgeGroupVS"/>
  <text>
    <status value="generated"/><div xmlns="http://www.w3.org/1999/xhtml">
<p><b>AgeGroupVS ValueSet</b></p>
<p>Descriptions of life periods such as</p>
</div>
  </text>
  <url value="http://hl7.org/fhir/us/PACIO-cognitive-status/ValueSet/shr-core-AgeGroupVS"/>
  <version value="0.1.0"/>
  <name value="AgeGroupVS"/>
  <title value="AgeGroupVS"/>
  <status value="draft"/>
  <date value="2019-11-27T00:00:00-05:00"/>
  <publisher value="HL7 Patient Care WG and Community-Based Care and Privacy WG"/>
  <contact>
    <telecom>
      <system value="url"/>
      <value value="http://www.hl7.org/Special/committees/patientcare/"/>
    </telecom>
    <telecom>
      <system value="url"/>
      <value value="http://www.hl7.org/Special/committees/homehealth/"/>
    </telecom>
  </contact>
  <description value="Descriptions of life periods such as"/>
  <compose>
    <include>
      <system value="http://ncimeta.nci.nih.gov"/>
      <concept>
        <code value="C0935562"/>
        <display value="Neonatal period (~0-1 mo)"/>
      </concept>
      <concept>
        <code value="C0231330"/>
        <display value="Infancy (~0-12 mo)"/>
      </concept>
      <concept>
        <code value="C0682053"/>
        <display value="Toddler (~1-2)"/>
      </concept>
      <concept>
        <code value="C0599196"/>
        <display value="Early childhood (~2-5)"/>
      </concept>
      <concept>
        <code value="C0231335"/>
        <display value="Childhood (~6-10)"/>
      </concept>
      <concept>
        <code value="C0001578"/>
        <display value="Teenage or Adolescent (~10-18)"/>
      </concept>
      <concept>
        <code value="C0680085"/>
        <display value="Early Adulthood (~18-35)"/>
      </concept>
      <concept>
        <code value="C0205847"/>
        <display value="Middle Aged (~36-64)"/>
      </concept>
      <concept>
        <code value="C0001792"/>
        <display value="Elderly (~65-79)"/>
      </concept>
      <concept>
        <code value="C1999167"/>
        <display value="Old Age (~80+)"/>
      </concept>
    </include>
  </compose>
</ValueSet>