{
  "resourceType": "ValueSet",
  "id": "shr-core-GradedFrequencyVS",
  "text": {
    "status": "generated",
    "div": "<div xmlns=\"http://www.w3.org/1999/xhtml\">\n<p><b>GradedFrequencyVS ValueSet</b></p>\n<p>Answers to 'how often' questions. A 5-value qualitative scale of frequency of an event equivalent to LL1016-6, LL1024-0, LL346-8.</p>\n</div>"
  },
  "url": "http://hl7.org/fhir/us/PACIO-cognitive-status/ValueSet/shr-core-GradedFrequencyVS",
  "version": "0.1.0",
  "name": "GradedFrequencyVS",
  "title": "Graded Frequency VS",
  "status": "draft",
  "date": "2019-12-03T00:00:00+00:00",
  "publisher": "HL7 Patient Care WG and Community-Based Care and Privacy WG",
  "contact": [
    {
      "telecom": [
        {
          "system": "url",
          "value": "http://www.hl7.org/Special/committees/patientcare/"
        },
        {
          "system": "url",
          "value": "http://www.hl7.org/Special/committees/homehealth/"
        }
      ]
    }
  ],
  "description": "Answers to 'how often' questions. A 5-value qualitative scale of frequency of an event equivalent to LL1016-6, LL1024-0, LL346-8.",
  "compose": {
    "include": [
      {
        "system": "http://snomed.info/sct",
        "concept": [
          {
            "code": "444841000124107",
            "display": "Never (none of the time)"
          },
          {
            "code": "444891000124103",
            "display": "Rarely, infrequently"
          },
          {
            "code": "444901000124104",
            "display": "Some of the time (sometimes)"
          },
          {
            "code": "70232002",
            "display": "Frequently (often)"
          },
          {
            "code": "444961000124103",
            "display": "Most of the time (almost always)"
          },
          {
            "code": "255238004",
            "display": "Continuously"
          },
          {
            "code": "42425007",
            "display": "Equivocal. Equivocal represents a borderline value, too close to call; for example, a value very close to a cut-off between positive and negative."
          },
          {
            "code": "82334004",
            "display": "Indeterminate. Indeterminate means the results were uninterpretable, or cannot be determined; technical issues prevented obtaining a valid result."
          }
        ]
      }
    ]
  }
}