{"resourceType":"ImplementationGuide","id":"pacio-cs","text":{"status":"generated","div":"<div xmlns=\"http://www.w3.org/1999/xhtml\"><h2>PACIOCognitiveStatusImplementationGuide</h2><p>The official URL for this implementation guide is: </p><pre>http://pacioproject.org/ImplementationGuide/pacio-cs</pre><div><p>PACIO Cognitive Status Implementation Guide generated with the FHIR Shorthand tool</p>\n</div></div>"},"url":"http://pacioproject.org/ImplementationGuide/pacio-cs","version":"0.1.0","name":"PACIOCognitiveStatusImplementationGuide","title":"PACIO Cognitive Status Implementation Guide","status":"active","date":"2020-04-30T16:12:33+00:00","publisher":"MITRE Dev Team","contact":[{"name":"Caleb Wan","telecom":[{"system":"email","value":"calebwan@mitre.org"}]}],"description":"PACIO Cognitive Status Implementation Guide generated with the FHIR Shorthand tool","packageId":"pacio-cs","license":"Apache-2.0","fhirVersion":["4.0.1"],"dependsOn":[{"uri":"http://hl7.org/fhir/us/core/ImplementationGuide/hl7.fhir.us.core","packageId":"hl7.fhir.us.core","version":"3.1.0"}],"definition":{"extension":[{"extension":[{"url":"code","valueString":"copyrightyear"},{"url":"value","valueString":"2020+"}],"url":"http://hl7.org/fhir/tools/StructureDefinition/ig-parameter"},{"extension":[{"url":"code","valueString":"releaselabel"},{"url":"value","valueString":"CI Build"}],"url":"http://hl7.org/fhir/tools/StructureDefinition/ig-parameter"},{"extension":[{"url":"code","valueString":"show-inherited-invariants"},{"url":"value","valueString":"false"}],"url":"http://hl7.org/fhir/tools/StructureDefinition/ig-parameter"},{"extension":[{"url":"code","valueString":"path-liquid"},{"url":"value","valueString":"template/liquid"}],"url":"http://hl7.org/fhir/tools/StructureDefinition/ig-parameter"},{"extension":[{"url":"code","valueString":"path-liquid"},{"url":"value","valueString":"input/liquid"}],"url":"http://hl7.org/fhir/tools/StructureDefinition/ig-parameter"},{"extension":[{"url":"code","valueString":"path-qa"},{"url":"value","valueString":"temp/qa"}],"url":"http://hl7.org/fhir/tools/StructureDefinition/ig-parameter"},{"extension":[{"url":"code","valueString":"path-temp"},{"url":"value","valueString":"temp/pages"}],"url":"http://hl7.org/fhir/tools/StructureDefinition/ig-parameter"},{"extension":[{"url":"code","valueString":"path-output"},{"url":"value","valueString":"output"}],"url":"http://hl7.org/fhir/tools/StructureDefinition/ig-parameter"},{"extension":[{"url":"code","valueString":"path-suppressed-warnings"},{"url":"value","valueString":"input/ignoreWarnings.txt"}],"url":"http://hl7.org/fhir/tools/StructureDefinition/ig-parameter"},{"extension":[{"url":"code","valueString":"path-history"},{"url":"value","valueString":"http://pacioproject.org/history.html"}],"url":"http://hl7.org/fhir/tools/StructureDefinition/ig-parameter"},{"extension":[{"url":"code","valueString":"template-html"},{"url":"value","valueString":"template-page.html"}],"url":"http://hl7.org/fhir/tools/StructureDefinition/ig-parameter"},{"extension":[{"url":"code","valueString":"template-md"},{"url":"value","valueString":"template-page-md.html"}],"url":"http://hl7.org/fhir/tools/StructureDefinition/ig-parameter"},{"extension":[{"url":"code","valueString":"apply-contact"},{"url":"value","valueString":"true"}],"url":"http://hl7.org/fhir/tools/StructureDefinition/ig-parameter"},{"extension":[{"url":"code","valueString":"apply-context"},{"url":"value","valueString":"true"}],"url":"http://hl7.org/fhir/tools/StructureDefinition/ig-parameter"},{"extension":[{"url":"code","valueString":"apply-copyright"},{"url":"value","valueString":"true"}],"url":"http://hl7.org/fhir/tools/StructureDefinition/ig-parameter"},{"extension":[{"url":"code","valueString":"apply-jurisdiction"},{"url":"value","valueString":"true"}],"url":"http://hl7.org/fhir/tools/StructureDefinition/ig-parameter"},{"extension":[{"url":"code","valueString":"apply-license"},{"url":"value","valueString":"true"}],"url":"http://hl7.org/fhir/tools/StructureDefinition/ig-parameter"},{"extension":[{"url":"code","valueString":"apply-publisher"},{"url":"value","valueString":"true"}],"url":"http://hl7.org/fhir/tools/StructureDefinition/ig-parameter"},{"extension":[{"url":"code","valueString":"apply-version"},{"url":"value","valueString":"true"}],"url":"http://hl7.org/fhir/tools/StructureDefinition/ig-parameter"},{"extension":[{"url":"code","valueString":"active-tables"},{"url":"value","valueString":"true"}],"url":"http://hl7.org/fhir/tools/StructureDefinition/ig-parameter"}],"grouping":[{"id":"_str_profile","name":"Structures: Resource Profiles","description":"These define constraints on FHIR resources that need to be complied with by conformant implementations"},{"id":"_ex_example","name":"Example: Example Instances","description":"These are example instances that show what data produced and consumed by systems conforming with this implementation guide might look like"}],"resource":[{"extension":[{"url":"http://hl7.org/fhir/StructureDefinition/implementationguide-page","valueUri":"StructureDefinition-pacio-bcs.html"}],"reference":{"reference":"StructureDefinition/pacio-bcs"},"name":"PACIO Bundled Cognitive Status","description":"An point in time bundle of cognitive status observations for a patient.","exampleBoolean":false,"groupingId":"_str_profile"},{"extension":[{"url":"http://hl7.org/fhir/StructureDefinition/implementationguide-page","valueUri":"StructureDefinition-pacio-cognition-qr.html"}],"reference":{"reference":"StructureDefinition/pacio-cognition-qr"},"name":"PACIO Cognition Questionnaire Response","description":"A completed, or sections of a completed, CMS PAC assessment.","exampleBoolean":false,"groupingId":"_str_profile"},{"extension":[{"url":"http://hl7.org/fhir/StructureDefinition/implementationguide-page","valueUri":"StructureDefinition-pacio-cs.html"}],"reference":{"reference":"StructureDefinition/pacio-cs"},"name":"PACIO Cognitive Status","description":"An exchange of cognitive status data for a patient.","exampleBoolean":false,"groupingId":"_str_profile"},{"extension":[{"url":"http://hl7.org/fhir/StructureDefinition/implementationguide-page","valueUri":"StructureDefinition-pacio-cs-dev.html"}],"reference":{"reference":"StructureDefinition/pacio-cs-dev"},"name":"Use of Device","description":"A device used by a Patient during a cognitive status assessment.","exampleBoolean":false,"groupingId":"_str_profile"},{"extension":[{"url":"http://hl7.org/fhir/StructureDefinition/implementationguide-page","valueUri":"Observation-Assessment-1-First3DSNFAdmission.html"}],"reference":{"reference":"Observation/Assessment-1-First3DSNFAdmission"},"name":"Assessment-1-First3DSNFAdmission","exampleCanonical":"http://pacioproject.org/StructureDefinition/pacio-bcs","groupingId":"_ex_example"},{"extension":[{"url":"http://hl7.org/fhir/StructureDefinition/implementationguide-page","valueUri":"Observation-Assessment-1-First3DSNFAdmission-Observation-1.html"}],"reference":{"reference":"Observation/Assessment-1-First3DSNFAdmission-Observation-1"},"name":"Assessment-1-First3DSNFAdmission-Observation-1","exampleCanonical":"http://pacioproject.org/StructureDefinition/pacio-cs","groupingId":"_ex_example"},{"extension":[{"url":"http://hl7.org/fhir/StructureDefinition/implementationguide-page","valueUri":"Observation-Assessment-1-First3DSNFAdmission-Observation-13.html"}],"reference":{"reference":"Observation/Assessment-1-First3DSNFAdmission-Observation-13"},"name":"Assessment-1-First3DSNFAdmission-Observation-13","exampleCanonical":"http://pacioproject.org/StructureDefinition/pacio-cs","groupingId":"_ex_example"},{"extension":[{"url":"http://hl7.org/fhir/StructureDefinition/implementationguide-page","valueUri":"Observation-Assessment-1-First3DSNFAdmission-Observation-14.html"}],"reference":{"reference":"Observation/Assessment-1-First3DSNFAdmission-Observation-14"},"name":"Assessment-1-First3DSNFAdmission-Observation-14","exampleCanonical":"http://pacioproject.org/StructureDefinition/pacio-cs","groupingId":"_ex_example"},{"extension":[{"url":"http://hl7.org/fhir/StructureDefinition/implementationguide-page","valueUri":"Observation-Assessment-1-First3DSNFAdmission-Observation-15.html"}],"reference":{"reference":"Observation/Assessment-1-First3DSNFAdmission-Observation-15"},"name":"Assessment-1-First3DSNFAdmission-Observation-15","exampleCanonical":"http://pacioproject.org/StructureDefinition/pacio-cs","groupingId":"_ex_example"},{"extension":[{"url":"http://hl7.org/fhir/StructureDefinition/implementationguide-page","valueUri":"Observation-Assessment-1-First3DSNFAdmission-Observation-16.html"}],"reference":{"reference":"Observation/Assessment-1-First3DSNFAdmission-Observation-16"},"name":"Assessment-1-First3DSNFAdmission-Observation-16","exampleCanonical":"http://pacioproject.org/StructureDefinition/pacio-cs","groupingId":"_ex_example"},{"extension":[{"url":"http://hl7.org/fhir/StructureDefinition/implementationguide-page","valueUri":"Observation-Assessment-1-First3DSNFAdmission-Observation-17.html"}],"reference":{"reference":"Observation/Assessment-1-First3DSNFAdmission-Observation-17"},"name":"Assessment-1-First3DSNFAdmission-Observation-17","exampleCanonical":"http://pacioproject.org/StructureDefinition/pacio-cs","groupingId":"_ex_example"},{"extension":[{"url":"http://hl7.org/fhir/StructureDefinition/implementationguide-page","valueUri":"Observation-Assessment-1-First3DSNFAdmission-Observation-18.html"}],"reference":{"reference":"Observation/Assessment-1-First3DSNFAdmission-Observation-18"},"name":"Assessment-1-First3DSNFAdmission-Observation-18","exampleCanonical":"http://pacioproject.org/StructureDefinition/pacio-cs","groupingId":"_ex_example"},{"extension":[{"url":"http://hl7.org/fhir/StructureDefinition/implementationguide-page","valueUri":"Observation-Assessment-1-First3DSNFAdmission-Observation-19.html"}],"reference":{"reference":"Observation/Assessment-1-First3DSNFAdmission-Observation-19"},"name":"Assessment-1-First3DSNFAdmission-Observation-19","exampleCanonical":"http://pacioproject.org/StructureDefinition/pacio-cs","groupingId":"_ex_example"},{"extension":[{"url":"http://hl7.org/fhir/StructureDefinition/implementationguide-page","valueUri":"Observation-Assessment-1-First3DSNFAdmission-Observation-20.html"}],"reference":{"reference":"Observation/Assessment-1-First3DSNFAdmission-Observation-20"},"name":"Assessment-1-First3DSNFAdmission-Observation-20","exampleCanonical":"http://pacioproject.org/StructureDefinition/pacio-cs","groupingId":"_ex_example"},{"extension":[{"url":"http://hl7.org/fhir/StructureDefinition/implementationguide-page","valueUri":"Observation-Assessment-1-First3DSNFAdmission-Observation-21.html"}],"reference":{"reference":"Observation/Assessment-1-First3DSNFAdmission-Observation-21"},"name":"Assessment-1-First3DSNFAdmission-Observation-21","exampleCanonical":"http://pacioproject.org/StructureDefinition/pacio-cs","groupingId":"_ex_example"},{"extension":[{"url":"http://hl7.org/fhir/StructureDefinition/implementationguide-page","valueUri":"Observation-Assessment-1-First3DSNFAdmission-Observation-22.html"}],"reference":{"reference":"Observation/Assessment-1-First3DSNFAdmission-Observation-22"},"name":"Assessment-1-First3DSNFAdmission-Observation-22","exampleCanonical":"http://pacioproject.org/StructureDefinition/pacio-cs","groupingId":"_ex_example"},{"extension":[{"url":"http://hl7.org/fhir/StructureDefinition/implementationguide-page","valueUri":"Observation-Assessment-1-First3DSNFAdmission-Observation-23.html"}],"reference":{"reference":"Observation/Assessment-1-First3DSNFAdmission-Observation-23"},"name":"Assessment-1-First3DSNFAdmission-Observation-23","exampleCanonical":"http://pacioproject.org/StructureDefinition/pacio-cs","groupingId":"_ex_example"},{"extension":[{"url":"http://hl7.org/fhir/StructureDefinition/implementationguide-page","valueUri":"Observation-Assessment-1-First3DSNFAdmission-Observation-24.html"}],"reference":{"reference":"Observation/Assessment-1-First3DSNFAdmission-Observation-24"},"name":"Assessment-1-First3DSNFAdmission-Observation-24","exampleCanonical":"http://pacioproject.org/StructureDefinition/pacio-cs","groupingId":"_ex_example"},{"extension":[{"url":"http://hl7.org/fhir/StructureDefinition/implementationguide-page","valueUri":"Observation-Assessment-1-First3DSNFAdmission-Observation-25.html"}],"reference":{"reference":"Observation/Assessment-1-First3DSNFAdmission-Observation-25"},"name":"Assessment-1-First3DSNFAdmission-Observation-25","exampleCanonical":"http://pacioproject.org/StructureDefinition/pacio-cs","groupingId":"_ex_example"},{"extension":[{"url":"http://hl7.org/fhir/StructureDefinition/implementationguide-page","valueUri":"Observation-Assessment-1-First3DSNFAdmission-Observation-26.html"}],"reference":{"reference":"Observation/Assessment-1-First3DSNFAdmission-Observation-26"},"name":"Assessment-1-First3DSNFAdmission-Observation-26","exampleCanonical":"http://pacioproject.org/StructureDefinition/pacio-cs","groupingId":"_ex_example"},{"extension":[{"url":"http://hl7.org/fhir/StructureDefinition/implementationguide-page","valueUri":"Observation-Assessment-1-First3DSNFAdmission-Observation-27.html"}],"reference":{"reference":"Observation/Assessment-1-First3DSNFAdmission-Observation-27"},"name":"Assessment-1-First3DSNFAdmission-Observation-27","exampleCanonical":"http://pacioproject.org/StructureDefinition/pacio-cs","groupingId":"_ex_example"},{"extension":[{"url":"http://hl7.org/fhir/StructureDefinition/implementationguide-page","valueUri":"Observation-Assessment-1-First3DSNFAdmission-Observation-28.html"}],"reference":{"reference":"Observation/Assessment-1-First3DSNFAdmission-Observation-28"},"name":"Assessment-1-First3DSNFAdmission-Observation-28","exampleCanonical":"http://pacioproject.org/StructureDefinition/pacio-cs","groupingId":"_ex_example"},{"extension":[{"url":"http://hl7.org/fhir/StructureDefinition/implementationguide-page","valueUri":"Observation-Assessment-1-First3DSNFAdmission-Observation-29.html"}],"reference":{"reference":"Observation/Assessment-1-First3DSNFAdmission-Observation-29"},"name":"Assessment-1-First3DSNFAdmission-Observation-29","exampleCanonical":"http://pacioproject.org/StructureDefinition/pacio-cs","groupingId":"_ex_example"},{"extension":[{"url":"http://hl7.org/fhir/StructureDefinition/implementationguide-page","valueUri":"Observation-Assessment-1-First3DSNFAdmission-Observation-30.html"}],"reference":{"reference":"Observation/Assessment-1-First3DSNFAdmission-Observation-30"},"name":"Assessment-1-First3DSNFAdmission-Observation-30","exampleCanonical":"http://pacioproject.org/StructureDefinition/pacio-cs","groupingId":"_ex_example"},{"extension":[{"url":"http://hl7.org/fhir/StructureDefinition/implementationguide-page","valueUri":"Observation-Assessment-1-First3DSNFAdmission-Observation-31.html"}],"reference":{"reference":"Observation/Assessment-1-First3DSNFAdmission-Observation-31"},"name":"Assessment-1-First3DSNFAdmission-Observation-31","exampleCanonical":"http://pacioproject.org/StructureDefinition/pacio-cs","groupingId":"_ex_example"},{"extension":[{"url":"http://hl7.org/fhir/StructureDefinition/implementationguide-page","valueUri":"Observation-Assessment-1-First3DSNFAdmission-Observation-32.html"}],"reference":{"reference":"Observation/Assessment-1-First3DSNFAdmission-Observation-32"},"name":"Assessment-1-First3DSNFAdmission-Observation-32","exampleCanonical":"http://pacioproject.org/StructureDefinition/pacio-cs","groupingId":"_ex_example"},{"extension":[{"url":"http://hl7.org/fhir/StructureDefinition/implementationguide-page","valueUri":"Observation-Assessment-1-First3DSNFAdmission-Observation-33.html"}],"reference":{"reference":"Observation/Assessment-1-First3DSNFAdmission-Observation-33"},"name":"Assessment-1-First3DSNFAdmission-Observation-33","exampleCanonical":"http://pacioproject.org/StructureDefinition/pacio-cs","groupingId":"_ex_example"},{"extension":[{"url":"http://hl7.org/fhir/StructureDefinition/implementationguide-page","valueUri":"Observation-Assessment-1-First3DSNFAdmission-Observation-34.html"}],"reference":{"reference":"Observation/Assessment-1-First3DSNFAdmission-Observation-34"},"name":"Assessment-1-First3DSNFAdmission-Observation-34","exampleCanonical":"http://pacioproject.org/StructureDefinition/pacio-cs","groupingId":"_ex_example"},{"extension":[{"url":"http://hl7.org/fhir/StructureDefinition/implementationguide-page","valueUri":"Observation-Assessment-1-First3DSNFAdmission-Observation-35.html"}],"reference":{"reference":"Observation/Assessment-1-First3DSNFAdmission-Observation-35"},"name":"Assessment-1-First3DSNFAdmission-Observation-35","exampleCanonical":"http://pacioproject.org/StructureDefinition/pacio-cs","groupingId":"_ex_example"},{"extension":[{"url":"http://hl7.org/fhir/StructureDefinition/implementationguide-page","valueUri":"Observation-Assessment-1-First3DSNFAdmission-Observation-36.html"}],"reference":{"reference":"Observation/Assessment-1-First3DSNFAdmission-Observation-36"},"name":"Assessment-1-First3DSNFAdmission-Observation-36","exampleCanonical":"http://pacioproject.org/StructureDefinition/pacio-cs","groupingId":"_ex_example"},{"extension":[{"url":"http://hl7.org/fhir/StructureDefinition/implementationguide-page","valueUri":"Observation-Assessment-1-First3DSNFAdmission-Observation-37.html"}],"reference":{"reference":"Observation/Assessment-1-First3DSNFAdmission-Observation-37"},"name":"Assessment-1-First3DSNFAdmission-Observation-37","exampleCanonical":"http://pacioproject.org/StructureDefinition/pacio-cs","groupingId":"_ex_example"},{"extension":[{"url":"http://hl7.org/fhir/StructureDefinition/implementationguide-page","valueUri":"Observation-Assessment-1-First3DSNFAdmission-Observation-38.html"}],"reference":{"reference":"Observation/Assessment-1-First3DSNFAdmission-Observation-38"},"name":"Assessment-1-First3DSNFAdmission-Observation-38","exampleCanonical":"http://pacioproject.org/StructureDefinition/pacio-cs","groupingId":"_ex_example"},{"extension":[{"url":"http://hl7.org/fhir/StructureDefinition/implementationguide-page","valueUri":"Observation-Assessment-1-First3DSNFAdmission-Observation-39.html"}],"reference":{"reference":"Observation/Assessment-1-First3DSNFAdmission-Observation-39"},"name":"Assessment-1-First3DSNFAdmission-Observation-39","exampleCanonical":"http://pacioproject.org/StructureDefinition/pacio-cs","groupingId":"_ex_example"},{"extension":[{"url":"http://hl7.org/fhir/StructureDefinition/implementationguide-page","valueUri":"Observation-Assessment-1-First3DSNFAdmission-Observation-5.html"}],"reference":{"reference":"Observation/Assessment-1-First3DSNFAdmission-Observation-5"},"name":"Assessment-1-First3DSNFAdmission-Observation-5","exampleCanonical":"http://pacioproject.org/StructureDefinition/pacio-cs","groupingId":"_ex_example"},{"extension":[{"url":"http://hl7.org/fhir/StructureDefinition/implementationguide-page","valueUri":"Observation-Assessment-1-First3DSNFAdmission-Observation-9.html"}],"reference":{"reference":"Observation/Assessment-1-First3DSNFAdmission-Observation-9"},"name":"Assessment-1-First3DSNFAdmission-Observation-9","exampleCanonical":"http://pacioproject.org/StructureDefinition/pacio-cs","groupingId":"_ex_example"},{"extension":[{"url":"http://hl7.org/fhir/StructureDefinition/implementationguide-page","valueUri":"Observation-Assessment-2-Last3DSNFStay.html"}],"reference":{"reference":"Observation/Assessment-2-Last3DSNFStay"},"name":"Assessment-2-Last3DSNFStay","exampleCanonical":"http://pacioproject.org/StructureDefinition/pacio-bcs","groupingId":"_ex_example"},{"extension":[{"url":"http://hl7.org/fhir/StructureDefinition/implementationguide-page","valueUri":"Observation-Assessment-2-Last3DSNFStay-Observation-10.html"}],"reference":{"reference":"Observation/Assessment-2-Last3DSNFStay-Observation-10"},"name":"Assessment-2-Last3DSNFStay-Observation-10","exampleCanonical":"http://pacioproject.org/StructureDefinition/pacio-cs","groupingId":"_ex_example"},{"extension":[{"url":"http://hl7.org/fhir/StructureDefinition/implementationguide-page","valueUri":"Observation-Assessment-2-Last3DSNFStay-Observation-2.html"}],"reference":{"reference":"Observation/Assessment-2-Last3DSNFStay-Observation-2"},"name":"Assessment-2-Last3DSNFStay-Observation-2","exampleCanonical":"http://pacioproject.org/StructureDefinition/pacio-cs","groupingId":"_ex_example"},{"extension":[{"url":"http://hl7.org/fhir/StructureDefinition/implementationguide-page","valueUri":"Observation-Assessment-2-Last3DSNFStay-Observation-6.html"}],"reference":{"reference":"Observation/Assessment-2-Last3DSNFStay-Observation-6"},"name":"Assessment-2-Last3DSNFStay-Observation-6","exampleCanonical":"http://pacioproject.org/StructureDefinition/pacio-cs","groupingId":"_ex_example"},{"extension":[{"url":"http://hl7.org/fhir/StructureDefinition/implementationguide-page","valueUri":"Observation-Assessment-3-HHStartOfCarePerf.html"}],"reference":{"reference":"Observation/Assessment-3-HHStartOfCarePerf"},"name":"Assessment-3-HHStartOfCarePerf","exampleCanonical":"http://pacioproject.org/StructureDefinition/pacio-bcs","groupingId":"_ex_example"},{"extension":[{"url":"http://hl7.org/fhir/StructureDefinition/implementationguide-page","valueUri":"Observation-Assessment-3-HHStartOfCarePerf-Observation-11.html"}],"reference":{"reference":"Observation/Assessment-3-HHStartOfCarePerf-Observation-11"},"name":"Assessment-3-HHStartOfCarePerf-Observation-11","exampleCanonical":"http://pacioproject.org/StructureDefinition/pacio-cs","groupingId":"_ex_example"},{"extension":[{"url":"http://hl7.org/fhir/StructureDefinition/implementationguide-page","valueUri":"Observation-Assessment-3-HHStartOfCarePerf-Observation-3.html"}],"reference":{"reference":"Observation/Assessment-3-HHStartOfCarePerf-Observation-3"},"name":"Assessment-3-HHStartOfCarePerf-Observation-3","exampleCanonical":"http://pacioproject.org/StructureDefinition/pacio-cs","groupingId":"_ex_example"},{"extension":[{"url":"http://hl7.org/fhir/StructureDefinition/implementationguide-page","valueUri":"Observation-Assessment-3-HHStartOfCarePerf-Observation-7.html"}],"reference":{"reference":"Observation/Assessment-3-HHStartOfCarePerf-Observation-7"},"name":"Assessment-3-HHStartOfCarePerf-Observation-7","exampleCanonical":"http://pacioproject.org/StructureDefinition/pacio-cs","groupingId":"_ex_example"},{"extension":[{"url":"http://hl7.org/fhir/StructureDefinition/implementationguide-page","valueUri":"Observation-Assessment-4-HHDischargePerf.html"}],"reference":{"reference":"Observation/Assessment-4-HHDischargePerf"},"name":"Assessment-4-HHDischargePerf","exampleCanonical":"http://pacioproject.org/StructureDefinition/pacio-bcs","groupingId":"_ex_example"},{"extension":[{"url":"http://hl7.org/fhir/StructureDefinition/implementationguide-page","valueUri":"Observation-Assessment-4-HHDischargePerf-Observation-12.html"}],"reference":{"reference":"Observation/Assessment-4-HHDischargePerf-Observation-12"},"name":"Assessment-4-HHDischargePerf-Observation-12","exampleCanonical":"http://pacioproject.org/StructureDefinition/pacio-cs","groupingId":"_ex_example"},{"extension":[{"url":"http://hl7.org/fhir/StructureDefinition/implementationguide-page","valueUri":"Observation-Assessment-4-HHDischargePerf-Observation-4.html"}],"reference":{"reference":"Observation/Assessment-4-HHDischargePerf-Observation-4"},"name":"Assessment-4-HHDischargePerf-Observation-4","exampleCanonical":"http://pacioproject.org/StructureDefinition/pacio-cs","groupingId":"_ex_example"},{"extension":[{"url":"http://hl7.org/fhir/StructureDefinition/implementationguide-page","valueUri":"Observation-Assessment-4-HHDischargePerf-Observation-8.html"}],"reference":{"reference":"Observation/Assessment-4-HHDischargePerf-Observation-8"},"name":"Assessment-4-HHDischargePerf-Observation-8","exampleCanonical":"http://pacioproject.org/StructureDefinition/pacio-cs","groupingId":"_ex_example"},{"extension":[{"url":"http://hl7.org/fhir/StructureDefinition/implementationguide-page","valueUri":"Patient-BetsySmith.html"}],"reference":{"reference":"Patient/BetsySmith"},"name":"BetsySmith","exampleBoolean":true,"groupingId":"_ex_example"},{"extension":[{"url":"http://hl7.org/fhir/StructureDefinition/implementationguide-page","valueUri":"Observation-BetsySmith-2019-03-25-Within3DSNFAdmission.html"}],"reference":{"reference":"Observation/BetsySmith-2019-03-25-Within3DSNFAdmission"},"name":"BetsySmith-2019-03-25-Within3DSNFAdmission","exampleCanonical":"http://pacioproject.org/StructureDefinition/pacio-bcs","groupingId":"_ex_example"},{"extension":[{"url":"http://hl7.org/fhir/StructureDefinition/implementationguide-page","valueUri":"Observation-BetsySmith-2019-04-06-Last3DSNFStay.html"}],"reference":{"reference":"Observation/BetsySmith-2019-04-06-Last3DSNFStay"},"name":"BetsySmith-2019-04-06-Last3DSNFStay","exampleCanonical":"http://pacioproject.org/StructureDefinition/pacio-bcs","groupingId":"_ex_example"},{"extension":[{"url":"http://hl7.org/fhir/StructureDefinition/implementationguide-page","valueUri":"Observation-BetsySmith-2019-04-07-HHStartCarePerformance.html"}],"reference":{"reference":"Observation/BetsySmith-2019-04-07-HHStartCarePerformance"},"name":"BetsySmith-2019-04-07-HHStartCarePerformance","exampleCanonical":"http://pacioproject.org/StructureDefinition/pacio-bcs","groupingId":"_ex_example"},{"extension":[{"url":"http://hl7.org/fhir/StructureDefinition/implementationguide-page","valueUri":"Observation-BetsySmith-2019-05-03-HHDischargePerformance.html"}],"reference":{"reference":"Observation/BetsySmith-2019-05-03-HHDischargePerformance"},"name":"BetsySmith-2019-05-03-HHDischargePerformance","exampleCanonical":"http://pacioproject.org/StructureDefinition/pacio-bcs","groupingId":"_ex_example"},{"extension":[{"url":"http://hl7.org/fhir/StructureDefinition/implementationguide-page","valueUri":"QuestionnaireResponse-BetsySmith-HHDischargePerformance-CAM-Response.html"}],"reference":{"reference":"QuestionnaireResponse/BetsySmith-HHDischargePerformance-CAM-Response"},"name":"BetsySmith-HHDischargePerformance-CAM-Response","exampleCanonical":"http://pacioproject.org/StructureDefinition/pacio-cognition-qr","groupingId":"_ex_example"},{"extension":[{"url":"http://hl7.org/fhir/StructureDefinition/implementationguide-page","valueUri":"Observation-BetsySmith-HHDischargePerformance-CAM01-MentalStatusChange.html"}],"reference":{"reference":"Observation/BetsySmith-HHDischargePerformance-CAM01-MentalStatusChange"},"name":"BetsySmith-HHDischargePerformance-CAM01-MentalStatusChange","exampleCanonical":"http://pacioproject.org/StructureDefinition/pacio-cs","groupingId":"_ex_example"},{"extension":[{"url":"http://hl7.org/fhir/StructureDefinition/implementationguide-page","valueUri":"Observation-BetsySmith-HHDischargePerformance-CAM02-Inattention.html"}],"reference":{"reference":"Observation/BetsySmith-HHDischargePerformance-CAM02-Inattention"},"name":"BetsySmith-HHDischargePerformance-CAM02-Inattention","exampleCanonical":"http://pacioproject.org/StructureDefinition/pacio-cs","groupingId":"_ex_example"},{"extension":[{"url":"http://hl7.org/fhir/StructureDefinition/implementationguide-page","valueUri":"Observation-BetsySmith-HHDischargePerformance-CAM03-DisorganizedThinking.html"}],"reference":{"reference":"Observation/BetsySmith-HHDischargePerformance-CAM03-DisorganizedThinking"},"name":"BetsySmith-HHDischargePerformance-CAM03-DisorganizedThinking","exampleCanonical":"http://pacioproject.org/StructureDefinition/pacio-cs","groupingId":"_ex_example"},{"extension":[{"url":"http://hl7.org/fhir/StructureDefinition/implementationguide-page","valueUri":"Observation-BetsySmith-HHDischargePerformance-CAM04-AlteredConsciousness.html"}],"reference":{"reference":"Observation/BetsySmith-HHDischargePerformance-CAM04-AlteredConsciousness"},"name":"BetsySmith-HHDischargePerformance-CAM04-AlteredConsciousness","exampleCanonical":"http://pacioproject.org/StructureDefinition/pacio-cs","groupingId":"_ex_example"},{"extension":[{"url":"http://hl7.org/fhir/StructureDefinition/implementationguide-page","valueUri":"QuestionnaireResponse-BetsySmith-HHStartCarePerformance-CAM-Response.html"}],"reference":{"reference":"QuestionnaireResponse/BetsySmith-HHStartCarePerformance-CAM-Response"},"name":"BetsySmith-HHStartCarePerformance-CAM-Response","exampleCanonical":"http://pacioproject.org/StructureDefinition/pacio-cognition-qr","groupingId":"_ex_example"},{"extension":[{"url":"http://hl7.org/fhir/StructureDefinition/implementationguide-page","valueUri":"Observation-BetsySmith-HHStartCarePerformance-CAM01-MentalStatusChange.html"}],"reference":{"reference":"Observation/BetsySmith-HHStartCarePerformance-CAM01-MentalStatusChange"},"name":"BetsySmith-HHStartCarePerformance-CAM01-MentalStatusChange","exampleCanonical":"http://pacioproject.org/StructureDefinition/pacio-cs","groupingId":"_ex_example"},{"extension":[{"url":"http://hl7.org/fhir/StructureDefinition/implementationguide-page","valueUri":"Observation-BetsySmith-HHStartCarePerformance-CAM02-Inattention.html"}],"reference":{"reference":"Observation/BetsySmith-HHStartCarePerformance-CAM02-Inattention"},"name":"BetsySmith-HHStartCarePerformance-CAM02-Inattention","exampleCanonical":"http://pacioproject.org/StructureDefinition/pacio-cs","groupingId":"_ex_example"},{"extension":[{"url":"http://hl7.org/fhir/StructureDefinition/implementationguide-page","valueUri":"Observation-BetsySmith-HHStartCarePerformance-CAM03-DisorganizedThinking.html"}],"reference":{"reference":"Observation/BetsySmith-HHStartCarePerformance-CAM03-DisorganizedThinking"},"name":"BetsySmith-HHStartCarePerformance-CAM03-DisorganizedThinking","exampleCanonical":"http://pacioproject.org/StructureDefinition/pacio-cs","groupingId":"_ex_example"},{"extension":[{"url":"http://hl7.org/fhir/StructureDefinition/implementationguide-page","valueUri":"Observation-BetsySmith-HHStartCarePerformance-CAM04-AlteredConsciousness.html"}],"reference":{"reference":"Observation/BetsySmith-HHStartCarePerformance-CAM04-AlteredConsciousness"},"name":"BetsySmith-HHStartCarePerformance-CAM04-AlteredConsciousness","exampleCanonical":"http://pacioproject.org/StructureDefinition/pacio-cs","groupingId":"_ex_example"},{"extension":[{"url":"http://hl7.org/fhir/StructureDefinition/implementationguide-page","valueUri":"QuestionnaireResponse-BetsySmith-Last3DSNFStay-CAM-Response.html"}],"reference":{"reference":"QuestionnaireResponse/BetsySmith-Last3DSNFStay-CAM-Response"},"name":"BetsySmith-Last3DSNFStay-CAM-Response","exampleCanonical":"http://pacioproject.org/StructureDefinition/pacio-cognition-qr","groupingId":"_ex_example"},{"extension":[{"url":"http://hl7.org/fhir/StructureDefinition/implementationguide-page","valueUri":"Observation-BetsySmith-Last3DSNFStay-CAM01-MentalStatusChange.html"}],"reference":{"reference":"Observation/BetsySmith-Last3DSNFStay-CAM01-MentalStatusChange"},"name":"BetsySmith-Last3DSNFStay-CAM01-MentalStatusChange","exampleCanonical":"http://pacioproject.org/StructureDefinition/pacio-cs","groupingId":"_ex_example"},{"extension":[{"url":"http://hl7.org/fhir/StructureDefinition/implementationguide-page","valueUri":"Observation-BetsySmith-Last3DSNFStay-CAM02-Inattention.html"}],"reference":{"reference":"Observation/BetsySmith-Last3DSNFStay-CAM02-Inattention"},"name":"BetsySmith-Last3DSNFStay-CAM02-Inattention","exampleCanonical":"http://pacioproject.org/StructureDefinition/pacio-cs","groupingId":"_ex_example"},{"extension":[{"url":"http://hl7.org/fhir/StructureDefinition/implementationguide-page","valueUri":"Observation-BetsySmith-Last3DSNFStay-CAM03-DisorganizedThinking.html"}],"reference":{"reference":"Observation/BetsySmith-Last3DSNFStay-CAM03-DisorganizedThinking"},"name":"BetsySmith-Last3DSNFStay-CAM03-DisorganizedThinking","exampleCanonical":"http://pacioproject.org/StructureDefinition/pacio-cs","groupingId":"_ex_example"},{"extension":[{"url":"http://hl7.org/fhir/StructureDefinition/implementationguide-page","valueUri":"Observation-BetsySmith-Last3DSNFStay-CAM04-AlteredConsciousness.html"}],"reference":{"reference":"Observation/BetsySmith-Last3DSNFStay-CAM04-AlteredConsciousness"},"name":"BetsySmith-Last3DSNFStay-CAM04-AlteredConsciousness","exampleCanonical":"http://pacioproject.org/StructureDefinition/pacio-cs","groupingId":"_ex_example"},{"extension":[{"url":"http://hl7.org/fhir/StructureDefinition/implementationguide-page","valueUri":"QuestionnaireResponse-BetsySmith-Within3DSNFAdmission-CAM-Response.html"}],"reference":{"reference":"QuestionnaireResponse/BetsySmith-Within3DSNFAdmission-CAM-Response"},"name":"BetsySmith-Within3DSNFAdmission-CAM-Response","exampleCanonical":"http://pacioproject.org/StructureDefinition/pacio-cognition-qr","groupingId":"_ex_example"},{"extension":[{"url":"http://hl7.org/fhir/StructureDefinition/implementationguide-page","valueUri":"Observation-BetsySmith-Within3DSNFAdmission-CAM01-MentalStatusChange.html"}],"reference":{"reference":"Observation/BetsySmith-Within3DSNFAdmission-CAM01-MentalStatusChange"},"name":"BetsySmith-Within3DSNFAdmission-CAM01-MentalStatusChange","exampleCanonical":"http://pacioproject.org/StructureDefinition/pacio-cs","groupingId":"_ex_example"},{"extension":[{"url":"http://hl7.org/fhir/StructureDefinition/implementationguide-page","valueUri":"Observation-BetsySmith-Within3DSNFAdmission-CAM02-Inattention.html"}],"reference":{"reference":"Observation/BetsySmith-Within3DSNFAdmission-CAM02-Inattention"},"name":"BetsySmith-Within3DSNFAdmission-CAM02-Inattention","exampleCanonical":"http://pacioproject.org/StructureDefinition/pacio-cs","groupingId":"_ex_example"},{"extension":[{"url":"http://hl7.org/fhir/StructureDefinition/implementationguide-page","valueUri":"Observation-BetsySmith-Within3DSNFAdmission-CAM03-DisorganizedThinking.html"}],"reference":{"reference":"Observation/BetsySmith-Within3DSNFAdmission-CAM03-DisorganizedThinking"},"name":"BetsySmith-Within3DSNFAdmission-CAM03-DisorganizedThinking","exampleCanonical":"http://pacioproject.org/StructureDefinition/pacio-cs","groupingId":"_ex_example"},{"extension":[{"url":"http://hl7.org/fhir/StructureDefinition/implementationguide-page","valueUri":"Observation-BetsySmith-Within3DSNFAdmission-CAM04-AlteredConsciousness.html"}],"reference":{"reference":"Observation/BetsySmith-Within3DSNFAdmission-CAM04-AlteredConsciousness"},"name":"BetsySmith-Within3DSNFAdmission-CAM04-AlteredConsciousness","exampleCanonical":"http://pacioproject.org/StructureDefinition/pacio-cs","groupingId":"_ex_example"},{"extension":[{"url":"http://hl7.org/fhir/StructureDefinition/implementationguide-page","valueUri":"Encounter-CMS-Encounter-01.html"}],"reference":{"reference":"Encounter/CMS-Encounter-01"},"name":"CMS-Encounter-01","exampleBoolean":true,"groupingId":"_ex_example"},{"extension":[{"url":"http://hl7.org/fhir/StructureDefinition/implementationguide-page","valueUri":"Encounter-CMS-Encounter-02.html"}],"reference":{"reference":"Encounter/CMS-Encounter-02"},"name":"CMS-Encounter-02","exampleBoolean":true,"groupingId":"_ex_example"},{"extension":[{"url":"http://hl7.org/fhir/StructureDefinition/implementationguide-page","valueUri":"Encounter-CMS-Encounter-03.html"}],"reference":{"reference":"Encounter/CMS-Encounter-03"},"name":"CMS-Encounter-03","exampleBoolean":true,"groupingId":"_ex_example"},{"extension":[{"url":"http://hl7.org/fhir/StructureDefinition/implementationguide-page","valueUri":"Encounter-CMS-Encounter-04.html"}],"reference":{"reference":"Encounter/CMS-Encounter-04"},"name":"CMS-Encounter-04","exampleBoolean":true,"groupingId":"_ex_example"},{"extension":[{"url":"http://hl7.org/fhir/StructureDefinition/implementationguide-page","valueUri":"Location-CMS-Location-PTRES.html"}],"reference":{"reference":"Location/CMS-Location-PTRES"},"name":"CMS-Location-PTRES","description":"Patient's Home","exampleBoolean":true,"groupingId":"_ex_example"},{"extension":[{"url":"http://hl7.org/fhir/StructureDefinition/implementationguide-page","valueUri":"Location-CMS-Location-SNF.html"}],"reference":{"reference":"Location/CMS-Location-SNF"},"name":"CMS-Location-SNF","description":"Burgers Skilled Nursing Facility, South Wing, second floor","exampleBoolean":true,"groupingId":"_ex_example"},{"extension":[{"url":"http://hl7.org/fhir/StructureDefinition/implementationguide-page","valueUri":"Organization-CMS-Organization-01.html"}],"reference":{"reference":"Organization/CMS-Organization-01"},"name":"CMS-Organization-01","exampleBoolean":true,"groupingId":"_ex_example"},{"extension":[{"url":"http://hl7.org/fhir/StructureDefinition/implementationguide-page","valueUri":"Organization-CMS-Organization-02.html"}],"reference":{"reference":"Organization/CMS-Organization-02"},"name":"CMS-Organization-02","exampleBoolean":true,"groupingId":"_ex_example"},{"extension":[{"url":"http://hl7.org/fhir/StructureDefinition/implementationguide-page","valueUri":"Practitioner-CMS-Practitioner-01.html"}],"reference":{"reference":"Practitioner/CMS-Practitioner-01"},"name":"CMS-Practitioner-01","exampleBoolean":true,"groupingId":"_ex_example"},{"extension":[{"url":"http://hl7.org/fhir/StructureDefinition/implementationguide-page","valueUri":"Practitioner-CMS-Practitioner-02.html"}],"reference":{"reference":"Practitioner/CMS-Practitioner-02"},"name":"CMS-Practitioner-02","exampleBoolean":true,"groupingId":"_ex_example"},{"extension":[{"url":"http://hl7.org/fhir/StructureDefinition/implementationguide-page","valueUri":"Organization-HappyNursingFacility.html"}],"reference":{"reference":"Organization/HappyNursingFacility"},"name":"HappyNursingFacility","exampleBoolean":true,"groupingId":"_ex_example"},{"extension":[{"url":"http://hl7.org/fhir/StructureDefinition/implementationguide-page","valueUri":"Location-HappyNursingFacility-Loc.html"}],"reference":{"reference":"Location/HappyNursingFacility-Loc"},"name":"HappyNursingFacility-Loc","description":"8100 Pinebrook Dr, SanAntonio, TX 78230","exampleBoolean":true,"groupingId":"_ex_example"},{"extension":[{"url":"http://hl7.org/fhir/StructureDefinition/implementationguide-page","valueUri":"Practitioner-HoneyJones.html"}],"reference":{"reference":"Practitioner/HoneyJones"},"name":"HoneyJones","exampleBoolean":true,"groupingId":"_ex_example"},{"extension":[{"url":"http://hl7.org/fhir/StructureDefinition/implementationguide-page","valueUri":"Practitioner-LunaBaskin.html"}],"reference":{"reference":"Practitioner/LunaBaskin"},"name":"LunaBaskin","exampleBoolean":true,"groupingId":"_ex_example"},{"extension":[{"url":"http://hl7.org/fhir/StructureDefinition/implementationguide-page","valueUri":"QuestionnaireResponse-QuestionnaireResponse-1-First3DSNFAdmission.html"}],"reference":{"reference":"QuestionnaireResponse/QuestionnaireResponse-1-First3DSNFAdmission"},"name":"QuestionnaireResponse-1-First3DSNFAdmission","exampleCanonical":"http://pacioproject.org/StructureDefinition/pacio-cognition-qr","groupingId":"_ex_example"},{"extension":[{"url":"http://hl7.org/fhir/StructureDefinition/implementationguide-page","valueUri":"QuestionnaireResponse-QuestionnaireResponse-2-Last3DSNFStay.html"}],"reference":{"reference":"QuestionnaireResponse/QuestionnaireResponse-2-Last3DSNFStay"},"name":"QuestionnaireResponse-2-Last3DSNFStay","exampleCanonical":"http://pacioproject.org/StructureDefinition/pacio-cognition-qr","groupingId":"_ex_example"},{"extension":[{"url":"http://hl7.org/fhir/StructureDefinition/implementationguide-page","valueUri":"QuestionnaireResponse-QuestionnaireResponse-3-HHStartOfCarePerf.html"}],"reference":{"reference":"QuestionnaireResponse/QuestionnaireResponse-3-HHStartOfCarePerf"},"name":"QuestionnaireResponse-3-HHStartOfCarePerf","exampleCanonical":"http://pacioproject.org/StructureDefinition/pacio-cognition-qr","groupingId":"_ex_example"},{"extension":[{"url":"http://hl7.org/fhir/StructureDefinition/implementationguide-page","valueUri":"QuestionnaireResponse-QuestionnaireResponse-4-HHDischargePerf.html"}],"reference":{"reference":"QuestionnaireResponse/QuestionnaireResponse-4-HHDischargePerf"},"name":"QuestionnaireResponse-4-HHDischargePerf","exampleCanonical":"http://pacioproject.org/StructureDefinition/pacio-cognition-qr","groupingId":"_ex_example"},{"extension":[{"url":"http://hl7.org/fhir/StructureDefinition/implementationguide-page","valueUri":"Practitioner-ScottDumble.html"}],"reference":{"reference":"Practitioner/ScottDumble"},"name":"ScottDumble","exampleBoolean":true,"groupingId":"_ex_example"},{"extension":[{"url":"http://hl7.org/fhir/StructureDefinition/implementationguide-page","valueUri":"Organization-SkyHarborHomeHealthServices.html"}],"reference":{"reference":"Organization/SkyHarborHomeHealthServices"},"name":"SkyHarborHomeHealthServices","exampleBoolean":true,"groupingId":"_ex_example"},{"extension":[{"url":"http://hl7.org/fhir/StructureDefinition/implementationguide-page","valueUri":"Location-SkyHarborHomeHealthServices-Loc.html"}],"reference":{"reference":"Location/SkyHarborHomeHealthServices-Loc"},"name":"SkyHarborHomeHealthServices-Loc","description":"8810 Old Sky Harbor, SanAntonio, TX 78242","exampleBoolean":true,"groupingId":"_ex_example"}],"page":{"nameUrl":"toc.html","title":"Table of Contents","generation":"html","page":[{"nameUrl":"index.html","title":"Home","generation":"markdown"},{"nameUrl":"artifacts.html","title":"Artifacts Summary","generation":"html","page":[{"nameUrl":"StructureDefinition-pacio-bcs.html","title":"PACIO Bundled Cognitive Status","generation":"generated"},{"nameUrl":"StructureDefinition-pacio-cognition-qr.html","title":"PACIO Cognition Questionnaire Response","generation":"generated"},{"nameUrl":"StructureDefinition-pacio-cs.html","title":"PACIO Cognitive Status","generation":"generated"},{"nameUrl":"StructureDefinition-pacio-cs-dev.html","title":"Use of Device","generation":"generated"},{"nameUrl":"Observation-Assessment-1-First3DSNFAdmission.html","title":"Assessment-1-First3DSNFAdmission","generation":"generated"},{"nameUrl":"Observation-Assessment-1-First3DSNFAdmission-Observation-1.html","title":"Assessment-1-First3DSNFAdmission-Observation-1","generation":"generated"},{"nameUrl":"Observation-Assessment-1-First3DSNFAdmission-Observation-13.html","title":"Assessment-1-First3DSNFAdmission-Observation-13","generation":"generated"},{"nameUrl":"Observation-Assessment-1-First3DSNFAdmission-Observation-14.html","title":"Assessment-1-First3DSNFAdmission-Observation-14","generation":"generated"},{"nameUrl":"Observation-Assessment-1-First3DSNFAdmission-Observation-15.html","title":"Assessment-1-First3DSNFAdmission-Observation-15","generation":"generated"},{"nameUrl":"Observation-Assessment-1-First3DSNFAdmission-Observation-16.html","title":"Assessment-1-First3DSNFAdmission-Observation-16","generation":"generated"},{"nameUrl":"Observation-Assessment-1-First3DSNFAdmission-Observation-17.html","title":"Assessment-1-First3DSNFAdmission-Observation-17","generation":"generated"},{"nameUrl":"Observation-Assessment-1-First3DSNFAdmission-Observation-18.html","title":"Assessment-1-First3DSNFAdmission-Observation-18","generation":"generated"},{"nameUrl":"Observation-Assessment-1-First3DSNFAdmission-Observation-19.html","title":"Assessment-1-First3DSNFAdmission-Observation-19","generation":"generated"},{"nameUrl":"Observation-Assessment-1-First3DSNFAdmission-Observation-20.html","title":"Assessment-1-First3DSNFAdmission-Observation-20","generation":"generated"},{"nameUrl":"Observation-Assessment-1-First3DSNFAdmission-Observation-21.html","title":"Assessment-1-First3DSNFAdmission-Observation-21","generation":"generated"},{"nameUrl":"Observation-Assessment-1-First3DSNFAdmission-Observation-22.html","title":"Assessment-1-First3DSNFAdmission-Observation-22","generation":"generated"},{"nameUrl":"Observation-Assessment-1-First3DSNFAdmission-Observation-23.html","title":"Assessment-1-First3DSNFAdmission-Observation-23","generation":"generated"},{"nameUrl":"Observation-Assessment-1-First3DSNFAdmission-Observation-24.html","title":"Assessment-1-First3DSNFAdmission-Observation-24","generation":"generated"},{"nameUrl":"Observation-Assessment-1-First3DSNFAdmission-Observation-25.html","title":"Assessment-1-First3DSNFAdmission-Observation-25","generation":"generated"},{"nameUrl":"Observation-Assessment-1-First3DSNFAdmission-Observation-26.html","title":"Assessment-1-First3DSNFAdmission-Observation-26","generation":"generated"},{"nameUrl":"Observation-Assessment-1-First3DSNFAdmission-Observation-27.html","title":"Assessment-1-First3DSNFAdmission-Observation-27","generation":"generated"},{"nameUrl":"Observation-Assessment-1-First3DSNFAdmission-Observation-28.html","title":"Assessment-1-First3DSNFAdmission-Observation-28","generation":"generated"},{"nameUrl":"Observation-Assessment-1-First3DSNFAdmission-Observation-29.html","title":"Assessment-1-First3DSNFAdmission-Observation-29","generation":"generated"},{"nameUrl":"Observation-Assessment-1-First3DSNFAdmission-Observation-30.html","title":"Assessment-1-First3DSNFAdmission-Observation-30","generation":"generated"},{"nameUrl":"Observation-Assessment-1-First3DSNFAdmission-Observation-31.html","title":"Assessment-1-First3DSNFAdmission-Observation-31","generation":"generated"},{"nameUrl":"Observation-Assessment-1-First3DSNFAdmission-Observation-32.html","title":"Assessment-1-First3DSNFAdmission-Observation-32","generation":"generated"},{"nameUrl":"Observation-Assessment-1-First3DSNFAdmission-Observation-33.html","title":"Assessment-1-First3DSNFAdmission-Observation-33","generation":"generated"},{"nameUrl":"Observation-Assessment-1-First3DSNFAdmission-Observation-34.html","title":"Assessment-1-First3DSNFAdmission-Observation-34","generation":"generated"},{"nameUrl":"Observation-Assessment-1-First3DSNFAdmission-Observation-35.html","title":"Assessment-1-First3DSNFAdmission-Observation-35","generation":"generated"},{"nameUrl":"Observation-Assessment-1-First3DSNFAdmission-Observation-36.html","title":"Assessment-1-First3DSNFAdmission-Observation-36","generation":"generated"},{"nameUrl":"Observation-Assessment-1-First3DSNFAdmission-Observation-37.html","title":"Assessment-1-First3DSNFAdmission-Observation-37","generation":"generated"},{"nameUrl":"Observation-Assessment-1-First3DSNFAdmission-Observation-38.html","title":"Assessment-1-First3DSNFAdmission-Observation-38","generation":"generated"},{"nameUrl":"Observation-Assessment-1-First3DSNFAdmission-Observation-39.html","title":"Assessment-1-First3DSNFAdmission-Observation-39","generation":"generated"},{"nameUrl":"Observation-Assessment-1-First3DSNFAdmission-Observation-5.html","title":"Assessment-1-First3DSNFAdmission-Observation-5","generation":"generated"},{"nameUrl":"Observation-Assessment-1-First3DSNFAdmission-Observation-9.html","title":"Assessment-1-First3DSNFAdmission-Observation-9","generation":"generated"},{"nameUrl":"Observation-Assessment-2-Last3DSNFStay.html","title":"Assessment-2-Last3DSNFStay","generation":"generated"},{"nameUrl":"Observation-Assessment-2-Last3DSNFStay-Observation-10.html","title":"Assessment-2-Last3DSNFStay-Observation-10","generation":"generated"},{"nameUrl":"Observation-Assessment-2-Last3DSNFStay-Observation-2.html","title":"Assessment-2-Last3DSNFStay-Observation-2","generation":"generated"},{"nameUrl":"Observation-Assessment-2-Last3DSNFStay-Observation-6.html","title":"Assessment-2-Last3DSNFStay-Observation-6","generation":"generated"},{"nameUrl":"Observation-Assessment-3-HHStartOfCarePerf.html","title":"Assessment-3-HHStartOfCarePerf","generation":"generated"},{"nameUrl":"Observation-Assessment-3-HHStartOfCarePerf-Observation-11.html","title":"Assessment-3-HHStartOfCarePerf-Observation-11","generation":"generated"},{"nameUrl":"Observation-Assessment-3-HHStartOfCarePerf-Observation-3.html","title":"Assessment-3-HHStartOfCarePerf-Observation-3","generation":"generated"},{"nameUrl":"Observation-Assessment-3-HHStartOfCarePerf-Observation-7.html","title":"Assessment-3-HHStartOfCarePerf-Observation-7","generation":"generated"},{"nameUrl":"Observation-Assessment-4-HHDischargePerf.html","title":"Assessment-4-HHDischargePerf","generation":"generated"},{"nameUrl":"Observation-Assessment-4-HHDischargePerf-Observation-12.html","title":"Assessment-4-HHDischargePerf-Observation-12","generation":"generated"},{"nameUrl":"Observation-Assessment-4-HHDischargePerf-Observation-4.html","title":"Assessment-4-HHDischargePerf-Observation-4","generation":"generated"},{"nameUrl":"Observation-Assessment-4-HHDischargePerf-Observation-8.html","title":"Assessment-4-HHDischargePerf-Observation-8","generation":"generated"},{"nameUrl":"Patient-BetsySmith.html","title":"BetsySmith","generation":"generated"},{"nameUrl":"Observation-BetsySmith-2019-03-25-Within3DSNFAdmission.html","title":"BetsySmith-2019-03-25-Within3DSNFAdmission","generation":"generated"},{"nameUrl":"Observation-BetsySmith-2019-04-06-Last3DSNFStay.html","title":"BetsySmith-2019-04-06-Last3DSNFStay","generation":"generated"},{"nameUrl":"Observation-BetsySmith-2019-04-07-HHStartCarePerformance.html","title":"BetsySmith-2019-04-07-HHStartCarePerformance","generation":"generated"},{"nameUrl":"Observation-BetsySmith-2019-05-03-HHDischargePerformance.html","title":"BetsySmith-2019-05-03-HHDischargePerformance","generation":"generated"},{"nameUrl":"QuestionnaireResponse-BetsySmith-HHDischargePerformance-CAM-Response.html","title":"BetsySmith-HHDischargePerformance-CAM-Response","generation":"generated"},{"nameUrl":"Observation-BetsySmith-HHDischargePerformance-CAM01-MentalStatusChange.html","title":"BetsySmith-HHDischargePerformance-CAM01-MentalStatusChange","generation":"generated"},{"nameUrl":"Observation-BetsySmith-HHDischargePerformance-CAM02-Inattention.html","title":"BetsySmith-HHDischargePerformance-CAM02-Inattention","generation":"generated"},{"nameUrl":"Observation-BetsySmith-HHDischargePerformance-CAM03-DisorganizedThinking.html","title":"BetsySmith-HHDischargePerformance-CAM03-DisorganizedThinking","generation":"generated"},{"nameUrl":"Observation-BetsySmith-HHDischargePerformance-CAM04-AlteredConsciousness.html","title":"BetsySmith-HHDischargePerformance-CAM04-AlteredConsciousness","generation":"generated"},{"nameUrl":"QuestionnaireResponse-BetsySmith-HHStartCarePerformance-CAM-Response.html","title":"BetsySmith-HHStartCarePerformance-CAM-Response","generation":"generated"},{"nameUrl":"Observation-BetsySmith-HHStartCarePerformance-CAM01-MentalStatusChange.html","title":"BetsySmith-HHStartCarePerformance-CAM01-MentalStatusChange","generation":"generated"},{"nameUrl":"Observation-BetsySmith-HHStartCarePerformance-CAM02-Inattention.html","title":"BetsySmith-HHStartCarePerformance-CAM02-Inattention","generation":"generated"},{"nameUrl":"Observation-BetsySmith-HHStartCarePerformance-CAM03-DisorganizedThinking.html","title":"BetsySmith-HHStartCarePerformance-CAM03-DisorganizedThinking","generation":"generated"},{"nameUrl":"Observation-BetsySmith-HHStartCarePerformance-CAM04-AlteredConsciousness.html","title":"BetsySmith-HHStartCarePerformance-CAM04-AlteredConsciousness","generation":"generated"},{"nameUrl":"QuestionnaireResponse-BetsySmith-Last3DSNFStay-CAM-Response.html","title":"BetsySmith-Last3DSNFStay-CAM-Response","generation":"generated"},{"nameUrl":"Observation-BetsySmith-Last3DSNFStay-CAM01-MentalStatusChange.html","title":"BetsySmith-Last3DSNFStay-CAM01-MentalStatusChange","generation":"generated"},{"nameUrl":"Observation-BetsySmith-Last3DSNFStay-CAM02-Inattention.html","title":"BetsySmith-Last3DSNFStay-CAM02-Inattention","generation":"generated"},{"nameUrl":"Observation-BetsySmith-Last3DSNFStay-CAM03-DisorganizedThinking.html","title":"BetsySmith-Last3DSNFStay-CAM03-DisorganizedThinking","generation":"generated"},{"nameUrl":"Observation-BetsySmith-Last3DSNFStay-CAM04-AlteredConsciousness.html","title":"BetsySmith-Last3DSNFStay-CAM04-AlteredConsciousness","generation":"generated"},{"nameUrl":"QuestionnaireResponse-BetsySmith-Within3DSNFAdmission-CAM-Response.html","title":"BetsySmith-Within3DSNFAdmission-CAM-Response","generation":"generated"},{"nameUrl":"Observation-BetsySmith-Within3DSNFAdmission-CAM01-MentalStatusChange.html","title":"BetsySmith-Within3DSNFAdmission-CAM01-MentalStatusChange","generation":"generated"},{"nameUrl":"Observation-BetsySmith-Within3DSNFAdmission-CAM02-Inattention.html","title":"BetsySmith-Within3DSNFAdmission-CAM02-Inattention","generation":"generated"},{"nameUrl":"Observation-BetsySmith-Within3DSNFAdmission-CAM03-DisorganizedThinking.html","title":"BetsySmith-Within3DSNFAdmission-CAM03-DisorganizedThinking","generation":"generated"},{"nameUrl":"Observation-BetsySmith-Within3DSNFAdmission-CAM04-AlteredConsciousness.html","title":"BetsySmith-Within3DSNFAdmission-CAM04-AlteredConsciousness","generation":"generated"},{"nameUrl":"Encounter-CMS-Encounter-01.html","title":"CMS-Encounter-01","generation":"generated"},{"nameUrl":"Encounter-CMS-Encounter-02.html","title":"CMS-Encounter-02","generation":"generated"},{"nameUrl":"Encounter-CMS-Encounter-03.html","title":"CMS-Encounter-03","generation":"generated"},{"nameUrl":"Encounter-CMS-Encounter-04.html","title":"CMS-Encounter-04","generation":"generated"},{"nameUrl":"Location-CMS-Location-PTRES.html","title":"CMS-Location-PTRES","generation":"generated"},{"nameUrl":"Location-CMS-Location-SNF.html","title":"CMS-Location-SNF","generation":"generated"},{"nameUrl":"Organization-CMS-Organization-01.html","title":"CMS-Organization-01","generation":"generated"},{"nameUrl":"Organization-CMS-Organization-02.html","title":"CMS-Organization-02","generation":"generated"},{"nameUrl":"Practitioner-CMS-Practitioner-01.html","title":"CMS-Practitioner-01","generation":"generated"},{"nameUrl":"Practitioner-CMS-Practitioner-02.html","title":"CMS-Practitioner-02","generation":"generated"},{"nameUrl":"Organization-HappyNursingFacility.html","title":"HappyNursingFacility","generation":"generated"},{"nameUrl":"Location-HappyNursingFacility-Loc.html","title":"HappyNursingFacility-Loc","generation":"generated"},{"nameUrl":"Practitioner-HoneyJones.html","title":"HoneyJones","generation":"generated"},{"nameUrl":"Practitioner-LunaBaskin.html","title":"LunaBaskin","generation":"generated"},{"nameUrl":"QuestionnaireResponse-QuestionnaireResponse-1-First3DSNFAdmission.html","title":"QuestionnaireResponse-1-First3DSNFAdmission","generation":"generated"},{"nameUrl":"QuestionnaireResponse-QuestionnaireResponse-2-Last3DSNFStay.html","title":"QuestionnaireResponse-2-Last3DSNFStay","generation":"generated"},{"nameUrl":"QuestionnaireResponse-QuestionnaireResponse-3-HHStartOfCarePerf.html","title":"QuestionnaireResponse-3-HHStartOfCarePerf","generation":"generated"},{"nameUrl":"QuestionnaireResponse-QuestionnaireResponse-4-HHDischargePerf.html","title":"QuestionnaireResponse-4-HHDischargePerf","generation":"generated"},{"nameUrl":"Practitioner-ScottDumble.html","title":"ScottDumble","generation":"generated"},{"nameUrl":"Organization-SkyHarborHomeHealthServices.html","title":"SkyHarborHomeHealthServices","generation":"generated"},{"nameUrl":"Location-SkyHarborHomeHealthServices-Loc.html","title":"SkyHarborHomeHealthServices-Loc","generation":"generated"}]}]},"parameter":[{"code":"path-resource","value":"input/capabilities"},{"code":"path-resource","value":"input/examples"},{"code":"path-resource","value":"input/extensions"},{"code":"path-resource","value":"input/models"},{"code":"path-resource","value":"input/operations"},{"code":"path-resource","value":"input/profiles"},{"code":"path-resource","value":"input/resources"},{"code":"path-resource","value":"input/vocabulary"},{"code":"path-resource","value":"input/maps"},{"code":"path-resource","value":"input/testing"},{"code":"path-pages","value":"template/config"},{"code":"path-pages","value":"input/images"},{"code":"path-tx-cache","value":"input-cache/txcache"}]}}