{
  "resourceType": "Observation",
  "id": "CSC-SNF-PHQ9-1-Ob-Question-23",
  "meta": {
    "profile": [
      "http://paciowg.github.io/cognitive-status-ig/StructureDefinition/pacio-cs"
    ]
  },
  "text": {
    "status": "extensions",
    "div": "<div xmlns=\"http://www.w3.org/1999/xhtml\"><p><b>Generated Narrative</b></p><p><b>ObservationEventLocation</b>: <a href=\"Location-Org-Loc-03.html\">Generated Summary: status: active; name: Sky Harbor Home Health Services</a></p><p></p><p><b>category</b>: <span title=\"Codes: {http://paciowg.github.io/cognitive-status-ig/CodeSystem/pacio-cat-cs functioning}\">Functioning</span>, <span title=\"Codes: {http://terminology.hl7.org/CodeSystem/observation-category survey}\">Survey</span></p><p><b>code</b>: <span title=\"Codes: {http://loinc.org 54648-1}\">Trouble concentrating on things</span></p><p><b>subject</b>: <a href=\"Patient-patientBSJ1.html\">Generated Summary: Betsy Smith-Johnson</a></p><p><b>effective</b>: Jul 11, 2020, 9:30:00 AM</p><p><b>performer</b>: <a href=\"PractitionerRole-Role-SLP-LunaBaskins.html\">Generated Summary: active; <span title=\"Codes: {http://snomed.info/sct 159026005}\">Speech and language therapist</span></a></p><p><b>value</b>: <span title=\"Codes: {http://loinc.org LA32-8}\">No</span></p><p><b>derivedFrom</b>: <a href=\"QuestionnaireResponse-QResponse-SNF-PHQ9-1.html\">Generated Summary: questionnaire: http://paciowg.github.io/cognitive-status-ig/MDS3.0-NC-1.17; status: completed; authored: Jul 11, 2020, 9:30:00 AM</a></p></div>"
  },
  "extension": [
    {
      "url": "http://paciowg.github.io/cognitive-status-ig/StructureDefinition/event-location",
      "valueReference": {
        "reference": "Location/Org-Loc-03"
      }
    }
  ],
  "status": "final",
  "category": [
    {
      "coding": [
        {
          "system": "http://paciowg.github.io/cognitive-status-ig/CodeSystem/pacio-cat-cs",
          "code": "functioning",
          "display": "Functioning"
        }
      ]
    },
    {
      "coding": [
        {
          "system": "http://terminology.hl7.org/CodeSystem/observation-category",
          "code": "survey"
        }
      ]
    }
  ],
  "code": {
    "coding": [
      {
        "system": "http://loinc.org",
        "code": "54648-1",
        "display": "Trouble concentrating on things, such as reading the newspaper or watching television in last 2 weeks.presence [Reported PHQ-9 CMS]"
      }
    ],
    "text": "Trouble concentrating on things"
  },
  "subject": {
    "reference": "Patient/patientBSJ1"
  },
  "effectiveDateTime": "2020-07-11T11:30:00-05:00",
  "performer": [
    {
      "reference": "PractitionerRole/Role-SLP-LunaBaskins"
    }
  ],
  "valueCodeableConcept": {
    "coding": [
      {
        "system": "http://loinc.org",
        "code": "LA32-8",
        "display": "No"
      }
    ],
    "text": "No"
  },
  "derivedFrom": [
    {
      "reference": "QuestionnaireResponse/QResponse-SNF-PHQ9-1"
    }
  ]
}