{
  "resourceType": "Observation",
  "id": "BCS-SNF-CAM-Discharge-1-Ob-Question-4",
  "meta": {
    "profile": [
      "https://paciowg.github.io/cognitive-status-ig/StructureDefinition/pacio-cs"
    ]
  },
  "text": {
    "status": "generated",
    "div": "<div xmlns=\"http://www.w3.org/1999/xhtml\"><p><b>Generated Narrative</b></p><p><b>id</b>: BCS-SNF-CAM-Discharge-1-Ob-Question-4</p><p><b>meta</b>: </p><p></p><p><b>code</b>: <span title=\"Codes: {http://loinc.org 54628-3}\">Inattention - Did the resident have difficulty focusing attention, for example, being easily distractible or having difficulty keeping track of what was being said?</span></p><p><b>subject</b>: <a href=\"Patient-patientBSJ1.html\">Generated Summary: id: patientBSJ1; Betsy Smith-Johnson </a></p><p><b>effective</b>: Apr 23, 2020 7:00:00 PM</p><p><b>performer</b>: </p><ul><li><a href=\"Practitioner-Practitioner-HoneyJones.html\">Generated Summary: id: Practitioner-HoneyJones; active; Honey Jones ; gender: female</a></li><li><a href=\"Role-RN\">Role-RN</a></li><li><a href=\"Organization-Org-02.html\">Organization. Generated Summary: id: Org-02; name: Happy Nursing Facility</a></li></ul><p><b>value</b>: <span title=\"Codes: {http://loinc.org LA10992-8}\">Behavior continuously present, does not fluctuate</span></p><p><b>derivedFrom</b>: <a href=\"QuestionnaireResponse-QResponse-SNF-CAM-Discharge-1.html\">Generated Summary: id: QResponse-SNF-CAM-Discharge-1; questionnaire: https://api.logicahealth.org/PACIO/open/Questionnaire/MDS3.0-NC-1.17; status: completed; authored: Apr 23, 2020 7:00:00 PM</a></p></div>"
  },
  "extension": [
    {
      "url": "http://hl7.org/fhir/StructureDefinition/event-location",
      "valueReference": {
        "reference": "Location/Org-Loc-02"
      }
    }
  ],
  "status": "final",
  "code": {
    "coding": [
      {
        "system": "http://loinc.org",
        "code": "54628-3",
        "display": "Did the patient have difficulty focusing attention, for example being easily distractible, or having difficulty keeping track of what was being said?"
      }
    ],
    "text": "Inattention - Did the resident have difficulty focusing attention, for example, being easily distractible or having difficulty keeping track of what was being said?"
  },
  "subject": {
    "reference": "Patient/patientBSJ1"
  },
  "effectiveDateTime": "2020-04-23T14:00:00-05:00",
  "performer": [
    {
      "reference": "Practitioner/Practitioner-HoneyJones"
    },
    {
      "reference": "Role-RN"
    },
    {
      "reference": "Organization/Org-02",
      "display": "Organization"
    }
  ],
  "valueCodeableConcept": {
    "coding": [
      {
        "system": "http://loinc.org",
        "code": "LA10992-8",
        "display": "Behavior continuously present, does not fluctuate"
      }
    ],
    "text": "Behavior continuously present, does not fluctuate"
  },
  "derivedFrom": [
    {
      "reference": "QuestionnaireResponse/QResponse-SNF-CAM-Discharge-1"
    }
  ]
}