{
  "resourceType": "Observation",
  "id": "Connectathon-Assessment-CS-NursingFacility-PHQ9",
  "meta": {
    "profile": [
      "http://pacioproject.org/StructureDefinition/pacio-bcs"
    ]
  },
  "text": {
    "status": "generated",
    "div": "<div xmlns=\"http://www.w3.org/1999/xhtml\"><p><b>Generated Narrative</b></p><p><b>id</b>: Connectathon-Assessment-CS-NursingFacility-PHQ9</p><p><b>meta</b>: </p><p></p><p><b>category</b>: <span title=\"Codes: {http://terminology.hl7.org/CodeSystem/observation-category survey}\">Survey</span></p><p><b>code</b>: <span title=\"Codes: {http://loinc.org 54635-8}\">Resident Mood Interview (PHQ-9)</span></p><p><b>subject</b>: <a href=\"Patient-patientBSJ1.html\">Generated Summary: id: patientBSJ1; Betsy Smith-Johnson </a></p><p><b>effective</b>: Apr 9, 2020 11:00:00 PM</p><p><b>performer</b>: </p><ul><li><a href=\"Practitioner-Connectathon-Practitioner-HoneyJones.html\">Generated Summary: id: Connectathon-Practitioner-HoneyJones; active; Honey Jones ; gender: female</a></li><li><a href=\"PractitionerRole-Connectathon-Role-RN.html\">Generated Summary: id: Connectathon-Role-RN; active; <span title=\"Codes: {http://snomed.info/sct 224535009}\">Registered Nurse</span></a></li><li><a href=\"Organization-Connectathon-Org-02.html\">Organization. Generated Summary: id: Connectathon-Org-02; name: Happy Nursing Facility</a></li></ul><p><b>value</b>: <span title=\"Codes: \">9</span></p><p><b>hasMember</b>: </p><ul><li><a href=\"Observation-Connectathon-Assessment-CS-NursingFacility-PHQ9-Ob-25.html\">Generated Summary: id: Connectathon-Assessment-CS-NursingFacility-PHQ9-Ob-25; <span title=\"Codes: {http://loinc.org 54636-6}\">Little interest or pleasure in doing things</span>; effective: Apr 9, 2020 11:00:00 PM; <span title=\"Codes: {http://loinc.org LA33-6}\">Yes</span></a></li><li><a href=\"Observation-Connectathon-Assessment-CS-NursingFacility-PHQ9-Ob-26.html\">Generated Summary: id: Connectathon-Assessment-CS-NursingFacility-PHQ9-Ob-26; <span title=\"Codes: {http://loinc.org 54637-4}\">Little interest or pleasure in doing things</span>; effective: Apr 9, 2020 11:00:00 PM; <span title=\"Codes: {http://loinc.org LA10998-5}\">2-6 days (several days)</span></a></li><li><a href=\"Observation-Connectathon-Assessment-CS-NursingFacility-PHQ9-Ob-27.html\">Generated Summary: id: Connectathon-Assessment-CS-NursingFacility-PHQ9-Ob-27; <span title=\"Codes: {http://loinc.org 54638-2}\">Feeling down</span>; effective: Apr 9, 2020 11:00:00 PM; <span title=\"Codes: {http://loinc.org LA33-6}\">Yes</span></a></li><li><a href=\"Observation-Connectathon-Assessment-CS-NursingFacility-PHQ9-Ob-28.html\">Generated Summary: id: Connectathon-Assessment-CS-NursingFacility-PHQ9-Ob-28; <span title=\"Codes: {http://loinc.org 54639-0}\">Feeling down</span>; effective: Apr 9, 2020 11:00:00 PM; <span title=\"Codes: {http://loinc.org LA10998-5}\">2-6 days (several days)</span></a></li><li><a href=\"Observation-Connectathon-Assessment-CS-NursingFacility-PHQ9-Ob-29.html\">Generated Summary: id: Connectathon-Assessment-CS-NursingFacility-PHQ9-Ob-29; <span title=\"Codes: {http://loinc.org 54640-8}\">Trouble falling or staying asleep</span>; effective: Apr 9, 2020 11:00:00 PM; <span title=\"Codes: {http://loinc.org LA33-6}\">Yes</span></a></li><li><a href=\"Observation-Connectathon-Assessment-CS-NursingFacility-PHQ9-Ob-30.html\">Generated Summary: id: Connectathon-Assessment-CS-NursingFacility-PHQ9-Ob-30; <span title=\"Codes: {http://loinc.org 54641-6}\">Trouble falling or staying asleep</span>; effective: Apr 9, 2020 11:00:00 PM; <span title=\"Codes: {http://loinc.org LA10998-5}\">2-6 days (several days)</span></a></li><li><a href=\"Observation-Connectathon-Assessment-CS-NursingFacility-PHQ9-Ob-31.html\">Generated Summary: id: Connectathon-Assessment-CS-NursingFacility-PHQ9-Ob-31; <span title=\"Codes: {http://loinc.org 54642-4}\">Feeling tired or having little energy</span>; effective: Apr 9, 2020 11:00:00 PM; <span title=\"Codes: {http://loinc.org LA32-8}\">No</span></a></li><li><a href=\"Observation-Connectathon-Assessment-CS-NursingFacility-PHQ9-Ob-32.html\">Generated Summary: id: Connectathon-Assessment-CS-NursingFacility-PHQ9-Ob-32; <span title=\"Codes: {http://loinc.org 54643-2}\">Feeling tired or having little energy</span>; effective: Apr 9, 2020 11:00:00 PM; <span title=\"Codes: {http://loinc.org LA10997-7}\">Never or 1 day</span></a></li><li><a href=\"Observation-Connectathon-Assessment-CS-NursingFacility-PHQ9-Ob-33.html\">Generated Summary: id: Connectathon-Assessment-CS-NursingFacility-PHQ9-Ob-33; <span title=\"Codes: {http://loinc.org 54644-0}\">Poor appetite or overeating</span>; effective: Apr 9, 2020 11:00:00 PM; <span title=\"Codes: {http://loinc.org LA32-8}\">No</span></a></li><li><a href=\"Observation-Connectathon-Assessment-CS-NursingFacility-PHQ9-Ob-34.html\">Generated Summary: id: Connectathon-Assessment-CS-NursingFacility-PHQ9-Ob-34; <span title=\"Codes: {http://loinc.org 54645-7}\">Poor appetite or overeating</span>; effective: Apr 9, 2020 11:00:00 PM; <span title=\"Codes: {http://loinc.org LA10997-7}\">Never or 1 day</span></a></li><li><a href=\"Observation-Connectathon-Assessment-CS-NursingFacility-PHQ9-Ob-35.html\">Generated Summary: id: Connectathon-Assessment-CS-NursingFacility-PHQ9-Ob-35; <span title=\"Codes: {http://loinc.org 54646-5}\">Feeling bad about yourself - or that you are a failure or have let yourself or your family down</span>; effective: Apr 9, 2020 11:00:00 PM; <span title=\"Codes: {http://loinc.org LA32-8}\">No</span></a></li><li><a href=\"Observation-Connectathon-Assessment-CS-NursingFacility-PHQ9-Ob-36.html\">Generated Summary: id: Connectathon-Assessment-CS-NursingFacility-PHQ9-Ob-36; <span title=\"Codes: {http://loinc.org 54647-3}\">Feeling bad about yourself - or that you are a failure or have let yourself or your family down</span>; effective: Apr 9, 2020 11:00:00 PM; <span title=\"Codes: {http://loinc.org LA10997-7}\">Never or 1 day</span></a></li><li><a href=\"Observation-Connectathon-Assessment-CS-NursingFacility-PHQ9-Ob-37.html\">Generated Summary: id: Connectathon-Assessment-CS-NursingFacility-PHQ9-Ob-37; <span title=\"Codes: {http://loinc.org 54648-1}\">Trouble concentrating on things</span>; effective: Apr 9, 2020 11:00:00 PM; <span title=\"Codes: {http://loinc.org LA32-8}\">No</span></a></li><li><a href=\"Observation-Connectathon-Assessment-CS-NursingFacility-PHQ9-Ob-38.html\">Generated Summary: id: Connectathon-Assessment-CS-NursingFacility-PHQ9-Ob-38; <span title=\"Codes: {http://loinc.org 54649-9}\">Trouble concentrating on things</span>; effective: Apr 9, 2020 11:00:00 PM; <span title=\"Codes: {http://loinc.org LA10997-7}\">Never or 1 day</span></a></li><li><a href=\"Observation-Connectathon-Assessment-CS-NursingFacility-PHQ9-Ob-39.html\">Generated Summary: id: Connectathon-Assessment-CS-NursingFacility-PHQ9-Ob-39; <span title=\"Codes: {http://loinc.org 54650-7}\">Moving or speaking so slowly that other people could have noticed. Or the opposite - being so fidgety or restless that you have been moving around a lot more than usual</span>; effective: Apr 9, 2020 11:00:00 PM; <span title=\"Codes: {http://loinc.org LA32-8}\">No</span></a></li><li><a href=\"Observation-Connectathon-Assessment-CS-NursingFacility-PHQ9-Ob-40.html\">Generated Summary: id: Connectathon-Assessment-CS-NursingFacility-PHQ9-Ob-40; <span title=\"Codes: {http://loinc.org 54651-5}\">Moving or speaking so slowly that other people could have noticed. Or the opposite - being so fidgety or restless that you have been moving around a lot more than usual</span>; effective: Apr 9, 2020 11:00:00 PM; <span title=\"Codes: {http://loinc.org LA10997-7}\">Never or 1 day</span></a></li><li><a href=\"Observation-Connectathon-Assessment-CS-NursingFacility-PHQ9-Ob-41.html\">Generated Summary: id: Connectathon-Assessment-CS-NursingFacility-PHQ9-Ob-41; <span title=\"Codes: {http://loinc.org 54652-3}\">Thoughts that you would be better off dead</span>; effective: Apr 9, 2020 11:00:00 PM; <span title=\"Codes: {http://loinc.org LA32-8}\">No</span></a></li><li><a href=\"Observation-Connectathon-Assessment-CS-NursingFacility-PHQ9-Ob-42.html\">Generated Summary: id: Connectathon-Assessment-CS-NursingFacility-PHQ9-Ob-42; <span title=\"Codes: {http://loinc.org 54653-1}\">Thoughts that you would be better off dead</span>; effective: Apr 9, 2020 11:00:00 PM; <span title=\"Codes: {http://loinc.org LA10997-7}\">Never or 1 day</span></a></li></ul><p><b>derivedFrom</b>: <a href=\"QuestionnaireResponse-Connectathon-QuestResponse-CS-NursingFacility-PHQ9.html\">Questionnaire Response. Generated Summary: id: Connectathon-QuestResponse-CS-NursingFacility-PHQ9; questionnaire: https://api.logicahealth.org/PACIO/open/Questionnaire/MDS3.0-NC-1.17; status: completed; authored: Apr 9, 2020 11:00:00 PM</a></p></div>"
  },
  "extension": [
    {
      "url": "http://hl7.org/fhir/StructureDefinition/event-location",
      "valueReference": {
        "reference": "Location/Connectathon-Org-Loc-02"
      }
    }
  ],
  "status": "final",
  "category": [
    {
      "coding": [
        {
          "system": "http://terminology.hl7.org/CodeSystem/observation-category",
          "code": "survey"
        }
      ]
    }
  ],
  "code": {
    "coding": [
      {
        "system": "http://loinc.org",
        "code": "54635-8",
        "display": "Resident Mood Interview (PHQ-9)"
      }
    ]
  },
  "subject": {
    "reference": "Patient/patientBSJ1"
  },
  "effectiveDateTime": "2020-04-09T18:00:00-05:00",
  "performer": [
    {
      "reference": "Practitioner/Connectathon-Practitioner-HoneyJones"
    },
    {
      "reference": "PractitionerRole/Connectathon-Role-RN"
    },
    {
      "reference": "Organization/Connectathon-Org-02",
      "display": "Organization"
    }
  ],
  "valueCodeableConcept": {
    "coding": [
      {
        "display": "Total Severity Score"
      }
    ],
    "text": "9"
  },
  "hasMember": [
    {
      "reference": "Observation/Connectathon-Assessment-CS-NursingFacility-PHQ9-Ob-25"
    },
    {
      "reference": "Observation/Connectathon-Assessment-CS-NursingFacility-PHQ9-Ob-26"
    },
    {
      "reference": "Observation/Connectathon-Assessment-CS-NursingFacility-PHQ9-Ob-27"
    },
    {
      "reference": "Observation/Connectathon-Assessment-CS-NursingFacility-PHQ9-Ob-28"
    },
    {
      "reference": "Observation/Connectathon-Assessment-CS-NursingFacility-PHQ9-Ob-29"
    },
    {
      "reference": "Observation/Connectathon-Assessment-CS-NursingFacility-PHQ9-Ob-30"
    },
    {
      "reference": "Observation/Connectathon-Assessment-CS-NursingFacility-PHQ9-Ob-31"
    },
    {
      "reference": "Observation/Connectathon-Assessment-CS-NursingFacility-PHQ9-Ob-32"
    },
    {
      "reference": "Observation/Connectathon-Assessment-CS-NursingFacility-PHQ9-Ob-33"
    },
    {
      "reference": "Observation/Connectathon-Assessment-CS-NursingFacility-PHQ9-Ob-34"
    },
    {
      "reference": "Observation/Connectathon-Assessment-CS-NursingFacility-PHQ9-Ob-35"
    },
    {
      "reference": "Observation/Connectathon-Assessment-CS-NursingFacility-PHQ9-Ob-36"
    },
    {
      "reference": "Observation/Connectathon-Assessment-CS-NursingFacility-PHQ9-Ob-37"
    },
    {
      "reference": "Observation/Connectathon-Assessment-CS-NursingFacility-PHQ9-Ob-38"
    },
    {
      "reference": "Observation/Connectathon-Assessment-CS-NursingFacility-PHQ9-Ob-39"
    },
    {
      "reference": "Observation/Connectathon-Assessment-CS-NursingFacility-PHQ9-Ob-40"
    },
    {
      "reference": "Observation/Connectathon-Assessment-CS-NursingFacility-PHQ9-Ob-41"
    },
    {
      "reference": "Observation/Connectathon-Assessment-CS-NursingFacility-PHQ9-Ob-42"
    }
  ],
  "derivedFrom": [
    {
      "reference": "QuestionnaireResponse/Connectathon-QuestResponse-CS-NursingFacility-PHQ9",
      "display": "Questionnaire Response"
    }
  ]
}