{
  "resourceType": "Observation",
  "id": "BSJ-Prior-Level-Of-Cognitive-Function-1",
  "meta": {
    "profile": [
      "http://hl7.org/fhir/us/pacio-cs/StructureDefinition/pacio-plcf"
    ]
  },
  "text": {
    "status": "additional",
    "div": "<div xmlns=\"http://www.w3.org/1999/xhtml\">Alert and oriented x 3. She is independent in household finances, social and community activities, coeherent and appropriate communication. Appropriate attire for location and weather.</div>"
  },
  "extension": [
    {
      "url": "http://hl7.org/fhir/us/pacio-cs/StructureDefinition/assistance-required",
      "valueCodeableConcept": {
        "text": "Independent"
      }
    },
    {
      "url": "http://hl7.org/fhir/StructureDefinition/event-location",
      "valueReference": {
        "reference": "Location/provider-org-loc-01"
      }
    }
  ],
  "status": "final",
  "category": [
    {
      "coding": [
        {
          "system": "http://terminology.hl7.org/CodeSystem/observation-category",
          "code": "laboratory"
        }
      ]
    }
  ],
  "code": {
    "coding": [
      {
        "system": "http://loinc.org",
        "code": "11332-4",
        "display": "History of Cognitive Function Narrative"
      }
    ]
  },
  "subject": {
    "reference": "Patient/patientBSJ1"
  },
  "effectivePeriod": {
    "start": "2019-07-01",
    "end": "2020-11-30"
  },
  "performer": [
    {
      "reference": "Practitioner/Practitioner-JohnSmith"
    },
    {
      "reference": "PractitionerRole/provider-role-pcp"
    },
    {
      "reference": "Organization/provider-org-01",
      "display": "Organization"
    }
  ]
}