{
  "resourceType": "Observation",
  "id": "BCS-Hospital-MOCA-1",
  "meta": {
    "profile": [
      "http://hl7.org/fhir/us/pacio-cs/StructureDefinition/pacio-bcs"
    ]
  },
  "text": {
    "status": "extensions",
    "div": "<div xmlns=\"http://www.w3.org/1999/xhtml\"><p><b>Generated Narrative</b></p><h3>Ids</h3><table class=\"grid\"><tr><td>-</td></tr><tr><td>*</td></tr></table><h3>Meta</h3><table class=\"grid\"><tr><td>-</td></tr><tr><td>*</td></tr></table><p><b>Event Location</b>: </p><p></p><p><b>category</b>: <span title=\"Codes: {http://terminology.hl7.org/CodeSystem/observation-category survey}\">Survey</span>, <span title=\"Codes: {http://terminology.hl7.org/CodeSystem/observation-category laboratory}\">Laboratory</span></p><p><b>code</b>: <span title=\"Codes: {http://loinc.org 72133-2}\">Montreal Cognitive Assessment [MoCA]</span></p><p><b>subject</b>: <a href=\"Patient-patientBSJ1.html\">Generated Summary: Betsy Smith-Johnson </a></p><p><b>effective</b>: Jul 8, 2020 3:32:00 PM</p><p><b>performer</b>: </p><ul><li><a href=\"Practitioner-Practitioner-JennyGlass.html\">Generated Summary: active; Jenny Glass ; gender: female</a></li><li><a href=\"PractitionerRole-Role-SLP.html\">Generated Summary: active; <span title=\"Codes: {http://snomed.info/sct 159026005}\">Speech and language therapist</span></a></li><li><a href=\"Organization-Org-01.html\">Organization. Generated Summary: name: San Antonio General Hospital</a></li></ul><p><b>value</b>: <span title=\"Codes: \">18</span></p><p><b>derivedFrom</b>: <a href=\"QuestionnaireResponse-QResponse-Hospital-MOCA-1.html\">Questionnaire Response. Generated Summary: status: completed; authored: Jul 8, 2020 3:32:00 PM</a></p></div>"
  },
  "extension": [
    {
      "url": "http://hl7.org/fhir/StructureDefinition/event-location",
      "valueReference": {
        "reference": "Location/Org-Loc-01"
      }
    }
  ],
  "status": "final",
  "category": [
    {
      "coding": [
        {
          "system": "http://terminology.hl7.org/CodeSystem/observation-category",
          "code": "survey"
        }
      ]
    },
    {
      "coding": [
        {
          "system": "http://terminology.hl7.org/CodeSystem/observation-category",
          "code": "laboratory"
        }
      ]
    }
  ],
  "code": {
    "coding": [
      {
        "system": "http://loinc.org",
        "code": "72133-2",
        "display": "Montreal Cognitive Assessment [MoCA]"
      }
    ]
  },
  "subject": {
    "reference": "Patient/patientBSJ1"
  },
  "effectiveDateTime": "2020-07-08T17:32:00-05:00",
  "performer": [
    {
      "reference": "Practitioner/Practitioner-JennyGlass"
    },
    {
      "reference": "PractitionerRole/Role-SLP"
    },
    {
      "reference": "Organization/Org-01",
      "display": "Organization"
    }
  ],
  "valueCodeableConcept": {
    "coding": [
      {
        "display": "Total score [MoCA]"
      }
    ],
    "text": "18"
  },
  "derivedFrom": [
    {
      "reference": "QuestionnaireResponse/QResponse-Hospital-MOCA-1",
      "display": "Questionnaire Response"
    }
  ]
}