{
  "resourceType": "Observation",
  "id": "BCS-SNF-BIMS-1",
  "meta": {
    "profile": [
      "http://paciowg.github.io/cognitive-status-ig/StructureDefinition/pacio-bcs"
    ]
  },
  "text": {
    "status": "extensions",
    "div": "<div xmlns=\"http://www.w3.org/1999/xhtml\"><p><b>Generated Narrative</b></p><h3>Ids</h3><table class=\"grid\"><tr><td>-</td></tr><tr><td>*</td></tr></table><h3>Meta</h3><table class=\"grid\"><tr><td>-</td></tr><tr><td>*</td></tr></table><p><b>Event Location</b>: </p><p></p><p><b>category</b>: <span title=\"Codes: {http://terminology.hl7.org/CodeSystem/observation-category survey}\">Survey</span></p><p><b>code</b>: <span title=\"Codes: {http://loinc.org 52491-8}\">Brief interview for mental status [BIMS]</span></p><p><b>subject</b>: <a href=\"Patient-patientBSJ1.html\">Generated Summary: Betsy Smith-Johnson </a></p><p><b>effective</b>: Jul 11, 2020 9:30:00 AM</p><p><b>performer</b>: </p><ul><li><a href=\"Practitioner-Practitioner-HoneyJones.html\">Generated Summary: active; Honey Jones ; gender: female</a></li><li><a href=\"PractitionerRole-Role-SLP.html\">Generated Summary: active; <span title=\"Codes: {http://snomed.info/sct 159026005}\">Speech and language therapist</span></a></li><li><a href=\"Organization-Org-02.html\">Organization. Generated Summary: name: Happy Nursing Facility</a></li></ul><p><b>value</b>: <span title=\"Codes: \">9</span></p><p><b>hasMember</b>: </p><ul><li><a href=\"Observation-BCS-SNF-BIMS-1-Ob-Question-1.html\">Generated Summary: <span title=\"Codes: {http://loinc.org 52731-7}\">Repetition of three words # [BIMS]</span>; effective: Jul 11, 2020 9:30:00 AM; <span title=\"Codes: {http://loinc.org LA6395-3}\">Three</span></a></li><li><a href=\"Observation-BCS-SNF-BIMS-1-Ob-Question-2.html\">Generated Summary: <span title=\"Codes: {http://loinc.org 52732-5}\">Temporal orientation - current year [BIMS]</span>; effective: Jul 11, 2020 9:30:00 AM; <span title=\"Codes: {http://loinc.org LA10008-3}\">Missed by 1 year</span></a></li><li><a href=\"Observation-BCS-SNF-BIMS-1-Ob-Question-3.html\">Generated Summary: <span title=\"Codes: {http://loinc.org 52733-3}\">Temporal orientation - current month [BIMS]</span>; effective: Jul 11, 2020 9:30:00 AM; <span title=\"Codes: {http://loinc.org LA10010-9}\">Missed by 6 days to 1 month</span></a></li><li><a href=\"Observation-BCS-SNF-BIMS-1-Ob-Question-4.html\">Generated Summary: <span title=\"Codes: {http://loinc.org 54609-3}\">Temporal orientation - current day of the week [BIMS]</span>; effective: Jul 11, 2020 9:30:00 AM; <span title=\"Codes: {http://loinc.org LA9960-1}\">Correct</span></a></li><li><a href=\"Observation-BCS-SNF-BIMS-1-Ob-Question-5.html\">Generated Summary: <span title=\"Codes: {http://loinc.org 52735-8}\">Recall - sock [BIMS]</span>; effective: Jul 11, 2020 9:30:00 AM; <span title=\"Codes: {http://loinc.org LA10126-3}\">Yes, after cueing ('something to wear')</span></a></li><li><a href=\"Observation-BCS-SNF-BIMS-1-Ob-Question-6.html\">Generated Summary: <span title=\"Codes: {http://loinc.org 52736-6}\">Recall - blue [BIMS]</span>; effective: Jul 11, 2020 9:30:00 AM; <span title=\"Codes: {http://loinc.org LA10978-7}\">Yes, after cueing ('a color')</span></a></li><li><a href=\"Observation-BCS-SNF-BIMS-1-Ob-Question-7.html\">Generated Summary: <span title=\"Codes: {http://loinc.org 52737-4}\">Recall - bed [BIMS]</span>; effective: Jul 11, 2020 9:30:00 AM; <span title=\"Codes: {http://loinc.org LA10125-5}\">Yes, after cueing ('a piece of furniture')</span></a></li></ul><p><b>derivedFrom</b>: <a href=\"QuestionnaireResponse-QResponse-SNF-BIMS-1.html\">Questionnaire Response. Generated Summary: questionnaire: https://api.logicahealth.org/PACIO/open/Questionnaire/MDS3.0-NC-1.17; status: completed; authored: Jul 11, 2020 9:30:00 AM</a></p></div>"
  },
  "extension": [
    {
      "url": "http://hl7.org/fhir/StructureDefinition/event-location",
      "valueReference": {
        "reference": "Location/Org-Loc-02"
      }
    }
  ],
  "status": "final",
  "category": [
    {
      "coding": [
        {
          "system": "http://terminology.hl7.org/CodeSystem/observation-category",
          "code": "survey"
        }
      ]
    }
  ],
  "code": {
    "coding": [
      {
        "system": "http://loinc.org",
        "code": "52491-8",
        "display": "Brief interview for mental status [BIMS]"
      }
    ]
  },
  "subject": {
    "reference": "Patient/patientBSJ1"
  },
  "effectiveDateTime": "2020-07-11T11:30:00-05:00",
  "performer": [
    {
      "reference": "Practitioner/Practitioner-HoneyJones"
    },
    {
      "reference": "PractitionerRole/Role-SLP"
    },
    {
      "reference": "Organization/Org-02",
      "display": "Organization"
    }
  ],
  "valueCodeableConcept": {
    "coding": [
      {
        "display": "BIMS Summary Score"
      }
    ],
    "text": "9"
  },
  "hasMember": [
    {
      "reference": "Observation/BCS-SNF-BIMS-1-Ob-Question-1"
    },
    {
      "reference": "Observation/BCS-SNF-BIMS-1-Ob-Question-2"
    },
    {
      "reference": "Observation/BCS-SNF-BIMS-1-Ob-Question-3"
    },
    {
      "reference": "Observation/BCS-SNF-BIMS-1-Ob-Question-4"
    },
    {
      "reference": "Observation/BCS-SNF-BIMS-1-Ob-Question-5"
    },
    {
      "reference": "Observation/BCS-SNF-BIMS-1-Ob-Question-6"
    },
    {
      "reference": "Observation/BCS-SNF-BIMS-1-Ob-Question-7"
    }
  ],
  "derivedFrom": [
    {
      "reference": "QuestionnaireResponse/QResponse-SNF-BIMS-1",
      "display": "Questionnaire Response"
    }
  ]
}