{
  "resourceType": "Observation",
  "id": "BetsySmith-2019-03-25-Within3DSNFAdmission",
  "meta": {
    "profile": [
      "http://pacioproject.org/StructureDefinition/pacio-bcs"
    ]
  },
  "text": {
    "status": "generated",
    "div": "<div xmlns=\"http://www.w3.org/1999/xhtml\"><p><b>Generated Narrative with Details</b></p><p><b>id</b>: BetsySmith-2019-03-25-Within3DSNFAdmission</p><p><b>meta</b>: </p><p><b>status</b>: final</p><p><b>category</b>: Survey <span style=\"background: LightGoldenRodYellow\">(Details : {http://terminology.hl7.org/CodeSystem/observation-category code 'survey' = 'Survey', given as 'Survey'})</span></p><p><b>code</b>: MDS v3.0 - RAI v1.17.1 - Interim Payment Assessment (IPA) item set [CMS Assessment] <span style=\"background: LightGoldenRodYellow\">(Details : {LOINC code '90480-5' = 'MDS v3.0 - RAI v1.17.1 - Interim Payment Assessment (IPA) item set [CMS Assessment]', given as 'MDS v3.0 - RAI v1.17.1 - Interim Payment Assessment (IPA) item set [CMS Assessment]'})</span></p><p><b>subject</b>: <a href=\"Patient-BetsySmith.html\">Generated Summary: id: BetsySmith; Betsy Smith ; gender: female; birthDate: 1959-06-14</a></p><p><b>encounter</b>: <a href=\"Encounter-CMS-Encounter-01.html\">Within the first 3 days of SNF admission. Generated Summary: id: CMS-Encounter-01; status: finished; <span title=\"{http://terminology.hl7.org/CodeSystem/v3-ActCode IMP}\">inpatient encounter</span></a></p><p><b>effective</b>: Mar 25, 2019 7:30:00 PM</p><p><b>performer</b>: </p><ul><li><a href=\"Practitioner-CMS-Practitioner-01.html\">Dr. Ed Johnson, MD. Generated Summary: id: CMS-Practitioner-01; active; Ed Johnson ; gender: male</a></li><li><a href=\"Organization-CMS-Organization-01.html\">Organization. Generated Summary: id: CMS-Organization-01; name: Burgers Skilled Nursing Facility</a></li></ul><p><b>hasMember</b>: </p><ul><li><a href=\"Observation-BetsySmith-Within3DSNFAdmission-CAM01-MentalStatusChange.html\">Generated Summary: id: BetsySmith-Within3DSNFAdmission-CAM01-MentalStatusChange; <span title=\"Codes: {http://loinc.org 54632-5}\">Acute onset mental status change</span>; effective: Mar 25, 2019 7:30:00 PM; <span title=\"Codes: {http://loinc.org LA32-8}\">No</span></a></li><li><a href=\"Observation-BetsySmith-Within3DSNFAdmission-CAM02-Inattention.html\">Generated Summary: id: BetsySmith-Within3DSNFAdmission-CAM02-Inattention; <span title=\"Codes: {http://loinc.org 54628-3}\">Inattention in last 7 days</span>; effective: Mar 25, 2019 7:30:00 PM; <span title=\"Codes: {http://loinc.org LA61-7}\">Behavior not present</span></a></li><li><a href=\"Observation-BetsySmith-Within3DSNFAdmission-CAM03-DisorganizedThinking.html\">Generated Summary: id: BetsySmith-Within3DSNFAdmission-CAM03-DisorganizedThinking; <span title=\"Codes: {http://loinc.org 54629-1}\">Disorganized thinking in last 7 days</span>; effective: Mar 25, 2019 7:30:00 PM; <span title=\"Codes: {http://loinc.org LA61-7}\">Behavior not present</span></a></li><li><a href=\"Observation-BetsySmith-Within3DSNFAdmission-CAM04-AlteredConsciousness.html\">Generated Summary: id: BetsySmith-Within3DSNFAdmission-CAM04-AlteredConsciousness; <span title=\"Codes: {http://loinc.org 54630-9}\">Altered level of consciousness in last 7 days</span>; effective: Mar 25, 2019 7:30:00 PM; <span title=\"Codes: {http://loinc.org LA61-7}\">Behavior not present</span></a></li></ul><p><b>derivedFrom</b>: <a href=\"QuestionnaireResponse-BetsySmith-Within3DSNFAdmission-CAM-Response.html\">QuestionnaireResponse. Generated Summary: id: BetsySmith-Within3DSNFAdmission-CAM-Response; questionnaire: https://api.logicahealth.org/PACIO/open/Questionnaire/MDS3.0-NC-1.17; status: completed; authored: Mar 25, 2019 7:30:00 PM</a></p></div>"
  },
  "status": "final",
  "category": [
    {
      "coding": [
        {
          "system": "http://terminology.hl7.org/CodeSystem/observation-category",
          "code": "survey",
          "display": "Survey"
        }
      ]
    }
  ],
  "code": {
    "coding": [
      {
        "system": "http://loinc.org",
        "code": "90480-5",
        "display": "MDS v3.0 - RAI v1.17.1 - Interim Payment Assessment (IPA) item set [CMS Assessment]"
      }
    ]
  },
  "subject": {
    "reference": "Patient/BetsySmith"
  },
  "encounter": {
    "reference": "Encounter/CMS-Encounter-01",
    "display": "Within the first 3 days of SNF admission"
  },
  "effectiveDateTime": "2019-03-25T14:30:00-05:00",
  "performer": [
    {
      "reference": "Practitioner/CMS-Practitioner-01",
      "display": "Dr. Ed Johnson, MD"
    },
    {
      "reference": "Organization/CMS-Organization-01",
      "display": "Organization"
    }
  ],
  "hasMember": [
    {
      "reference": "Observation/BetsySmith-Within3DSNFAdmission-CAM01-MentalStatusChange"
    },
    {
      "reference": "Observation/BetsySmith-Within3DSNFAdmission-CAM02-Inattention"
    },
    {
      "reference": "Observation/BetsySmith-Within3DSNFAdmission-CAM03-DisorganizedThinking"
    },
    {
      "reference": "Observation/BetsySmith-Within3DSNFAdmission-CAM04-AlteredConsciousness"
    }
  ],
  "derivedFrom": [
    {
      "reference": "QuestionnaireResponse/BetsySmith-Within3DSNFAdmission-CAM-Response",
      "display": "QuestionnaireResponse"
    }
  ]
}