{
  "resourceType": "Observation",
  "id": "Connectathon-Assessment-CS-NursingFacility-PHQ9-Ob-41",
  "meta": {
    "profile": [
      "http://pacioproject.org/StructureDefinition/pacio-cs"
    ]
  },
  "text": {
    "status": "generated",
    "div": "<div xmlns=\"http://www.w3.org/1999/xhtml\"><p><b>Generated Narrative with Details</b></p><p><b>id</b>: Connectathon-Assessment-CS-NursingFacility-PHQ9-Ob-41</p><p><b>meta</b>: </p><p><b>status</b>: final</p><p><b>code</b>: Thoughts that you would be better off dead <span style=\"background: LightGoldenRodYellow\">(Details : {LOINC code '54652-3' = 'Thoughts that you would be better off dead, or of hurting yourself in some way in last 2 weeks.presence [Reported PHQ-9 CMS]', given as 'Thoughts that you would be better off dead, or of hurting yourself in some way'})</span></p><p><b>subject</b>: <a href=\"Patient-patientBSJ1.html\">Generated Summary: id: patientBSJ1; Betsy Smith-Johnson </a></p><p><b>effective</b>: Apr 9, 2020 11:00:00 PM</p><p><b>performer</b>: </p><ul><li><a href=\"Practitioner-Connectathon-Practitioner-HoneyJones.html\">Generated Summary: id: Connectathon-Practitioner-HoneyJones; active; Honey Jones ; gender: female</a></li><li><a href=\"PractitionerRole-Connectathon-Role-RN.html\">Generated Summary: id: Connectathon-Role-RN; active; <span title=\"Codes: {http://snomed.info/sct 224535009}\">Registered Nurse</span></a></li><li><a href=\"Organization-Connectathon-Org-02.html\">Organization. Generated Summary: id: Connectathon-Org-02; name: Happy Nursing Facility</a></li></ul><p><b>value</b>: No <span style=\"background: LightGoldenRodYellow\">(Details : {LOINC code 'LA32-8' = 'No', given as 'No'})</span></p><p><b>derivedFrom</b>: <a href=\"QuestionnaireResponse-Connectathon-QuestResponse-CS-NursingFacility-PHQ9.html\">Generated Summary: id: Connectathon-QuestResponse-CS-NursingFacility-PHQ9; questionnaire: https://api.logicahealth.org/PACIO/open/Questionnaire/MDS3.0-NC-1.17; status: completed; authored: Apr 9, 2020 11:00:00 PM</a></p></div>"
  },
  "extension": [
    {
      "url": "http://hl7.org/fhir/StructureDefinition/event-location",
      "valueReference": {
        "reference": "Location/Connectathon-Org-Loc-02"
      }
    }
  ],
  "status": "final",
  "code": {
    "coding": [
      {
        "system": "http://loinc.org",
        "code": "54652-3",
        "display": "Thoughts that you would be better off dead, or of hurting yourself in some way"
      }
    ],
    "text": "Thoughts that you would be better off dead"
  },
  "subject": {
    "reference": "Patient/patientBSJ1"
  },
  "effectiveDateTime": "2020-04-09T18:00:00-05:00",
  "performer": [
    {
      "reference": "Practitioner/Connectathon-Practitioner-HoneyJones"
    },
    {
      "reference": "PractitionerRole/Connectathon-Role-RN"
    },
    {
      "reference": "Organization/Connectathon-Org-02",
      "display": "Organization"
    }
  ],
  "valueCodeableConcept": {
    "coding": [
      {
        "system": "http://loinc.org",
        "code": "LA32-8",
        "display": "No"
      }
    ],
    "text": "No"
  },
  "derivedFrom": [
    {
      "reference": "QuestionnaireResponse/Connectathon-QuestResponse-CS-NursingFacility-PHQ9"
    }
  ]
}