{
  "resourceType": "Observation",
  "id": "BCS-SNF-CAM-Admission-1",
  "meta": {
    "profile": [
      "http://hl7.org/fhir/us/pacio-cs/StructureDefinition/pacio-bcs"
    ]
  },
  "text": {
    "status": "extensions",
    "div": "<div xmlns=\"http://www.w3.org/1999/xhtml\"><p><b>Generated Narrative</b></p><h3>Ids</h3><table class=\"grid\"><tr><td>-</td></tr><tr><td>*</td></tr></table><h3>Meta</h3><table class=\"grid\"><tr><td>-</td></tr><tr><td>*</td></tr></table><p><b>Event Location</b>: </p><p></p><p><b>category</b>: <span title=\"Codes: {http://terminology.hl7.org/CodeSystem/observation-category survey}\">Survey</span>, <span title=\"Codes: {http://terminology.hl7.org/CodeSystem/observation-category laboratory}\">Laboratory</span></p><p><b>code</b>: <span title=\"Codes: {http://loinc.org 86585-7}\">MDS v3.0 - RAI v1.17.2 - Signs and symptoms of delirium (from CAM) [CMS Assessment]</span></p><p><b>subject</b>: <a href=\"Patient-patientBSJ1.html\">Generated Summary: Betsy Smith-Johnson </a></p><p><b>effective</b>: Apr 9, 2020 4:00:00 PM</p><p><b>performer</b>: </p><ul><li><a href=\"Practitioner-Practitioner-HoneyJones.html\">Generated Summary: active; Honey Jones ; gender: female</a></li><li><a href=\"PractitionerRole-Role-RN.html\">Generated Summary: active; <span title=\"Codes: {http://snomed.info/sct 224535009}\">Registered Nurse</span></a></li><li><a href=\"Organization-Org-02.html\">Organization. Generated Summary: name: Happy Nursing Facility</a></li></ul><p><b>dataAbsentReason</b>: <span title=\"Codes: {http://terminology.hl7.org/CodeSystem/data-absent-reason not-applicable}\">Not Applicable</span></p><p><b>hasMember</b>: </p><ul><li><a href=\"Observation-BCS-SNF-CAM-Admission-1-Ob-Question-1.html\">Generated Summary: <span title=\"Codes: {http://terminology.hl7.org/CodeSystem/observation-category laboratory}\">Laboratory</span>; <span title=\"Codes: {http://loinc.org 54632-5}\">Acute Onset Mental Status Change. Is there evidence of an acute change in mental status from the resident's baseline?</span>; effective: Apr 9, 2020 4:00:00 PM; <span title=\"Codes: {http://loinc.org LA32-8}\">No</span></a></li><li><a href=\"Observation-BCS-SNF-CAM-Admission-1-Ob-Question-3.html\">Generated Summary: <span title=\"Codes: {http://terminology.hl7.org/CodeSystem/observation-category laboratory}\">Laboratory</span>; <span title=\"Codes: {http://loinc.org 54628-3}\">Inattention - Did the resident have difficulty focusing attention, for example, being easily distractible or having difficulty keeping track of what was being said?</span>; effective: Apr 9, 2020 4:00:00 PM; <span title=\"Codes: {http://loinc.org LA61-7}\">Behavior not present</span></a></li><li><a href=\"Observation-BCS-SNF-CAM-Admission-1-Ob-Question-5.html\">Generated Summary: <span title=\"Codes: {http://terminology.hl7.org/CodeSystem/observation-category laboratory}\">Laboratory</span>; <span title=\"Codes: {http://loinc.org 54629-1}\">Disorganized Thinking - Was the resident's thinking disorganized or incoherent (rambling or irrelevant conversation, unclear or illogical flow of ideas, or unpredictable switching from subject to subject)?</span>; effective: Apr 9, 2020 4:00:00 PM; <span title=\"Codes: {http://loinc.org LA61-7}\">Behavior not present</span></a></li></ul><p><b>derivedFrom</b>: <a href=\"QuestionnaireResponse-QResponse-SNF-CAM-Admission-1.html\">Questionnaire Response. Generated Summary: status: completed; authored: Apr 9, 2020 4:00:00 PM</a></p></div>"
  },
  "extension": [
    {
      "url": "http://hl7.org/fhir/StructureDefinition/event-location",
      "valueReference": {
        "reference": "Location/Org-Loc-02"
      }
    }
  ],
  "status": "final",
  "category": [
    {
      "coding": [
        {
          "system": "http://terminology.hl7.org/CodeSystem/observation-category",
          "code": "survey"
        }
      ]
    },
    {
      "coding": [
        {
          "system": "http://terminology.hl7.org/CodeSystem/observation-category",
          "code": "laboratory"
        }
      ]
    }
  ],
  "code": {
    "coding": [
      {
        "system": "http://loinc.org",
        "code": "86585-7",
        "display": "MDS v3.0 - RAI v1.17.2 - Signs and symptoms of delirium (from CAM) [CMS Assessment]"
      }
    ]
  },
  "subject": {
    "reference": "Patient/patientBSJ1"
  },
  "effectiveDateTime": "2020-04-09T18:00:00-05:00",
  "performer": [
    {
      "reference": "Practitioner/Practitioner-HoneyJones"
    },
    {
      "reference": "PractitionerRole/Role-RN"
    },
    {
      "reference": "Organization/Org-02",
      "display": "Organization"
    }
  ],
  "dataAbsentReason": {
    "coding": [
      {
        "system": "http://terminology.hl7.org/CodeSystem/data-absent-reason",
        "code": "not-applicable"
      }
    ]
  },
  "hasMember": [
    {
      "reference": "Observation/BCS-SNF-CAM-Admission-1-Ob-Question-1"
    },
    {
      "reference": "Observation/BCS-SNF-CAM-Admission-1-Ob-Question-3"
    },
    {
      "reference": "Observation/BCS-SNF-CAM-Admission-1-Ob-Question-5"
    }
  ],
  "derivedFrom": [
    {
      "reference": "QuestionnaireResponse/QResponse-SNF-CAM-Admission-1",
      "display": "Questionnaire Response"
    }
  ]
}