{
  "resourceType": "Practitioner",
  "id": "Connectathon-Practitioner-ScottDumble",
  "text": {
    "status": "generated",
    "div": "<div xmlns=\"http://www.w3.org/1999/xhtml\"><p><b>Generated Narrative with Details</b></p><p><b>id</b>: Connectathon-Practitioner-ScottDumble</p><p><b>active</b>: true</p><p><b>name</b>: Scott Dumble </p><p><b>gender</b>: male</p></div>"
  },
  "active": true,
  "name": [
    {
      "family": "Dumble",
      "given": [
        "Scott"
      ]
    }
  ],
  "gender": "male"
}