{
  "resourceType": "PractitionerRole",
  "id": "Role-SLP",
  "text": {
    "status": "generated",
    "div": "<div xmlns=\"http://www.w3.org/1999/xhtml\"><p><b>Generated Narrative</b></p><p><b>id</b>: Role-SLP</p><p><b>active</b>: true</p><p><b>code</b>: <span title=\"Codes: {http://snomed.info/sct 159026005}\">Speech Language Pathologist</span></p></div>"
  },
  "active": true,
  "code": [
    {
      "coding": [
        {
          "system": "http://snomed.info/sct",
          "code": "159026005",
          "display": "Speech Language Pathologist"
        }
      ]
    }
  ]
}