{
  "resourceType": "QuestionnaireResponse",
  "id": "QResponse-SNF-BIMS-1",
  "meta": {
    "profile": [
      "http://paciowg.github.io/cognitive-status-ig/StructureDefinition/pacio-cognition-qr"
    ]
  },
  "text": {
    "status": "generated",
    "div": "<div xmlns=\"http://www.w3.org/1999/xhtml\"><p><b>Generated Narrative</b></p><p><b>questionnaire</b>: <a href=\"https://api.logicahealth.org/PACIO/open/Questionnaire/MDS3.0-NC-1.17\">https://api.logicahealth.org/PACIO/open/Questionnaire/MDS3.0-NC-1.17</a></p><p><b>status</b>: completed</p><p><b>subject</b>: <a href=\"Patient-patientBSJ1.html\">Generated Summary: Betsy Smith-Johnson </a></p><p><b>authored</b>: Jul 11, 2020 9:30:00 AM</p><blockquote><p><b>item</b></p><h3>Ids</h3><table class=\"grid\"><tr><td>-</td></tr><tr><td>*</td></tr></table><p><b>linkId</b>: Section-3</p><p><b>text</b>: MDS v3.0 - RAI v1.17.2 - Cognitive patterns [CMS Assessment]</p><blockquote><p><b>item</b></p><h3>Ids</h3><table class=\"grid\"><tr><td>-</td></tr><tr><td>*</td></tr></table><p><b>linkId</b>: Section-3/C0200-C0500</p><p><b>text</b>: Brief interview for mental status [BIMS]</p><h3>Items</h3><table class=\"grid\"><tr><td>-</td></tr><tr><td>*</td></tr><tr><td>*</td></tr><tr><td>*</td></tr><tr><td>*</td></tr></table></blockquote></blockquote></div>"
  },
  "questionnaire": "https://api.logicahealth.org/PACIO/open/Questionnaire/MDS3.0-NC-1.17",
  "status": "completed",
  "subject": {
    "reference": "Patient/patientBSJ1"
  },
  "authored": "2020-07-11T11:30:00-05:00",
  "item": [
    {
      "id": "86529-5",
      "linkId": "Section-3",
      "text": "MDS v3.0 - RAI v1.17.2 - Cognitive patterns [CMS Assessment]",
      "item": [
        {
          "id": "52491-8",
          "linkId": "Section-3/C0200-C0500",
          "text": "Brief interview for mental status [BIMS]",
          "item": [
            {
              "id": "52731-7",
              "linkId": "Section-3/C0200",
              "text": "Repetition of three words # [BIMS]",
              "answer": [
                {
                  "valueReference": {
                    "reference": "Observation/BCS-SNF-BIMS-1-Ob-Question-1"
                  }
                }
              ]
            },
            {
              "id": "54510-3",
              "linkId": "Section-3/C0300",
              "text": "Temporal orientation (orientation to year, month, and day) [BIMS]",
              "item": [
                {
                  "id": "52732-5",
                  "linkId": "Section-3/C0300A",
                  "text": "Temporal orientation - current year [BIMS]",
                  "answer": [
                    {
                      "valueReference": {
                        "reference": "Observation/BCS-SNF-BIMS-1-Ob-Question-2"
                      }
                    }
                  ]
                },
                {
                  "id": "52733-3",
                  "linkId": "Section-3/C0300B",
                  "text": "Temporal orientation - current month [BIMS]",
                  "answer": [
                    {
                      "valueReference": {
                        "reference": "Observation/BCS-SNF-BIMS-1-Ob-Question-3"
                      }
                    }
                  ]
                },
                {
                  "id": "54609-3",
                  "linkId": "Section-3/C0300C",
                  "text": "Temporal orientation - current day of the week [BIMS]",
                  "answer": [
                    {
                      "valueReference": {
                        "reference": "Observation/BCS-SNF-BIMS-1-Ob-Question-4"
                      }
                    }
                  ]
                }
              ]
            },
            {
              "id": "52493-4",
              "linkId": "Section-3/C0400",
              "text": "Recall [BIMS]",
              "item": [
                {
                  "id": "52735-8",
                  "linkId": "Section-3/C0400A",
                  "text": "Recall - sock [BIMS]",
                  "answer": [
                    {
                      "valueReference": {
                        "reference": "Observation/BCS-SNF-BIMS-1-Ob-Question-5"
                      }
                    }
                  ]
                },
                {
                  "id": "52736-6",
                  "linkId": "Section-3/C0400B",
                  "text": "Recall - blue [BIMS]",
                  "answer": [
                    {
                      "valueReference": {
                        "reference": "Observation/BCS-SNF-BIMS-1-Ob-Question-6"
                      }
                    }
                  ]
                },
                {
                  "id": "52737-4",
                  "linkId": "Section-3/C0400C",
                  "text": "Recall - bed [BIMS]",
                  "answer": [
                    {
                      "valueReference": {
                        "reference": "Observation/BCS-SNF-BIMS-1-Ob-Question-7"
                      }
                    }
                  ]
                }
              ]
            },
            {
              "id": "54614-3",
              "linkId": "Section-3/C0500",
              "text": "Brief Interview for Mental Status - summary score [BIMS]",
              "answer": [
                {
                  "valueReference": {
                    "reference": "Observation/BCS-SNF-BIMS-1-Ob-Question-8"
                  }
                }
              ]
            }
          ]
        }
      ]
    }
  ]
}