{
  "resourceType": "QuestionnaireResponse",
  "id": "Connectathon-QuestResponse-CS-Hospital-MOCA",
  "meta": {
    "profile": [
      "http://pacioproject.org/StructureDefinition/pacio-cognition-qr"
    ]
  },
  "text": {
    "status": "generated",
    "div": "<div xmlns=\"http://www.w3.org/1999/xhtml\"><p><b>Generated Narrative</b></p><p><b>id</b>: Connectathon-QuestResponse-CS-Hospital-MOCA</p><p><b>meta</b>: </p><p><b>questionnaire</b>: <a href=\"https://api.logicahealth.org/PACIO/open/Questionnaire/MDS3.0-NC-1.17\">https://api.logicahealth.org/PACIO/open/Questionnaire/MDS3.0-NC-1.17</a></p><p><b>status</b>: completed</p><p><b>subject</b>: <a href=\"Patient-patientBSJ1.html\">Generated Summary: id: patientBSJ1; Betsy Smith-Johnson </a></p><p><b>authored</b>: Apr 5, 2020 9:00:00 PM</p><blockquote><p><b>item</b></p><p><b>id</b>: 72133-2</p><p><b>linkId</b>: MoCA</p><p><b>text</b>: Montreal Cognitive Assessment [MoCA]</p><h3>Items</h3><table class=\"grid\"><tr><td>-</td><td><b>Id</b></td></tr><tr><td>*</td><td>72172-0</td></tr></table></blockquote></div>"
  },
  "questionnaire": "https://api.logicahealth.org/PACIO/open/Questionnaire/MDS3.0-NC-1.17",
  "status": "completed",
  "subject": {
    "reference": "Patient/patientBSJ1"
  },
  "authored": "2020-04-05T16:00:00-05:00",
  "item": [
    {
      "id": "72133-2",
      "linkId": "MoCA",
      "text": "Montreal Cognitive Assessment [MoCA]",
      "item": [
        {
          "id": "72172-0",
          "linkId": "MoCA/TotalScore",
          "text": "Total score [MoCA]",
          "answer": [
            {
              "valueReference": {
                "reference": "Observation/Connectathon-Assessment-CS-Hospital-MOCA"
              }
            }
          ]
        }
      ]
    }
  ]
}