{
  "resourceType": "QuestionnaireResponse",
  "id": "QuestionnaireResponse-2-Last3DSNFStay",
  "meta": {
    "profile": [
      "http://pacioproject.org/StructureDefinition/pacio-cognition-qr"
    ]
  },
  "text": {
    "status": "generated",
    "div": "<div xmlns=\"http://www.w3.org/1999/xhtml\"><p><b>Generated Narrative with Details</b></p><p><b>id</b>: QuestionnaireResponse-2-Last3DSNFStay</p><p><b>meta</b>: </p><p><b>questionnaire</b>: <a href=\"Q-MDS3-NC-1.17\">Q-MDS3-NC-1.17</a></p><p><b>status</b>: completed</p><p><b>subject</b>: <a href=\"Patient-BetsySmith.html\">Generated Summary: id: BetsySmith; Betsy Smith ; gender: female; birthDate: 1959-06-14</a></p><p><b>authored</b>: Apr 23, 2020 7:00:00 PM</p><blockquote><p><b>item</b></p><p><b>id</b>: 86529-5</p><p><b>linkId</b>: Section C</p><p><b>text</b>: Cognitive Patterns</p><h3>Items</h3><table class=\"grid\"><tr><td>-</td></tr><tr><td>*</td></tr></table></blockquote></div>"
  },
  "questionnaire": "Q-MDS3-NC-1.17",
  "status": "completed",
  "subject": {
    "reference": "Patient/BetsySmith"
  },
  "authored": "2020-04-23T14:00:00-05:00",
  "item": [
    {
      "id": "86529-5",
      "linkId": "Section C",
      "text": "Cognitive Patterns",
      "item": [
        {
          "id": "86585-7",
          "linkId": "Section C/C1310",
          "text": "Signs and Symptoms of Delirium (from CAM)",
          "item": [
            {
              "id": "54632-5",
              "linkId": "Section C/C1310/C1310A",
              "text": "Is there evidence of an acute change in mental status from the patients baseline?",
              "answer": [
                {
                  "valueReference": {
                    "reference": "Observation/Assessment-2-Last3DSNFStay-Observation-2"
                  }
                }
              ]
            },
            {
              "id": "54628-3",
              "linkId": "Section C/C1310/C1310B",
              "text": "Did the patient have difficulty focusing attention, for example being easily distractible, or having difficulty keeping track of what was being said?",
              "answer": [
                {
                  "valueReference": {
                    "reference": "Observation/Assessment-2-Last3DSNFStay-Observation-6"
                  }
                }
              ]
            },
            {
              "id": "54629-1",
              "linkId": "Section C/C1310/C1310C",
              "text": "Did the resident have altered level of consiousness as indicated by any of the following criteria: (1) Vigilant - startles easily to any sound or touch, (2) Lethargic - repeatedly dozed off when being asked questions, but responded to voice or touch, (3) Stuporous - very difficult to arouse and keep aroused for the interview, (4) Comatose - could not be aroused",
              "answer": [
                {
                  "valueReference": {
                    "reference": "Observation/Assessment-2-Last3DSNFStay-Observation-10"
                  }
                }
              ]
            }
          ]
        }
      ]
    }
  ]
}