{
  "resourceType": "QuestionnaireResponse",
  "id": "QResponse-Hospital-MMSE-2",
  "meta": {
    "profile": [
      "http://paciowg.github.io/cognitive-status-ig/StructureDefinition/pacio-cognition-qr"
    ]
  },
  "text": {
    "status": "generated",
    "div": "<div xmlns=\"http://www.w3.org/1999/xhtml\"><p><b>Generated Narrative</b></p><p><b>questionnaire</b>: <a href=\"https://api.logicahealth.org/PACIO/open/Questionnaire/MDS3.0-NC-1.17\">https://api.logicahealth.org/PACIO/open/Questionnaire/MDS3.0-NC-1.17</a></p><p><b>status</b>: completed</p><p><b>subject</b>: <a href=\"Patient-patientBSJ1.html\">Generated Summary: Betsy Smith-Johnson</a></p><p><b>authored</b>: Jul 10, 2020, 10:16:00 AM</p><blockquote><p><b>item</b></p><h3>Ids</h3><table class=\"grid\"><tr><td>-</td></tr><tr><td>*</td></tr></table><p><b>linkId</b>: MMSE</p><p><b>text</b>: Mini-Mental State Examination [MMSE]</p><blockquote><p><b>item</b></p><h3>Ids</h3><table class=\"grid\"><tr><td>-</td></tr><tr><td>*</td></tr></table><p><b>linkId</b>: MMSE/ToTalScore</p><p><b>text</b>: Total score [MMSE]</p><h3>Answers</h3><table class=\"grid\"><tr><td>-</td></tr><tr><td>*</td></tr></table></blockquote></blockquote></div>"
  },
  "questionnaire": "https://api.logicahealth.org/PACIO/open/Questionnaire/MDS3.0-NC-1.17",
  "status": "completed",
  "subject": {
    "reference": "Patient/patientBSJ1"
  },
  "authored": "2020-07-10T12:16:00-05:00",
  "item": [
    {
      "id": "72107-6",
      "linkId": "MMSE",
      "text": "Mini-Mental State Examination [MMSE]",
      "item": [
        {
          "id": "72106-8",
          "linkId": "MMSE/ToTalScore",
          "text": "Total score [MMSE]",
          "answer": [
            {
              "valueReference": {
                "reference": "Observation/CSC-Hospital-MMSE-2-Ob-Question-32"
              }
            }
          ]
        }
      ]
    }
  ]
}