{
  "resourceType": "QuestionnaireResponse",
  "id": "QResponse-Hospital-MOCA-2",
  "meta": {
    "profile": [
      "http://hl7.org/fhir/us/pacio-cs/StructureDefinition/pacio-cognition-qr"
    ]
  },
  "text": {
    "status": "generated",
    "div": "<div xmlns=\"http://www.w3.org/1999/xhtml\"><p><b>Generated Narrative</b></p><h3>Ids</h3><table class=\"grid\"><tr><td>-</td></tr><tr><td>*</td></tr></table><h3>Meta</h3><table class=\"grid\"><tr><td>-</td></tr><tr><td>*</td></tr></table><p><b>questionnaire</b>: <a href=\"https://api.logicahealth.org/PACIO/open/Questionnaire/MDS3.0-NC-1.17\">https://api.logicahealth.org/PACIO/open/Questionnaire/MDS3.0-NC-1.17</a></p><p><b>status</b>: completed</p><p><b>subject</b>: <a href=\"Patient-patientBSJ1.html\">Generated Summary: Betsy Smith-Johnson </a></p><p><b>authored</b>: Jul 10, 2020 10:16:00 AM</p><blockquote><p><b>item</b></p><h3>Ids</h3><table class=\"grid\"><tr><td>-</td></tr><tr><td>*</td></tr></table><p><b>linkId</b>: MoCA</p><p><b>text</b>: Montreal Cognitive Assessment [MoCA]</p><blockquote><p><b>item</b></p><h3>Ids</h3><table class=\"grid\"><tr><td>-</td></tr><tr><td>*</td></tr></table><p><b>linkId</b>: MoCA/TotalScore</p><p><b>text</b>: Total score [MoCA]</p><h3>Answers</h3><table class=\"grid\"><tr><td>-</td></tr><tr><td>*</td></tr></table></blockquote></blockquote></div>"
  },
  "questionnaire": "https://api.logicahealth.org/PACIO/open/Questionnaire/MDS3.0-NC-1.17",
  "status": "completed",
  "subject": {
    "reference": "Patient/patientBSJ1"
  },
  "authored": "2020-07-10T12:16:00-05:00",
  "item": [
    {
      "id": "72133-2",
      "linkId": "MoCA",
      "text": "Montreal Cognitive Assessment [MoCA]",
      "item": [
        {
          "id": "72172-0",
          "linkId": "MoCA/TotalScore",
          "text": "Total score [MoCA]",
          "answer": [
            {
              "valueReference": {
                "reference": "Observation/BCS-Hospital-MOCA-2"
              }
            }
          ]
        }
      ]
    }
  ]
}