{
  "resourceType": "ValueSet",
  "id": "shr-core-GradedPortionVS",
  "text": {
    "status": "generated",
    "div": "<div xmlns=\"http://www.w3.org/1999/xhtml\">\n<p><b>GradedPortionVS ValueSet</b></p>\n<p>Answers to 'how much of' questions, such as 'how much of the time do/did you...' A 5-value qualitative scale, equivalent to LL2095-9, LL1017-4</p>\n</div>"
  },
  "url": "http://hl7.org/fhir/us/PACIO-cognitive-status/shr/core/vs/GradedPortionVS",
  "version": "0.1.0",
  "name": "GradedPortionVS",
  "title": "Graded Portion VS",
  "status": "draft",
  "date": "2019-12-20T00:00:00+00:00",
  "publisher": "HL7 Patient Care WG and Community-Based Care and Privacy WG",
  "contact": [
    {
      "telecom": [
        {
          "system": "url",
          "value": "http://www.hl7.org/Special/committees/patientcare/"
        },
        {
          "system": "url",
          "value": "http://www.hl7.org/Special/committees/homehealth/"
        }
      ]
    }
  ],
  "description": "Answers to 'how much of' questions, such as 'how much of the time do/did you...' A 5-value qualitative scale, equivalent to LL2095-9, LL1017-4",
  "compose": {
    "include": [
      {
        "system": "http://snomed.info/sct",
        "concept": [
          {
            "code": "260413007",
            "display": "None"
          },
          {
            "code": "255507004",
            "display": "Small (amount)"
          },
          {
            "code": "27768009",
            "display": "Some"
          },
          {
            "code": "4757001",
            "display": "Most"
          },
          {
            "code": "255503000",
            "display": "Entire"
          },
          {
            "code": "42425007",
            "display": "Equivocal. Equivocal represents a borderline value, too close to call; for example, a value very close to a cut-off between positive and negative."
          },
          {
            "code": "82334004",
            "display": "Indeterminate. Indeterminate means the results were uninterpretable, or cannot be determined; technical issues prevented obtaining a valid result."
          }
        ]
      }
    ]
  }
}