{
  "resourceType": "ValueSet",
  "id": "shr-core-YesNoVS",
  "text": {
    "status": "generated",
    "div": "<div xmlns=\"http://www.w3.org/1999/xhtml\">\n<p><b>YesNoVS ValueSet</b></p>\n<p>Value set indicating yes or no (values drawn from Snomed CT), equivalent to LL361-7.</p>\n</div>"
  },
  "url": "http://hl7.org/fhir/us/PACIO-cognitive-status/ValueSet/shr-core-YesNoVS",
  "version": "0.1.0",
  "name": "YesNoVS",
  "title": "Yes No VS",
  "status": "draft",
  "date": "2019-12-04T00:00:00+00:00",
  "publisher": "HL7 Patient Care WG and Community-Based Care and Privacy WG",
  "contact": [
    {
      "telecom": [
        {
          "system": "url",
          "value": "http://www.hl7.org/Special/committees/patientcare/"
        },
        {
          "system": "url",
          "value": "http://www.hl7.org/Special/committees/homehealth/"
        }
      ]
    }
  ],
  "description": "Value set indicating yes or no (values drawn from Snomed CT), equivalent to LL361-7.",
  "compose": {
    "include": [
      {
        "system": "http://snomed.info/sct",
        "concept": [
          {
            "code": "373066001",
            "display": "Yes"
          },
          {
            "code": "373067005",
            "display": "No"
          }
        ]
      }
    ]
  }
}